Date,Open,High,Low,Close,Adj Close,Volume,ticker
2000-04-17,15.8125,15.8125,13.875,14.75,14.75,463000,EXEL
2000-04-18,15.6875,15.875,14.0,14.625,14.625,554000,EXEL
2000-04-19,14.9375,15.5625,14.875,15.5,15.5,203100,EXEL
2000-04-20,15.875,18.6875,15.875,18.25,18.25,489600,EXEL
2000-04-24,17.8125,18.75,17.625,18.25,18.25,227200,EXEL
2000-04-25,18.625,18.75,17.6875,17.875,17.875,325900,EXEL
2000-04-26,18.75,18.75,17.5,17.8125,17.8125,304000,EXEL
2000-04-27,17.3125,18.75,17.125,18.0,18.0,309500,EXEL
2000-04-28,19.125,19.5,18.375,19.0625,19.0625,211900,EXEL
2000-05-01,19.28125,24.625,19.0625,24.5,24.5,578400,EXEL
2000-05-02,24.625,30.875,24.5,26.875,26.875,680800,EXEL
2000-05-03,27.5,28.5,27.125,27.9375,27.9375,967000,EXEL
2000-05-04,28.125,29.375,28.125,28.125,28.125,242900,EXEL
2000-05-05,28.375,28.625,28.0,28.125,28.125,171300,EXEL
2000-05-08,27.75,27.875,26.5,26.5,26.5,206600,EXEL
2000-05-09,27.125,28.25,26.5,26.5625,26.5625,273500,EXEL
2000-05-10,26.0,26.0625,21.5,23.125,23.125,302700,EXEL
2000-05-11,23.375,23.5,21.5,22.3125,22.3125,177700,EXEL
2000-05-12,22.0,22.0,20.25,21.0,21.0,230800,EXEL
2000-05-15,21.125,21.125,20.25,21.0,21.0,77100,EXEL
2000-05-16,20.25,21.5,20.25,21.5,21.5,210900,EXEL
2000-05-17,21.375,21.375,20.75,21.125,21.125,170400,EXEL
2000-05-18,20.8125,21.0625,20.375,20.375,20.375,111600,EXEL
2000-05-19,20.125,23.375,20.125,22.625,22.625,225300,EXEL
2000-05-22,22.25,22.5,16.375,18.25,18.25,371900,EXEL
2000-05-23,18.0,19.0,16.75,17.375,17.375,194400,EXEL
2000-05-24,17.484375,18.0,17.0,17.6875,17.6875,230100,EXEL
2000-05-25,17.625,18.0,17.4375,17.625,17.625,221000,EXEL
2000-05-26,18.125,18.375,17.625,18.0,18.0,85500,EXEL
2000-05-30,18.125,18.75,18.0,18.5625,18.5625,152900,EXEL
2000-05-31,18.625,24.25,18.25,24.25,24.25,421000,EXEL
2000-06-01,24.25,24.25,20.0,21.5,21.5,218800,EXEL
2000-06-02,21.5,24.0,21.125,22.5,22.5,142700,EXEL
2000-06-05,22.75,30.0,22.6875,29.0625,29.0625,353200,EXEL
2000-06-06,27.625,33.75,27.5625,29.3125,29.3125,192000,EXEL
2000-06-07,29.375,31.25,28.625,30.9375,30.9375,429400,EXEL
2000-06-08,30.90625,31.5,26.75,29.0,29.0,166400,EXEL
2000-06-09,29.25,30.3125,28.75,30.0625,30.0625,308300,EXEL
2000-06-12,31.125,31.1875,30.0,30.9375,30.9375,266600,EXEL
2000-06-13,30.625,30.625,28.5,29.9375,29.9375,195300,EXEL
2000-06-14,29.375,30.4375,29.0,29.75,29.75,213700,EXEL
2000-06-15,29.75,29.875,28.625,29.1875,29.1875,64500,EXEL
2000-06-16,28.5,28.75,27.0,28.3125,28.3125,30100,EXEL
2000-06-19,28.0,29.5,28.0,28.8125,28.8125,166300,EXEL
2000-06-20,29.875,29.9375,28.0,28.9375,28.9375,167700,EXEL
2000-06-21,28.625,32.0,28.625,32.0,32.0,520500,EXEL
2000-06-22,31.625,35.609375,31.0,32.5,32.5,220400,EXEL
2000-06-23,32.6875,32.6875,29.625,29.625,29.625,79500,EXEL
2000-06-26,30.0,30.0,29.375,29.5625,29.5625,57600,EXEL
2000-06-27,29.375,30.0,29.25,29.875,29.875,41200,EXEL
2000-06-28,29.875,34.5,29.625,33.9375,33.9375,193000,EXEL
2000-06-29,35.0,36.5,34.0,35.25,35.25,198200,EXEL
2000-06-30,35.625,39.8125,32.75,33.375,33.375,484300,EXEL
2000-07-03,33.8125,34.0,31.75,33.0,33.0,52300,EXEL
2000-07-05,33.5,38.375,32.125,34.0,34.0,159200,EXEL
2000-07-06,35.375,39.0,34.015625,37.4375,37.4375,76400,EXEL
2000-07-07,38.125,40.5625,36.125,37.9375,37.9375,189900,EXEL
2000-07-10,39.25,41.0,37.375,39.0,39.0,175800,EXEL
2000-07-11,38.0625,42.625,38.03125,41.125,41.125,219300,EXEL
2000-07-12,42.984375,46.75,42.0,44.5,44.5,325800,EXEL
2000-07-13,46.3125,50.5,43.5,44.1875,44.1875,199600,EXEL
2000-07-14,45.125,45.125,37.625,40.5,40.5,141700,EXEL
2000-07-17,41.28125,42.0,38.5,41.5,41.5,88300,EXEL
2000-07-18,41.5,43.3125,39.125,41.625,41.625,77600,EXEL
2000-07-19,40.0625,42.125,40.0,41.1875,41.1875,24900,EXEL
2000-07-20,40.5625,42.75,40.5,42.0,42.0,34700,EXEL
2000-07-21,42.375,42.375,41.0625,41.5,41.5,29900,EXEL
2000-07-24,42.9375,48.25,42.875,47.0,47.0,120400,EXEL
2000-07-25,46.9375,48.5,45.625,47.625,47.625,89600,EXEL
2000-07-26,48.5,50.0,47.5,49.25,49.25,145000,EXEL
2000-07-27,49.34375,49.375,45.0,46.375,46.375,101200,EXEL
2000-07-28,47.0,47.484375,41.0,42.125,42.125,115400,EXEL
2000-07-31,42.0,42.0,34.375,38.9375,38.9375,95200,EXEL
2000-08-01,39.21875,40.5,38.375,40.0,40.0,110500,EXEL
2000-08-02,39.375,42.5,39.375,42.25,42.25,87400,EXEL
2000-08-03,42.0,42.75,40.5,42.6875,42.6875,44900,EXEL
2000-08-04,43.0,47.5,42.5,45.9375,45.9375,129400,EXEL
2000-08-07,47.03125,47.0625,44.0,44.9375,44.9375,92800,EXEL
2000-08-08,45.0,46.0,44.125,44.125,44.125,44900,EXEL
2000-08-09,42.0,42.6875,37.75,41.75,41.75,56400,EXEL
2000-08-10,42.0,42.0,37.875,38.25,38.25,125900,EXEL
2000-08-11,38.5,41.0,38.25,40.625,40.625,67600,EXEL
2000-08-14,40.0625,40.0625,37.625,39.5,39.5,27600,EXEL
2000-08-15,39.8125,39.9375,39.0,39.0,39.0,34700,EXEL
2000-08-16,39.5625,39.5625,38.6875,39.5,39.5,53000,EXEL
2000-08-17,39.5,42.5,39.25,42.375,42.375,37600,EXEL
2000-08-18,42.0,44.0,42.0,43.0625,43.0625,22800,EXEL
2000-08-21,44.34375,45.5,42.6875,45.0,45.0,42200,EXEL
2000-08-22,44.375,45.9375,44.375,45.75,45.75,25400,EXEL
2000-08-23,45.875,45.9375,41.25,41.375,41.375,298800,EXEL
2000-08-24,42.125,43.125,41.375,41.5,41.5,65100,EXEL
2000-08-25,41.34375,43.0,41.3125,42.0625,42.0625,157100,EXEL
2000-08-28,42.5,45.125,42.5,44.0,44.0,31300,EXEL
2000-08-29,45.0,45.5,44.0,45.125,45.125,82200,EXEL
2000-08-30,45.15625,45.375,44.9375,45.0,45.0,56600,EXEL
2000-08-31,45.0,45.125,44.875,45.0,45.0,134200,EXEL
2000-09-01,45.0,45.9375,44.875,45.875,45.875,214700,EXEL
2000-09-05,45.84375,47.75,45.75,46.0,46.0,147100,EXEL
2000-09-06,45.875,45.9375,43.0,44.25,44.25,271300,EXEL
2000-09-07,43.90625,46.0,43.578125,45.8125,45.8125,48400,EXEL
2000-09-08,45.0,45.0,43.5,44.0,44.0,114700,EXEL
2000-09-11,44.0,44.0,42.0,42.25,42.25,236300,EXEL
2000-09-12,42.125,42.125,38.265625,39.0625,39.0625,64700,EXEL
2000-09-13,39.0,39.0,33.75,34.875,34.875,217900,EXEL
2000-09-14,35.5,35.625,34.0,35.0,35.0,128300,EXEL
2000-09-15,35.625,38.0,34.875,35.75,35.75,191600,EXEL
2000-09-18,39.90625,39.9375,32.5625,33.5,33.5,192000,EXEL
2000-09-19,34.21875,34.5,33.0,33.625,33.625,113300,EXEL
2000-09-20,33.21875,33.625,32.75,33.3125,33.3125,107100,EXEL
2000-09-21,33.5,33.75,31.5,31.5,31.5,93100,EXEL
2000-09-22,31.4375,33.25,30.875,31.9375,31.9375,120600,EXEL
2000-09-25,33.9375,35.875,33.25,34.9375,34.9375,202700,EXEL
2000-09-26,35.5,36.375,33.875,35.09375,35.09375,141300,EXEL
2000-09-27,34.84375,35.625,33.5,33.75,33.75,109200,EXEL
2000-09-28,33.5,33.6875,31.75,31.75,31.75,149900,EXEL
2000-09-29,32.375,33.625,30.6875,31.375,31.375,336400,EXEL
2000-10-02,31.125,33.25,30.125,32.9375,32.9375,151500,EXEL
2000-10-03,32.4375,34.125,31.25,32.125,32.125,85500,EXEL
2000-10-04,31.265625,31.734375,26.25,28.625,28.625,380500,EXEL
2000-10-05,29.0,29.0,27.9375,27.9375,27.9375,299600,EXEL
2000-10-06,27.0,27.0625,22.25,22.625,22.625,327400,EXEL
2000-10-09,20.9375,21.8125,17.5,21.375,21.375,1102500,EXEL
2000-10-10,21.4375,23.125,20.3125,22.625,22.625,2537300,EXEL
2000-10-11,22.25,22.25,20.75,21.25,21.25,632900,EXEL
2000-10-12,20.765625,21.875,20.25,20.25,20.25,218700,EXEL
2000-10-13,20.125,20.375,19.875,20.125,20.125,291800,EXEL
2000-10-16,20.875,23.625,20.75,23.125,23.125,1041100,EXEL
2000-10-17,23.34375,23.9375,23.0,23.5,23.5,334100,EXEL
2000-10-18,23.0,25.25,21.0,24.875,24.875,597000,EXEL
2000-10-19,25.3125,25.625,24.9375,25.0625,25.0625,513600,EXEL
2000-10-20,25.3125,25.3125,24.875,24.9375,24.9375,254300,EXEL
2000-10-23,25.0625,26.25,25.0,25.9375,25.9375,753400,EXEL
2000-10-24,26.0625,26.375,24.5,25.4375,25.4375,96000,EXEL
2000-10-25,25.5,26.0,22.0,23.125,23.125,98600,EXEL
2000-10-26,23.25,23.375,20.5625,22.5,22.5,183100,EXEL
2000-10-27,22.375,23.375,21.875,22.4375,22.4375,47600,EXEL
2000-10-30,21.5625,22.625,20.875,22.625,22.625,176200,EXEL
2000-10-31,22.6875,23.0625,21.875,22.0625,22.0625,268000,EXEL
2000-11-01,22.1875,23.5,22.0625,23.0,23.0,261000,EXEL
2000-11-02,23.25,25.3125,23.25,25.0,25.0,400200,EXEL
2000-11-03,25.53125,27.25,25.5,26.5625,26.5625,1793200,EXEL
2000-11-06,27.28125,27.375,26.375,26.5,26.5,426000,EXEL
2000-11-07,26.5,26.5,25.75,25.8125,25.8125,171100,EXEL
2000-11-08,25.875,26.125,25.3125,25.375,25.375,330400,EXEL
2000-11-09,25.5,25.6875,23.140625,24.8125,24.8125,104000,EXEL
2000-11-10,24.984375,25.0,23.875,23.875,23.875,68800,EXEL
2000-11-13,23.78125,23.78125,21.1875,23.0,23.0,274300,EXEL
2000-11-14,23.125,24.125,22.5,23.0625,23.0625,1380600,EXEL
2000-11-15,22.4375,23.1875,22.375,23.0,23.0,259400,EXEL
2000-11-16,23.109375,23.3125,22.875,23.0625,23.0625,274500,EXEL
2000-11-17,22.828125,23.0,22.4375,22.4375,22.4375,273700,EXEL
2000-11-20,22.375,22.375,20.8125,20.875,20.875,170000,EXEL
2000-11-21,21.0,21.0625,20.5,20.875,20.875,254400,EXEL
2000-11-22,20.640625,20.75,19.75,19.875,19.875,281600,EXEL
2000-11-24,20.375,20.375,19.625,20.0,20.0,97400,EXEL
2000-11-27,21.0,21.25,20.0,20.5,20.5,237400,EXEL
2000-11-28,20.5625,20.5625,19.5,19.9375,19.9375,498900,EXEL
2000-11-29,19.953125,19.953125,17.4375,17.4375,17.4375,119400,EXEL
2000-11-30,17.390625,17.625,12.75,14.5,14.5,540800,EXEL
2000-12-01,14.640625,18.0,14.640625,17.515625,17.515625,502200,EXEL
2000-12-04,17.375,18.125,15.25,18.0,18.0,320400,EXEL
2000-12-05,17.9375,20.25,17.75,18.8125,18.8125,218200,EXEL
2000-12-06,19.9375,20.0,18.375,19.0,19.0,107900,EXEL
2000-12-07,18.5,18.75,17.6875,17.875,17.875,71700,EXEL
2000-12-08,18.234375,19.25,17.875,18.875,18.875,131500,EXEL
2000-12-11,18.921875,18.9375,17.375,17.5625,17.5625,156200,EXEL
2000-12-12,18.1875,18.1875,17.25,17.3125,17.3125,147000,EXEL
2000-12-13,18.25,18.375,17.0,17.4375,17.4375,140600,EXEL
2000-12-14,17.0,17.1875,15.75,15.75,15.75,63400,EXEL
2000-12-15,16.0,16.25,14.875,15.875,15.875,264900,EXEL
2000-12-18,16.015625,16.875,16.0,16.25,16.25,90800,EXEL
2000-12-19,16.25,16.875,15.75,15.75,15.75,56500,EXEL
2000-12-20,15.3125,15.3125,11.0,12.25,12.25,795600,EXEL
2000-12-21,12.1875,14.171875,11.5,11.5625,11.5625,242800,EXEL
2000-12-22,11.75,13.375,11.5625,12.625,12.625,181000,EXEL
2000-12-26,12.34375,12.75,11.875,12.625,12.625,81600,EXEL
2000-12-27,12.25,13.4375,12.15625,13.25,13.25,176900,EXEL
2000-12-28,13.3125,14.5,13.0,14.375,14.375,162600,EXEL
2000-12-29,14.8125,15.5,14.5,14.625,14.625,187900,EXEL
2001-01-02,14.984375,15.125,12.0625,12.6875,12.6875,171100,EXEL
2001-01-03,12.625,15.0,12.625,14.8125,14.8125,195200,EXEL
2001-01-04,14.734375,14.75,13.75,13.75,13.75,79500,EXEL
2001-01-05,13.765625,13.9375,10.4375,11.0,11.0,345800,EXEL
2001-01-08,11.1875,11.1875,8.3125,9.0,9.0,316500,EXEL
2001-01-09,9.4375,10.125,8.75,9.125,9.125,492600,EXEL
2001-01-10,8.875,9.125,8.1875,8.5625,8.5625,880600,EXEL
2001-01-11,8.5,8.875,8.375,8.5625,8.5625,776500,EXEL
2001-01-12,8.9375,9.75,8.75,9.0,9.0,852700,EXEL
2001-01-16,9.4375,9.5625,8.875,9.125,9.125,1626300,EXEL
2001-01-17,9.625,11.5,9.5625,11.125,11.125,986800,EXEL
2001-01-18,11.25,11.625,10.625,11.625,11.625,894600,EXEL
2001-01-19,12.0,12.1875,10.75,11.0,11.0,440400,EXEL
2001-01-22,11.171875,11.3125,10.375,11.0,11.0,317900,EXEL
2001-01-23,11.125,12.125,10.875,12.03125,12.03125,275800,EXEL
2001-01-24,12.5625,14.0625,12.25,13.25,13.25,622900,EXEL
2001-01-25,13.6875,13.6875,11.6875,12.0625,12.0625,267800,EXEL
2001-01-26,12.125,13.9375,12.0,13.25,13.25,365400,EXEL
2001-01-29,13.71875,16.125,13.625,15.875,15.875,738900,EXEL
2001-01-30,16.25,16.25,15.1875,15.5,15.5,342500,EXEL
2001-01-31,15.6875,15.75,14.5,15.5,15.5,365500,EXEL
2001-02-01,15.3125,15.5625,14.25,14.625,14.625,288600,EXEL
2001-02-02,14.671875,15.0625,14.5625,14.75,14.75,402900,EXEL
2001-02-05,14.875,14.9375,13.75,14.375,14.375,259700,EXEL
2001-02-06,14.3125,14.8125,14.125,14.8125,14.8125,466600,EXEL
2001-02-07,14.6875,14.796875,13.875,14.25,14.25,202300,EXEL
2001-02-08,14.296875,14.3125,13.6875,14.0,14.0,751000,EXEL
2001-02-09,14.0625,14.0625,13.375,13.6875,13.6875,311200,EXEL
2001-02-12,13.625,13.75,13.0,13.125,13.125,360000,EXEL
2001-02-13,13.375,13.5625,12.9375,13.0625,13.0625,249400,EXEL
2001-02-14,13.0,13.5625,11.625,11.9375,11.9375,261800,EXEL
2001-02-15,13.0625,13.125,11.5,11.625,11.625,155800,EXEL
2001-02-16,11.6875,11.6875,10.0,10.921875,10.921875,260700,EXEL
2001-02-20,10.9375,11.375,9.9375,10.3125,10.3125,152200,EXEL
2001-02-21,9.75,10.625,9.6875,9.71875,9.71875,273200,EXEL
2001-02-22,9.9375,10.25,8.75,9.125,9.125,256000,EXEL
2001-02-23,9.25,10.625,8.890625,10.3125,10.3125,173400,EXEL
2001-02-26,10.1875,11.875,9.75,11.0625,11.0625,232500,EXEL
2001-02-27,11.0,11.25,10.5625,10.5625,10.5625,185500,EXEL
2001-02-28,10.703125,11.0,10.0625,10.75,10.75,79100,EXEL
2001-03-01,10.25,10.5,9.75,9.875,9.875,131800,EXEL
2001-03-02,10.0,10.109375,9.125,9.5,9.5,246400,EXEL
2001-03-05,9.75,10.4375,9.625,10.1875,10.1875,290900,EXEL
2001-03-06,10.421875,10.75,10.375,10.375,10.375,44300,EXEL
2001-03-07,10.25,10.3125,9.875,9.875,9.875,44700,EXEL
2001-03-08,10.0,10.0625,9.5,9.75,9.75,67600,EXEL
2001-03-09,9.875,10.046875,9.625,9.75,9.75,43500,EXEL
2001-03-12,9.875,9.953125,8.75,8.75,8.75,147100,EXEL
2001-03-13,8.75,9.25,8.3125,9.125,9.125,269400,EXEL
2001-03-14,8.6875,9.125,8.6875,8.875,8.875,87800,EXEL
2001-03-15,9.234375,9.5,9.0,9.0625,9.0625,51200,EXEL
2001-03-16,9.5,9.5,8.875,8.96875,8.96875,100500,EXEL
2001-03-19,9.484375,9.5,9.0,9.5,9.5,86400,EXEL
2001-03-20,9.25,9.5,9.125,9.4375,9.4375,60100,EXEL
2001-03-21,9.484375,9.5,8.375,8.375,8.375,211400,EXEL
2001-03-22,8.5,8.625,6.0,8.0,8.0,352500,EXEL
2001-03-23,8.75,8.875,8.3125,8.625,8.625,283300,EXEL
2001-03-26,8.625,8.71875,7.0,8.0625,8.0625,617200,EXEL
2001-03-27,7.765625,9.5,7.765625,9.4375,9.4375,210000,EXEL
2001-03-28,9.375,9.375,8.6875,8.875,8.875,186700,EXEL
2001-03-29,8.796875,8.8125,8.375,8.546875,8.546875,378400,EXEL
2001-03-30,8.5625,8.75,7.875,8.6875,8.6875,348500,EXEL
2001-04-02,8.1875,8.5625,8.03125,8.125,8.125,43700,EXEL
2001-04-03,8.015625,8.25,7.75,8.25,8.25,96600,EXEL
2001-04-04,8.21875,8.25,7.25,8.0,8.0,185400,EXEL
2001-04-05,8.40625,8.625,8.28125,8.5,8.5,259500,EXEL
2001-04-06,7.75,8.4375,7.625,8.3125,8.3125,73800,EXEL
2001-04-09,7.920000076293945,8.649999618530273,7.920000076293945,8.260000228881836,8.260000228881836,81900,EXEL
2001-04-10,8.6899995803833,9.300000190734863,8.300000190734863,9.25,9.25,159400,EXEL
2001-04-11,9.380000114440918,9.800000190734863,9.260000228881836,9.609999656677246,9.609999656677246,169000,EXEL
2001-04-12,9.0600004196167,9.989999771118164,9.0600004196167,9.630000114440918,9.630000114440918,160400,EXEL
2001-04-16,10.25,11.300000190734863,10.010000228881836,10.550000190734863,10.550000190734863,355400,EXEL
2001-04-17,10.3100004196167,10.399999618530273,9.550000190734863,9.75,9.75,216600,EXEL
2001-04-18,10.050000190734863,11.770000457763672,10.0,11.720000267028809,11.720000267028809,739600,EXEL
2001-04-19,11.829999923706055,12.180000305175781,11.220000267028809,12.069999694824219,12.069999694824219,281200,EXEL
2001-04-20,12.0,12.149999618530273,11.5,11.979999542236328,11.979999542236328,173100,EXEL
2001-04-23,12.119999885559082,12.5,11.399999618530273,11.550000190734863,11.550000190734863,192500,EXEL
2001-04-24,11.489999771118164,11.5600004196167,11.199999809265137,11.399999618530273,11.399999618530273,100800,EXEL
2001-04-25,11.3100004196167,12.199999809265137,11.3100004196167,12.079999923706055,12.079999923706055,133100,EXEL
2001-04-26,12.270000457763672,12.399999618530273,11.65999984741211,12.079999923706055,12.079999923706055,86600,EXEL
2001-04-27,12.130000114440918,12.199999809265137,11.930000305175781,12.149999618530273,12.149999618530273,153500,EXEL
2001-04-30,12.199999809265137,13.899999618530273,12.0,13.699999809265137,13.699999809265137,876700,EXEL
2001-05-01,13.5600004196167,13.5600004196167,12.0,13.029999732971191,13.029999732971191,381400,EXEL
2001-05-02,13.199999809265137,14.449999809265137,13.130000114440918,14.25,14.25,409900,EXEL
2001-05-03,13.9399995803833,14.149999618530273,13.649999618530273,13.649999618530273,13.649999618530273,263900,EXEL
2001-05-04,13.460000038146973,14.399999618530273,12.75,14.399999618530273,14.399999618530273,191400,EXEL
2001-05-07,14.300000190734863,14.800000190734863,14.0,14.25,14.25,98900,EXEL
2001-05-08,14.25,14.850000381469727,14.050000190734863,14.779999732971191,14.779999732971191,84800,EXEL
2001-05-09,14.199999809265137,14.989999771118164,14.199999809265137,14.970000267028809,14.970000267028809,79100,EXEL
2001-05-10,14.970000267028809,15.199999809265137,14.850000381469727,14.9399995803833,14.9399995803833,126200,EXEL
2001-05-11,14.859999656677246,15.970000267028809,14.850000381469727,15.970000267028809,15.970000267028809,114700,EXEL
2001-05-14,15.199999809265137,15.5,14.609999656677246,14.800000190734863,14.800000190734863,124500,EXEL
2001-05-15,14.859999656677246,14.859999656677246,14.0,14.800000190734863,14.800000190734863,117200,EXEL
2001-05-16,14.600000381469727,14.829999923706055,14.100000381469727,14.550000190734863,14.550000190734863,121400,EXEL
2001-05-17,14.710000038146973,16.31999969482422,14.5600004196167,16.299999237060547,16.299999237060547,287400,EXEL
2001-05-18,16.389999389648438,17.0,15.899999618530273,16.100000381469727,16.100000381469727,569700,EXEL
2001-05-21,16.420000076293945,16.850000381469727,15.920000076293945,16.100000381469727,16.100000381469727,330100,EXEL
2001-05-22,16.270000457763672,16.270000457763672,15.850000381469727,15.9399995803833,15.9399995803833,169500,EXEL
2001-05-23,16.049999237060547,16.079999923706055,15.449999809265137,15.5,15.5,257900,EXEL
2001-05-24,15.510000228881836,16.0,15.25,15.600000381469727,15.600000381469727,216000,EXEL
2001-05-25,15.649999618530273,16.149999618530273,15.5,16.0,16.0,477800,EXEL
2001-05-29,16.399999618530273,16.5,15.5,15.789999961853027,15.789999961853027,339000,EXEL
2001-05-30,15.680000305175781,15.779999732971191,15.0,15.359999656677246,15.359999656677246,189600,EXEL
2001-05-31,15.149999618530273,15.609999656677246,14.960000038146973,15.170000076293945,15.170000076293945,118300,EXEL
2001-06-01,15.210000038146973,15.369999885559082,14.960000038146973,15.0,15.0,118900,EXEL
2001-06-04,15.25,15.479999542236328,14.850000381469727,15.40999984741211,15.40999984741211,199700,EXEL
2001-06-05,15.34000015258789,15.4399995803833,14.489999771118164,15.029999732971191,15.029999732971191,377700,EXEL
2001-06-06,17.239999771118164,18.0,16.25,17.15999984741211,17.15999984741211,3396100,EXEL
2001-06-07,17.040000915527344,17.059999465942383,16.049999237060547,17.020000457763672,17.020000457763672,688900,EXEL
2001-06-08,16.8799991607666,17.489999771118164,16.450000762939453,17.040000915527344,17.040000915527344,363600,EXEL
2001-06-11,17.100000381469727,17.75,16.969999313354492,17.329999923706055,17.329999923706055,252400,EXEL
2001-06-12,16.829999923706055,17.200000762939453,15.699999809265137,16.899999618530273,16.899999618530273,556200,EXEL
2001-06-13,16.579999923706055,17.049999237060547,16.5,17.0,17.0,288700,EXEL
2001-06-14,16.93000030517578,17.020000457763672,16.670000076293945,16.989999771118164,16.989999771118164,268700,EXEL
2001-06-15,16.68000030517578,17.079999923706055,16.25,16.979999542236328,16.979999542236328,349400,EXEL
2001-06-18,16.950000762939453,17.0,16.0,16.010000228881836,16.010000228881836,511500,EXEL
2001-06-19,16.149999618530273,16.25,15.850000381469727,16.049999237060547,16.049999237060547,285900,EXEL
2001-06-20,16.049999237060547,16.5,15.859999656677246,16.209999084472656,16.209999084472656,192200,EXEL
2001-06-21,16.520000457763672,16.549999237060547,15.75,16.5,16.5,209800,EXEL
2001-06-22,16.450000762939453,16.450000762939453,15.260000228881836,15.59000015258789,15.59000015258789,229300,EXEL
2001-06-25,15.079999923706055,16.90999984741211,15.020000457763672,16.6299991607666,16.6299991607666,248800,EXEL
2001-06-26,16.450000762939453,16.700000762939453,16.260000228881836,16.3700008392334,16.3700008392334,165700,EXEL
2001-06-27,16.200000762939453,16.479999542236328,15.550000190734863,16.360000610351562,16.360000610351562,186200,EXEL
2001-06-28,16.40999984741211,17.149999618530273,16.31999969482422,16.90999984741211,16.90999984741211,177500,EXEL
2001-06-29,16.809999465942383,19.0,16.200000762939453,18.969999313354492,18.969999313354492,804000,EXEL
2001-07-02,17.190000534057617,17.700000762939453,16.65999984741211,16.709999084472656,16.709999084472656,171000,EXEL
2001-07-03,16.559999465942383,17.600000381469727,16.360000610351562,17.110000610351562,17.110000610351562,129700,EXEL
2001-07-05,17.030000686645508,17.290000915527344,16.670000076293945,17.049999237060547,17.049999237060547,86800,EXEL
2001-07-06,17.020000457763672,17.030000686645508,16.100000381469727,16.170000076293945,16.170000076293945,142400,EXEL
2001-07-09,16.149999618530273,16.959999084472656,16.010000228881836,16.959999084472656,16.959999084472656,198700,EXEL
2001-07-10,16.920000076293945,17.1200008392334,15.899999618530273,16.110000610351562,16.110000610351562,81800,EXEL
2001-07-11,16.0,16.100000381469727,15.359999656677246,15.510000228881836,15.510000228881836,121600,EXEL
2001-07-12,15.510000228881836,16.06999969482422,15.319999694824219,16.0,16.0,95200,EXEL
2001-07-13,15.579999923706055,16.260000228881836,15.579999923706055,16.059999465942383,16.059999465942383,103300,EXEL
2001-07-16,16.149999618530273,16.600000381469727,16.0,16.389999389648438,16.389999389648438,138700,EXEL
2001-07-17,16.510000228881836,16.850000381469727,16.5,16.690000534057617,16.690000534057617,264600,EXEL
2001-07-18,17.899999618530273,19.020000457763672,17.889999389648438,18.56999969482422,18.56999969482422,1152600,EXEL
2001-07-19,18.600000381469727,18.75,18.010000228881836,18.1200008392334,18.1200008392334,479600,EXEL
2001-07-20,18.219999313354492,18.950000762939453,18.0,18.6299991607666,18.6299991607666,375100,EXEL
2001-07-23,18.799999237060547,19.280000686645508,18.299999237060547,19.149999618530273,19.149999618530273,326300,EXEL
2001-07-24,19.25,19.25,18.639999389648438,18.709999084472656,18.709999084472656,457500,EXEL
2001-07-25,18.760000228881836,18.950000762939453,18.309999465942383,18.540000915527344,18.540000915527344,576200,EXEL
2001-07-26,18.56999969482422,18.790000915527344,18.0,18.34000015258789,18.34000015258789,165600,EXEL
2001-07-27,18.270000457763672,18.700000762939453,18.190000534057617,18.600000381469727,18.600000381469727,186600,EXEL
2001-07-30,18.309999465942383,18.600000381469727,17.0,17.0,17.0,274700,EXEL
2001-07-31,16.940000534057617,17.149999618530273,16.0,16.8700008392334,16.8700008392334,256600,EXEL
2001-08-01,16.559999465942383,16.75,16.0,16.729999542236328,16.729999542236328,206000,EXEL
2001-08-02,16.479999542236328,17.399999618530273,16.479999542236328,17.200000762939453,17.200000762939453,119600,EXEL
2001-08-03,17.280000686645508,17.489999771118164,16.899999618530273,17.149999618530273,17.149999618530273,77900,EXEL
2001-08-06,17.389999389648438,17.389999389648438,17.149999618530273,17.209999084472656,17.209999084472656,54800,EXEL
2001-08-07,17.079999923706055,17.09000015258789,16.600000381469727,16.600000381469727,16.600000381469727,90800,EXEL
2001-08-08,16.6200008392334,17.0,15.550000190734863,15.859999656677246,15.859999656677246,180200,EXEL
2001-08-09,16.049999237060547,16.3799991607666,15.460000038146973,15.84000015258789,15.84000015258789,405400,EXEL
2001-08-10,15.489999771118164,16.190000534057617,15.3100004196167,16.139999389648438,16.139999389648438,271000,EXEL
2001-08-13,16.049999237060547,16.350000381469727,16.0,16.350000381469727,16.350000381469727,56300,EXEL
2001-08-14,16.950000762939453,16.959999084472656,16.540000915527344,16.68000030517578,16.68000030517578,193000,EXEL
2001-08-15,16.559999465942383,16.649999618530273,16.020000457763672,16.420000076293945,16.420000076293945,111000,EXEL
2001-08-16,16.280000686645508,16.549999237060547,16.06999969482422,16.549999237060547,16.549999237060547,77500,EXEL
2001-08-17,16.329999923706055,16.549999237060547,16.010000228881836,16.239999771118164,16.239999771118164,42200,EXEL
2001-08-20,16.139999389648438,16.389999389648438,16.100000381469727,16.190000534057617,16.190000534057617,129100,EXEL
2001-08-21,16.15999984741211,16.15999984741211,15.5,15.550000190734863,15.550000190734863,510800,EXEL
2001-08-22,15.600000381469727,15.75,15.5,15.75,15.75,254600,EXEL
2001-08-23,15.729999542236328,16.75,15.649999618530273,16.260000228881836,16.260000228881836,663900,EXEL
2001-08-24,16.329999923706055,17.09000015258789,16.149999618530273,17.09000015258789,17.09000015258789,347700,EXEL
2001-08-27,16.81999969482422,16.989999771118164,16.049999237060547,16.549999237060547,16.549999237060547,238000,EXEL
2001-08-28,17.360000610351562,17.549999237060547,16.360000610351562,16.56999969482422,16.56999969482422,1156700,EXEL
2001-08-29,16.649999618530273,16.950000762939453,16.260000228881836,16.469999313354492,16.469999313354492,509500,EXEL
2001-08-30,16.290000915527344,17.0,16.25,16.639999389648438,16.639999389648438,235300,EXEL
2001-08-31,16.700000762939453,16.799999237060547,16.170000076293945,16.780000686645508,16.780000686645508,245000,EXEL
2001-09-04,16.530000686645508,16.600000381469727,16.139999389648438,16.139999389648438,16.139999389648438,94700,EXEL
2001-09-05,16.149999618530273,16.260000228881836,15.0,15.699999809265137,15.699999809265137,286900,EXEL
2001-09-06,15.520000457763672,16.1200008392334,15.3100004196167,16.0,16.0,233100,EXEL
2001-09-07,15.710000038146973,15.800000190734863,15.0,15.199999809265137,15.199999809265137,139500,EXEL
2001-09-10,15.25,15.489999771118164,14.899999618530273,15.010000228881836,15.010000228881836,199400,EXEL
2001-09-17,13.989999771118164,14.0,11.779999732971191,11.779999732971191,11.779999732971191,203700,EXEL
2001-09-18,12.0,12.300000190734863,11.420000076293945,12.0600004196167,12.0600004196167,271800,EXEL
2001-09-19,12.0,12.15999984741211,10.199999809265137,11.149999618530273,11.149999618530273,563500,EXEL
2001-09-20,10.010000228881836,11.199999809265137,10.0,11.199999809265137,11.199999809265137,185700,EXEL
2001-09-21,10.850000381469727,11.1899995803833,10.25,11.130000114440918,11.130000114440918,276400,EXEL
2001-09-24,11.170000076293945,11.300000190734863,10.449999809265137,10.579999923706055,10.579999923706055,169800,EXEL
2001-09-25,10.699999809265137,10.899999618530273,10.449999809265137,10.779999732971191,10.779999732971191,123600,EXEL
2001-09-26,10.760000228881836,10.789999961853027,10.25,10.59000015258789,10.59000015258789,226100,EXEL
2001-09-27,10.369999885559082,10.800000190734863,9.609999656677246,10.75,10.75,154900,EXEL
2001-09-28,10.869999885559082,11.75,10.600000381469727,11.460000038146973,11.460000038146973,430200,EXEL
2001-10-01,11.199999809265137,11.489999771118164,11.069999694824219,11.239999771118164,11.239999771118164,181700,EXEL
2001-10-02,11.25,11.34000015258789,10.600000381469727,11.140000343322754,11.140000343322754,268800,EXEL
2001-10-03,11.239999771118164,11.899999618530273,11.229999542236328,11.600000381469727,11.600000381469727,243500,EXEL
2001-10-04,11.800000190734863,12.149999618530273,11.600000381469727,11.989999771118164,11.989999771118164,426900,EXEL
2001-10-05,11.899999618530273,11.899999618530273,10.800000190734863,11.649999618530273,11.649999618530273,222400,EXEL
2001-10-08,11.399999618530273,11.5,10.84000015258789,11.5,11.5,31400,EXEL
2001-10-09,11.199999809265137,11.680000305175781,11.199999809265137,11.460000038146973,11.460000038146973,196100,EXEL
2001-10-10,11.300000190734863,12.0,11.300000190734863,12.0,12.0,309400,EXEL
2001-10-11,12.100000381469727,12.600000381469727,12.0,12.5,12.5,476500,EXEL
2001-10-12,12.430000305175781,12.640000343322754,11.460000038146973,12.1899995803833,12.1899995803833,121700,EXEL
2001-10-15,11.90999984741211,12.399999618530273,11.720000267028809,12.34000015258789,12.34000015258789,67800,EXEL
2001-10-16,12.25,12.850000381469727,12.210000038146973,12.800000190734863,12.800000190734863,121100,EXEL
2001-10-17,12.779999732971191,12.899999618530273,11.720000267028809,11.930000305175781,11.930000305175781,229600,EXEL
2001-10-18,11.800000190734863,11.979999542236328,11.369999885559082,11.529999732971191,11.529999732971191,139100,EXEL
2001-10-19,11.460000038146973,12.100000381469727,11.350000381469727,12.100000381469727,12.100000381469727,244500,EXEL
2001-10-22,12.09000015258789,12.619999885559082,11.869999885559082,12.619999885559082,12.619999885559082,197100,EXEL
2001-10-23,12.319999694824219,12.850000381469727,12.0,12.300000190734863,12.300000190734863,158400,EXEL
2001-10-24,12.5,13.0,12.5,12.649999618530273,12.649999618530273,178300,EXEL
2001-10-25,12.6899995803833,12.949999809265137,12.25,12.850000381469727,12.850000381469727,78500,EXEL
2001-10-26,12.449999809265137,13.039999961853027,12.25,12.920000076293945,12.920000076293945,452200,EXEL
2001-10-29,13.170000076293945,13.329999923706055,12.460000038146973,12.850000381469727,12.850000381469727,185900,EXEL
2001-10-30,12.600000381469727,12.949999809265137,12.399999618530273,12.699999809265137,12.699999809265137,125500,EXEL
2001-10-31,12.9399995803833,13.420000076293945,12.359999656677246,13.399999618530273,13.399999618530273,416800,EXEL
2001-11-01,13.390000343322754,13.479999542236328,12.850000381469727,13.479999542236328,13.479999542236328,369400,EXEL
2001-11-02,13.479999542236328,13.989999771118164,13.170000076293945,13.75,13.75,105800,EXEL
2001-11-05,13.5,14.170000076293945,13.300000190734863,13.550000190734863,13.550000190734863,333000,EXEL
2001-11-06,13.5,13.800000190734863,13.350000381469727,13.649999618530273,13.649999618530273,113200,EXEL
2001-11-07,13.800000190734863,13.850000381469727,13.489999771118164,13.5600004196167,13.5600004196167,172800,EXEL
2001-11-08,13.890000343322754,13.920000076293945,13.0,13.050000190734863,13.050000190734863,124300,EXEL
2001-11-09,13.100000381469727,13.470000267028809,12.949999809265137,13.100000381469727,13.100000381469727,114500,EXEL
2001-11-12,13.350000381469727,14.0,13.050000190734863,13.90999984741211,13.90999984741211,240700,EXEL
2001-11-13,14.020000457763672,15.199999809265137,14.0,15.199999809265137,15.199999809265137,408400,EXEL
2001-11-14,15.0,15.15999984741211,14.649999618530273,14.899999618530273,14.899999618530273,373500,EXEL
2001-11-15,14.010000228881836,14.5,13.979999542236328,14.109999656677246,14.109999656677246,357400,EXEL
2001-11-16,13.979999542236328,15.020000457763672,13.720000267028809,15.0,15.0,293200,EXEL
2001-11-19,14.5,15.4399995803833,14.5,15.239999771118164,15.239999771118164,220000,EXEL
2001-11-20,14.930000305175781,14.949999809265137,14.460000038146973,14.800000190734863,14.800000190734863,968700,EXEL
2001-11-21,14.5,15.1899995803833,14.5,14.75,14.75,259000,EXEL
2001-11-23,14.800000190734863,15.0,14.649999618530273,14.989999771118164,14.989999771118164,107800,EXEL
2001-11-26,14.989999771118164,15.149999618530273,14.949999809265137,15.050000190734863,15.050000190734863,308800,EXEL
2001-11-27,15.09000015258789,15.300000190734863,14.949999809265137,15.020000457763672,15.020000457763672,228800,EXEL
2001-11-28,15.0,15.25,14.829999923706055,14.859999656677246,14.859999656677246,330300,EXEL
2001-11-29,15.239999771118164,15.979999542236328,15.149999618530273,15.529999732971191,15.529999732971191,504000,EXEL
2001-11-30,15.40999984741211,15.859999656677246,15.399999618530273,15.850000381469727,15.850000381469727,449000,EXEL
2001-12-03,15.850000381469727,15.949999809265137,15.34000015258789,15.430000305175781,15.430000305175781,179200,EXEL
2001-12-04,15.5,15.75,15.350000381469727,15.600000381469727,15.600000381469727,182400,EXEL
2001-12-05,15.6899995803833,15.899999618530273,15.600000381469727,15.600000381469727,15.600000381469727,558300,EXEL
2001-12-06,15.600000381469727,15.880000114440918,15.5,15.729999542236328,15.729999542236328,189400,EXEL
2001-12-07,15.720000267028809,15.84000015258789,15.350000381469727,15.760000228881836,15.760000228881836,233800,EXEL
2001-12-10,15.779999732971191,15.800000190734863,15.0,15.399999618530273,15.399999618530273,425800,EXEL
2001-12-11,15.3100004196167,15.640000343322754,15.100000381469727,15.220000267028809,15.220000267028809,289600,EXEL
2001-12-12,15.199999809265137,15.449999809265137,14.949999809265137,15.15999984741211,15.15999984741211,281800,EXEL
2001-12-13,15.229999542236328,15.75,15.010000228881836,15.729999542236328,15.729999542236328,414300,EXEL
2001-12-14,15.579999923706055,17.350000381469727,15.579999923706055,16.34000015258789,16.34000015258789,891400,EXEL
2001-12-17,16.649999618530273,17.040000915527344,16.40999984741211,16.760000228881836,16.760000228881836,345200,EXEL
2001-12-18,16.90999984741211,17.469999313354492,16.799999237060547,17.110000610351562,17.110000610351562,773100,EXEL
2001-12-19,17.270000457763672,17.420000076293945,16.8700008392334,17.100000381469727,17.100000381469727,154900,EXEL
2001-12-20,17.239999771118164,17.239999771118164,15.800000190734863,15.800000190734863,15.800000190734863,307600,EXEL
2001-12-21,16.649999618530273,16.760000228881836,15.850000381469727,16.149999618530273,16.149999618530273,747900,EXEL
2001-12-24,16.100000381469727,16.239999771118164,15.489999771118164,15.699999809265137,15.699999809265137,184700,EXEL
2001-12-26,15.619999885559082,16.0,15.199999809265137,15.5,15.5,207300,EXEL
2001-12-27,15.510000228881836,15.720000267028809,15.119999885559082,15.680000305175781,15.680000305175781,147500,EXEL
2001-12-28,15.4399995803833,16.549999237060547,15.4399995803833,16.25,16.25,208500,EXEL
2001-12-31,16.34000015258789,16.649999618530273,15.829999923706055,16.6200008392334,16.6200008392334,386300,EXEL
2002-01-02,16.59000015258789,16.610000610351562,15.449999809265137,15.8100004196167,15.8100004196167,283300,EXEL
2002-01-03,15.510000228881836,16.0,15.279999732971191,15.5600004196167,15.5600004196167,176000,EXEL
2002-01-04,15.600000381469727,16.139999389648438,15.260000228881836,15.829999923706055,15.829999923706055,224600,EXEL
2002-01-07,16.200000762939453,16.399999618530273,15.75,15.75,15.75,233600,EXEL
2002-01-08,15.960000038146973,16.5,15.15999984741211,16.5,16.5,290900,EXEL
2002-01-09,16.709999084472656,16.719999313354492,15.5,15.710000038146973,15.710000038146973,334000,EXEL
2002-01-10,15.989999771118164,16.0,15.149999618530273,15.600000381469727,15.600000381469727,392700,EXEL
2002-01-11,15.539999961853027,15.539999961853027,14.850000381469727,14.850000381469727,14.850000381469727,341500,EXEL
2002-01-14,14.729999542236328,14.739999771118164,14.010000228881836,14.720000267028809,14.720000267028809,543300,EXEL
2002-01-15,14.380000114440918,14.880000114440918,13.949999809265137,14.84000015258789,14.84000015258789,215000,EXEL
2002-01-16,14.399999618530273,14.5,13.029999732971191,13.029999732971191,13.029999732971191,275300,EXEL
2002-01-17,13.289999961853027,13.470000267028809,12.5600004196167,12.829999923706055,12.829999923706055,565000,EXEL
2002-01-18,12.829999923706055,13.34000015258789,12.399999618530273,12.399999618530273,12.399999618530273,372800,EXEL
2002-01-22,12.40999984741211,12.6899995803833,11.829999923706055,12.399999618530273,12.399999618530273,582900,EXEL
2002-01-23,12.069999694824219,12.75,11.770000457763672,12.550000190734863,12.550000190734863,313800,EXEL
2002-01-24,12.720000267028809,13.539999961853027,12.539999961853027,13.539999961853027,13.539999961853027,259500,EXEL
2002-01-25,13.59000015258789,13.59000015258789,12.760000228881836,13.010000228881836,13.010000228881836,186800,EXEL
2002-01-28,13.0,13.350000381469727,12.800000190734863,12.899999618530273,12.899999618530273,170400,EXEL
2002-01-29,13.0,13.029999732971191,12.539999961853027,13.0,13.0,293900,EXEL
2002-01-30,13.020000457763672,13.020000457763672,11.800000190734863,12.550000190734863,12.550000190734863,463500,EXEL
2002-01-31,12.600000381469727,12.800000190734863,11.979999542236328,12.25,12.25,671100,EXEL
2002-02-01,12.270000457763672,12.430000305175781,12.109999656677246,12.199999809265137,12.199999809265137,407100,EXEL
2002-02-04,12.149999618530273,12.460000038146973,12.0,12.039999961853027,12.039999961853027,206400,EXEL
2002-02-05,12.069999694824219,12.449999809265137,11.859999656677246,12.0600004196167,12.0600004196167,625300,EXEL
2002-02-06,12.229999542236328,12.239999771118164,11.0,11.390000343322754,11.390000343322754,471500,EXEL
2002-02-07,11.449999809265137,11.5,10.880000114440918,11.3100004196167,11.3100004196167,223600,EXEL
2002-02-08,11.390000343322754,11.5,10.949999809265137,11.489999771118164,11.489999771118164,254300,EXEL
2002-02-11,11.470000267028809,11.550000190734863,11.100000381469727,11.300000190734863,11.300000190734863,93500,EXEL
2002-02-12,11.300000190734863,12.300000190734863,11.0,12.300000190734863,12.300000190734863,222900,EXEL
2002-02-13,12.050000190734863,12.899999618530273,12.050000190734863,12.529999732971191,12.529999732971191,376600,EXEL
2002-02-14,12.420000076293945,12.5,11.460000038146973,11.470000267028809,11.470000267028809,168900,EXEL
2002-02-15,11.529999732971191,11.720000267028809,11.210000038146973,11.6899995803833,11.6899995803833,174100,EXEL
2002-02-19,11.449999809265137,11.550000190734863,11.0,11.25,11.25,235300,EXEL
2002-02-20,11.180000305175781,12.119999885559082,11.020000457763672,11.829999923706055,11.829999923706055,372000,EXEL
2002-02-21,11.800000190734863,12.050000190734863,11.399999618530273,11.399999618530273,11.399999618530273,373600,EXEL
2002-02-22,11.399999618530273,11.550000190734863,11.300000190734863,11.550000190734863,11.550000190734863,300600,EXEL
2002-02-25,11.350000381469727,11.550000190734863,11.039999961853027,11.050000190734863,11.050000190734863,316700,EXEL
2002-02-26,11.140000343322754,11.449999809265137,11.050000190734863,11.449999809265137,11.449999809265137,362500,EXEL
2002-02-27,11.470000267028809,11.5,11.109999656677246,11.25,11.25,195600,EXEL
2002-02-28,11.300000190734863,11.369999885559082,11.0,11.300000190734863,11.300000190734863,281800,EXEL
2002-03-01,11.25,11.260000228881836,10.880000114440918,10.989999771118164,10.989999771118164,637800,EXEL
2002-03-04,10.989999771118164,11.300000190734863,10.960000038146973,11.1899995803833,11.1899995803833,319600,EXEL
2002-03-05,11.199999809265137,11.390000343322754,11.149999618530273,11.25,11.25,360600,EXEL
2002-03-06,11.199999809265137,12.270000457763672,11.15999984741211,12.229999542236328,12.229999542236328,348200,EXEL
2002-03-07,12.039999961853027,12.359999656677246,11.0600004196167,11.15999984741211,11.15999984741211,299000,EXEL
2002-03-08,11.3100004196167,12.140000343322754,11.3100004196167,12.050000190734863,12.050000190734863,171100,EXEL
2002-03-11,12.149999618530273,12.489999771118164,11.8100004196167,12.300000190734863,12.300000190734863,184300,EXEL
2002-03-12,12.149999618530273,12.350000381469727,11.8100004196167,11.970000267028809,11.970000267028809,110100,EXEL
2002-03-13,11.979999542236328,12.34000015258789,11.970000267028809,12.34000015258789,12.34000015258789,180300,EXEL
2002-03-14,12.300000190734863,12.729999542236328,11.899999618530273,12.630000114440918,12.630000114440918,298100,EXEL
2002-03-15,12.350000381469727,12.649999618530273,12.350000381469727,12.600000381469727,12.600000381469727,299600,EXEL
2002-03-18,12.600000381469727,13.109999656677246,12.529999732971191,12.899999618530273,12.899999618530273,468700,EXEL
2002-03-19,12.760000228881836,13.829999923706055,12.760000228881836,13.75,13.75,558900,EXEL
2002-03-20,13.399999618530273,14.0,13.329999923706055,13.75,13.75,785700,EXEL
2002-03-21,14.3100004196167,14.75,13.539999961853027,14.479999542236328,14.479999542236328,707100,EXEL
2002-03-22,14.4399995803833,14.670000076293945,13.520000457763672,13.520000457763672,13.520000457763672,290500,EXEL
2002-03-25,13.670000076293945,13.920000076293945,13.199999809265137,13.390000343322754,13.390000343322754,160400,EXEL
2002-03-26,13.270000457763672,13.989999771118164,13.270000457763672,13.890000343322754,13.890000343322754,210100,EXEL
2002-03-27,13.989999771118164,13.989999771118164,13.210000038146973,13.210000038146973,13.210000038146973,164900,EXEL
2002-03-28,13.260000228881836,13.960000038146973,13.260000228881836,13.789999961853027,13.789999961853027,102300,EXEL
2002-04-01,13.550000190734863,13.5600004196167,12.5,13.359999656677246,13.359999656677246,479200,EXEL
2002-04-02,13.0,13.399999618530273,12.59000015258789,13.010000228881836,13.010000228881836,331600,EXEL
2002-04-03,13.140000343322754,13.15999984741211,12.850000381469727,13.0,13.0,417600,EXEL
2002-04-04,13.050000190734863,13.0600004196167,11.470000267028809,11.470000267028809,11.470000267028809,325000,EXEL
2002-04-05,12.050000190734863,12.079999923706055,11.199999809265137,11.260000228881836,11.260000228881836,445800,EXEL
2002-04-08,11.289999961853027,11.4399995803833,10.869999885559082,11.149999618530273,11.149999618530273,486500,EXEL
2002-04-09,11.25,11.5,10.279999732971191,10.5,10.5,296000,EXEL
2002-04-10,10.699999809265137,11.899999618530273,10.569999694824219,11.890000343322754,11.890000343322754,359400,EXEL
2002-04-11,11.899999618530273,11.899999618530273,10.319999694824219,10.319999694824219,10.319999694824219,425300,EXEL
2002-04-12,10.390000343322754,10.9399995803833,10.25,10.699999809265137,10.699999809265137,237500,EXEL
2002-04-15,10.710000038146973,11.0600004196167,9.270000457763672,9.300000190734863,9.300000190734863,536700,EXEL
2002-04-16,9.949999809265137,11.0,9.9399995803833,10.779999732971191,10.779999732971191,469100,EXEL
2002-04-17,10.850000381469727,11.020000457763672,10.569999694824219,10.569999694824219,10.569999694824219,325100,EXEL
2002-04-18,10.579999923706055,10.800000190734863,9.989999771118164,10.699999809265137,10.699999809265137,294400,EXEL
2002-04-19,10.699999809265137,10.9399995803833,9.989999771118164,10.239999771118164,10.239999771118164,118600,EXEL
2002-04-22,10.5,10.520000457763672,10.020000457763672,10.520000457763672,10.520000457763672,168400,EXEL
2002-04-23,10.260000228881836,10.729999542236328,10.130000114440918,10.300000190734863,10.300000190734863,273600,EXEL
2002-04-24,10.220000267028809,10.5600004196167,10.140000343322754,10.449999809265137,10.449999809265137,297500,EXEL
2002-04-25,10.470000267028809,10.5600004196167,10.199999809265137,10.380000114440918,10.380000114440918,489700,EXEL
2002-04-26,10.449999809265137,10.579999923706055,9.989999771118164,10.390000343322754,10.390000343322754,366900,EXEL
2002-04-29,10.25,10.279999732971191,9.100000381469727,9.34000015258789,9.34000015258789,373900,EXEL
2002-04-30,9.15999984741211,10.0,8.960000038146973,9.899999618530273,9.899999618530273,336700,EXEL
2002-05-01,9.949999809265137,10.25,8.979999542236328,9.640000343322754,9.640000343322754,464000,EXEL
2002-05-02,9.569999694824219,9.640000343322754,8.479999542236328,8.84000015258789,8.84000015258789,313000,EXEL
2002-05-03,8.989999771118164,9.600000381469727,8.600000381469727,9.079999923706055,9.079999923706055,386000,EXEL
2002-05-06,8.949999809265137,9.149999618530273,8.649999618530273,8.90999984741211,8.90999984741211,206100,EXEL
2002-05-07,8.149999618530273,8.15999984741211,6.53000020980835,6.559999942779541,6.559999942779541,769700,EXEL
2002-05-08,7.199999809265137,8.0600004196167,7.0,7.849999904632568,7.849999904632568,592100,EXEL
2002-05-09,7.789999961853027,7.889999866485596,6.329999923706055,6.329999923706055,6.329999923706055,741100,EXEL
2002-05-10,6.590000152587891,7.090000152587891,5.789999961853027,6.5,6.5,286400,EXEL
2002-05-13,6.949999809265137,7.579999923706055,6.599999904632568,6.630000114440918,6.630000114440918,225200,EXEL
2002-05-14,6.869999885559082,8.149999618530273,6.869999885559082,7.889999866485596,7.889999866485596,248300,EXEL
2002-05-15,7.940000057220459,8.319999694824219,7.380000114440918,8.319999694824219,8.319999694824219,446700,EXEL
2002-05-16,8.350000381469727,8.399999618530273,7.860000133514404,8.0,8.0,482100,EXEL
2002-05-17,7.920000076293945,8.460000038146973,7.920000076293945,8.25,8.25,201600,EXEL
2002-05-20,8.199999809265137,8.449999809265137,8.010000228881836,8.119999885559082,8.119999885559082,157200,EXEL
2002-05-21,8.119999885559082,8.15999984741211,7.800000190734863,8.130000114440918,8.130000114440918,288500,EXEL
2002-05-22,8.050000190734863,8.100000381469727,7.800000190734863,8.0600004196167,8.0600004196167,177200,EXEL
2002-05-23,8.0,8.3100004196167,7.849999904632568,8.149999618530273,8.149999618530273,189200,EXEL
2002-05-24,8.100000381469727,8.289999961853027,7.619999885559082,7.639999866485596,7.639999866485596,123400,EXEL
2002-05-28,7.690000057220459,7.989999771118164,7.610000133514404,7.949999809265137,7.949999809265137,101300,EXEL
2002-05-29,7.940000057220459,7.949999809265137,7.659999847412109,7.75,7.75,179200,EXEL
2002-05-30,7.949999809265137,8.0,7.5,8.0,8.0,124200,EXEL
2002-05-31,8.0,8.020000457763672,7.690000057220459,7.75,7.75,225300,EXEL
2002-06-03,7.599999904632568,7.71999979019165,7.099999904632568,7.110000133514404,7.110000133514404,181100,EXEL
2002-06-04,7.199999809265137,7.699999809265137,7.0,7.550000190734863,7.550000190734863,434000,EXEL
2002-06-05,7.449999809265137,7.75,7.159999847412109,7.400000095367432,7.400000095367432,320300,EXEL
2002-06-06,7.5,7.5,6.429999828338623,6.429999828338623,6.429999828338623,241700,EXEL
2002-06-07,6.449999809265137,6.550000190734863,6.099999904632568,6.349999904632568,6.349999904632568,340400,EXEL
2002-06-10,6.400000095367432,6.460000038146973,6.0,6.340000152587891,6.340000152587891,242800,EXEL
2002-06-11,6.289999961853027,6.420000076293945,5.929999828338623,6.090000152587891,6.090000152587891,244200,EXEL
2002-06-12,6.099999904632568,6.190000057220459,5.900000095367432,6.119999885559082,6.119999885559082,284500,EXEL
2002-06-13,6.050000190734863,6.190000057220459,5.630000114440918,6.099999904632568,6.099999904632568,221600,EXEL
2002-06-14,6.090000152587891,6.480000019073486,5.75,6.349999904632568,6.349999904632568,297300,EXEL
2002-06-17,6.5,7.349999904632568,6.340000152587891,7.110000133514404,7.110000133514404,462200,EXEL
2002-06-18,7.099999904632568,7.460000038146973,7.0,7.03000020980835,7.03000020980835,164700,EXEL
2002-06-19,7.0,7.139999866485596,6.619999885559082,6.639999866485596,6.639999866485596,168800,EXEL
2002-06-20,6.630000114440918,6.75,6.050000190734863,6.199999809265137,6.199999809265137,338500,EXEL
2002-06-21,6.650000095367432,6.650000095367432,6.150000095367432,6.46999979019165,6.46999979019165,289400,EXEL
2002-06-24,6.460000038146973,6.460000038146973,6.139999866485596,6.300000190734863,6.300000190734863,333000,EXEL
2002-06-25,6.409999847412109,6.5,6.090000152587891,6.130000114440918,6.130000114440918,109200,EXEL
2002-06-26,6.0,6.53000020980835,5.800000190734863,6.420000076293945,6.420000076293945,205100,EXEL
2002-06-27,6.420000076293945,7.050000190734863,6.420000076293945,7.039999961853027,7.039999961853027,149200,EXEL
2002-06-28,6.840000152587891,7.550000190734863,6.699999809265137,7.53000020980835,7.53000020980835,646200,EXEL
2002-07-01,7.28000020980835,7.449999809265137,6.699999809265137,6.809999942779541,6.809999942779541,208100,EXEL
2002-07-02,6.769999980926514,6.769999980926514,6.0,6.099999904632568,6.099999904632568,300000,EXEL
2002-07-03,6.050000190734863,6.5,5.429999828338623,6.380000114440918,6.380000114440918,358800,EXEL
2002-07-05,6.25,7.0,6.25,6.820000171661377,6.820000171661377,143000,EXEL
2002-07-08,6.75,7.25,6.510000228881836,6.550000190734863,6.550000190734863,173200,EXEL
2002-07-09,6.5,6.809999942779541,6.090000152587891,6.25,6.25,271200,EXEL
2002-07-10,6.360000133514404,6.920000076293945,5.349999904632568,5.920000076293945,5.920000076293945,616700,EXEL
2002-07-11,6.050000190734863,6.190000057220459,5.860000133514404,6.0,6.0,301900,EXEL
2002-07-12,5.989999771118164,6.300000190734863,5.75,6.050000190734863,6.050000190734863,219800,EXEL
2002-07-15,5.849999904632568,6.050000190734863,5.5,5.760000228881836,5.760000228881836,339000,EXEL
2002-07-16,5.590000152587891,5.869999885559082,5.440000057220459,5.869999885559082,5.869999885559082,438000,EXEL
2002-07-17,5.989999771118164,6.25,5.880000114440918,5.909999847412109,5.909999847412109,496900,EXEL
2002-07-18,5.900000095367432,6.0,5.360000133514404,5.360000133514404,5.360000133514404,180400,EXEL
2002-07-19,5.519999980926514,5.519999980926514,4.0,4.360000133514404,4.360000133514404,356300,EXEL
2002-07-22,4.300000190734863,5.809999942779541,4.300000190734863,5.199999809265137,5.199999809265137,365800,EXEL
2002-07-23,5.5,5.5,4.5,4.679999828338623,4.679999828338623,279700,EXEL
2002-07-24,4.690000057220459,5.230000019073486,4.550000190734863,5.079999923706055,5.079999923706055,187400,EXEL
2002-07-25,5.150000095367432,5.150000095367432,4.599999904632568,4.909999847412109,4.909999847412109,170900,EXEL
2002-07-26,4.949999809265137,5.099999904632568,4.630000114440918,5.099999904632568,5.099999904632568,349600,EXEL
2002-07-29,5.03000020980835,5.53000020980835,5.0,5.159999847412109,5.159999847412109,284100,EXEL
2002-07-30,5.309999942779541,5.800000190734863,5.099999904632568,5.570000171661377,5.570000171661377,260200,EXEL
2002-07-31,5.570000171661377,6.989999771118164,5.0,6.989999771118164,6.989999771118164,1768800,EXEL
2002-08-01,6.699999809265137,6.699999809265137,5.5,5.510000228881836,5.510000228881836,335300,EXEL
2002-08-02,5.599999904632568,5.75,4.989999771118164,5.300000190734863,5.300000190734863,204100,EXEL
2002-08-05,5.489999771118164,5.579999923706055,4.769999980926514,5.03000020980835,5.03000020980835,256200,EXEL
2002-08-06,5.309999942779541,5.5,5.110000133514404,5.480000019073486,5.480000019073486,304700,EXEL
2002-08-07,5.300000190734863,5.480000019073486,4.730000019073486,5.03000020980835,5.03000020980835,342300,EXEL
2002-08-08,5.179999828338623,5.659999847412109,5.050000190734863,5.429999828338623,5.429999828338623,412300,EXEL
2002-08-09,5.389999866485596,5.449999809265137,5.070000171661377,5.119999885559082,5.119999885559082,242000,EXEL
2002-08-12,5.239999771118164,5.380000114440918,4.800000190734863,5.170000076293945,5.170000076293945,88200,EXEL
2002-08-13,5.099999904632568,5.349999904632568,4.809999942779541,4.96999979019165,4.96999979019165,600900,EXEL
2002-08-14,5.050000190734863,5.199999809265137,4.599999904632568,5.050000190734863,5.050000190734863,401600,EXEL
2002-08-15,5.150000095367432,5.25,4.710000038146973,4.96999979019165,4.96999979019165,210500,EXEL
2002-08-16,4.96999979019165,5.099999904632568,4.699999809265137,5.0,5.0,300900,EXEL
2002-08-19,5.090000152587891,5.090000152587891,4.650000095367432,4.960000038146973,4.960000038146973,227200,EXEL
2002-08-20,4.96999979019165,5.0,4.75,4.849999904632568,4.849999904632568,163000,EXEL
2002-08-21,4.849999904632568,4.96999979019165,4.849999904632568,4.900000095367432,4.900000095367432,151500,EXEL
2002-08-22,4.849999904632568,4.949999809265137,4.349999904632568,4.800000190734863,4.800000190734863,3136100,EXEL
2002-08-23,4.800000190734863,4.800000190734863,4.579999923706055,4.699999809265137,4.699999809265137,265500,EXEL
2002-08-26,4.699999809265137,4.840000152587891,4.5,4.829999923706055,4.829999923706055,173300,EXEL
2002-08-27,4.710000038146973,4.840000152587891,4.550000190734863,4.730000019073486,4.730000019073486,141200,EXEL
2002-08-28,4.730000019073486,4.730000019073486,4.5,4.630000114440918,4.630000114440918,113000,EXEL
2002-08-29,4.71999979019165,4.920000076293945,4.590000152587891,4.809999942779541,4.809999942779541,104400,EXEL
2002-08-30,4.650000095367432,4.949999809265137,4.650000095367432,4.940000057220459,4.940000057220459,161800,EXEL
2002-09-03,4.949999809265137,4.960000038146973,4.510000228881836,4.760000228881836,4.760000228881836,120400,EXEL
2002-09-04,4.650000095367432,5.0,4.550000190734863,4.849999904632568,4.849999904632568,181600,EXEL
2002-09-05,4.840000152587891,4.849999904632568,4.559999942779541,4.75,4.75,74300,EXEL
2002-09-06,4.800000190734863,5.110000133514404,4.71999979019165,5.0,5.0,110000,EXEL
2002-09-09,4.989999771118164,5.0,4.739999771118164,4.869999885559082,4.869999885559082,113400,EXEL
2002-09-10,4.929999828338623,5.0,4.690000057220459,4.980000019073486,4.980000019073486,102900,EXEL
2002-09-11,5.119999885559082,5.130000114440918,4.71999979019165,4.800000190734863,4.800000190734863,54700,EXEL
2002-09-12,4.900000095367432,4.900000095367432,4.650000095367432,4.75,4.75,116200,EXEL
2002-09-13,4.699999809265137,4.900000095367432,4.570000171661377,4.900000095367432,4.900000095367432,76100,EXEL
2002-09-16,4.849999904632568,4.900000095367432,4.480000019073486,4.519999980926514,4.519999980926514,117400,EXEL
2002-09-17,4.650000095367432,4.900000095367432,4.199999809265137,4.239999771118164,4.239999771118164,203700,EXEL
2002-09-18,4.199999809265137,4.760000228881836,4.170000076293945,4.510000228881836,4.510000228881836,117400,EXEL
2002-09-19,4.440000057220459,4.5,4.170000076293945,4.320000171661377,4.320000171661377,188900,EXEL
2002-09-20,4.400000095367432,4.639999866485596,3.799999952316284,3.8499999046325684,3.8499999046325684,470900,EXEL
2002-09-23,3.5,4.159999847412109,3.5,3.990000009536743,3.990000009536743,361900,EXEL
2002-09-24,4.050000190734863,4.199999809265137,3.859999895095825,3.950000047683716,3.950000047683716,202000,EXEL
2002-09-25,4.0,4.199999809265137,3.940000057220459,4.010000228881836,4.010000228881836,131900,EXEL
2002-09-26,4.230000019073486,4.230000019073486,3.700000047683716,3.9700000286102295,3.9700000286102295,195300,EXEL
2002-09-27,3.9700000286102295,4.099999904632568,3.880000114440918,3.9800000190734863,3.9800000190734863,122200,EXEL
2002-09-30,3.950000047683716,4.949999809265137,3.799999952316284,4.949999809265137,4.949999809265137,651900,EXEL
2002-10-01,4.489999771118164,4.5,4.050000190734863,4.25,4.25,260900,EXEL
2002-10-02,4.25,4.260000228881836,3.950000047683716,3.9600000381469727,3.9600000381469727,335700,EXEL
2002-10-03,4.0,4.050000190734863,3.700000047683716,3.7100000381469727,3.7100000381469727,199000,EXEL
2002-10-04,3.700000047683716,3.799999952316284,2.9600000381469727,3.049999952316284,3.049999952316284,537000,EXEL
2002-10-07,3.0999999046325684,3.450000047683716,3.0,3.069999933242798,3.069999933242798,350200,EXEL
2002-10-08,3.0999999046325684,3.3499999046325684,2.950000047683716,3.0799999237060547,3.0799999237060547,537400,EXEL
2002-10-09,3.0,3.200000047683716,2.950000047683716,3.0199999809265137,3.0199999809265137,456000,EXEL
2002-10-10,3.0899999141693115,3.2300000190734863,3.0,3.1500000953674316,3.1500000953674316,465900,EXEL
2002-10-11,3.0999999046325684,3.5899999141693115,3.0999999046325684,3.200000047683716,3.200000047683716,400800,EXEL
2002-10-14,3.299999952316284,3.6500000953674316,3.25,3.3499999046325684,3.3499999046325684,373200,EXEL
2002-10-15,3.430000066757202,3.890000104904175,3.3499999046325684,3.609999895095825,3.609999895095825,390000,EXEL
2002-10-16,3.5999999046325684,3.7899999618530273,3.4100000858306885,3.6600000858306885,3.6600000858306885,208900,EXEL
2002-10-17,3.700000047683716,4.139999866485596,3.700000047683716,3.9800000190734863,3.9800000190734863,182200,EXEL
2002-10-18,4.119999885559082,4.449999809265137,3.4800000190734863,3.740000009536743,3.740000009536743,180800,EXEL
2002-10-21,3.8499999046325684,4.260000228881836,3.7899999618530273,4.25,4.25,110900,EXEL
2002-10-22,4.25,4.25,3.9800000190734863,4.0,4.0,64200,EXEL
2002-10-23,3.950000047683716,4.059999942779541,3.5999999046325684,3.890000104904175,3.890000104904175,140500,EXEL
2002-10-24,3.8399999141693115,3.8399999141693115,3.4800000190734863,3.549999952316284,3.549999952316284,300300,EXEL
2002-10-25,3.509999990463257,3.5999999046325684,3.3499999046325684,3.4000000953674316,3.4000000953674316,263000,EXEL
2002-10-28,3.4800000190734863,3.6600000858306885,3.4600000381469727,3.5799999237060547,3.5799999237060547,232000,EXEL
2002-10-29,5.900000095367432,5.900000095367432,4.849999904632568,5.059999942779541,5.059999942779541,3920200,EXEL
2002-10-30,5.190000057220459,5.239999771118164,4.800000190734863,5.039999961853027,5.039999961853027,792000,EXEL
2002-10-31,5.039999961853027,5.139999866485596,4.900000095367432,4.940000057220459,4.940000057220459,404400,EXEL
2002-11-01,5.0,5.050000190734863,4.559999942779541,4.949999809265137,4.949999809265137,399200,EXEL
2002-11-04,5.0,5.340000152587891,4.75,5.269999980926514,5.269999980926514,461100,EXEL
2002-11-05,5.210000038146973,5.449999809265137,5.050000190734863,5.409999847412109,5.409999847412109,242100,EXEL
2002-11-06,5.449999809265137,5.949999809265137,5.380000114440918,5.869999885559082,5.869999885559082,703800,EXEL
2002-11-07,5.71999979019165,5.940000057220459,5.550000190734863,5.789999961853027,5.789999961853027,304800,EXEL
2002-11-08,5.849999904632568,6.090000152587891,5.699999809265137,5.900000095367432,5.900000095367432,456300,EXEL
2002-11-11,5.869999885559082,6.090000152587891,5.809999942779541,6.0,6.0,214700,EXEL
2002-11-12,6.110000133514404,6.460000038146973,6.050000190734863,6.329999923706055,6.329999923706055,318800,EXEL
2002-11-13,6.429999828338623,6.920000076293945,5.78000020980835,6.690000057220459,6.690000057220459,493700,EXEL
2002-11-14,6.809999942779541,7.539999961853027,6.75,7.53000020980835,7.53000020980835,457900,EXEL
2002-11-15,7.349999904632568,7.590000152587891,7.0,7.440000057220459,7.440000057220459,466100,EXEL
2002-11-18,7.5,7.96999979019165,7.300000190734863,7.449999809265137,7.449999809265137,186200,EXEL
2002-11-19,7.300000190734863,7.730000019073486,7.300000190734863,7.5,7.5,175200,EXEL
2002-11-20,7.5,7.849999904632568,7.21999979019165,7.809999942779541,7.809999942779541,281900,EXEL
2002-11-21,7.849999904632568,7.900000095367432,7.449999809265137,7.489999771118164,7.489999771118164,352700,EXEL
2002-11-22,7.5,7.699999809265137,7.400000095367432,7.5,7.5,173000,EXEL
2002-11-25,7.489999771118164,7.630000114440918,7.260000228881836,7.5,7.5,291900,EXEL
2002-11-26,7.5,7.519999980926514,7.0,7.260000228881836,7.260000228881836,300300,EXEL
2002-11-27,7.239999771118164,8.210000038146973,7.210000038146973,8.100000381469727,8.100000381469727,691500,EXEL
2002-11-29,8.130000114440918,9.40999984741211,8.079999923706055,9.0600004196167,9.0600004196167,908600,EXEL
2002-12-02,9.0,9.0,8.3100004196167,8.5,8.5,473900,EXEL
2002-12-03,8.550000190734863,8.569999694824219,8.050000190734863,8.329999923706055,8.329999923706055,222900,EXEL
2002-12-04,8.239999771118164,8.350000381469727,7.489999771118164,7.78000020980835,7.78000020980835,381900,EXEL
2002-12-05,7.789999961853027,8.0,7.579999923706055,7.690000057220459,7.690000057220459,215400,EXEL
2002-12-06,7.739999771118164,8.199999809265137,7.449999809265137,8.0,8.0,420900,EXEL
2002-12-09,8.050000190734863,8.15999984741211,7.800000190734863,7.929999828338623,7.929999828338623,334600,EXEL
2002-12-10,7.739999771118164,8.149999618530273,7.739999771118164,7.849999904632568,7.849999904632568,289300,EXEL
2002-12-11,7.849999904632568,8.100000381469727,7.449999809265137,7.920000076293945,7.920000076293945,218300,EXEL
2002-12-12,7.920000076293945,8.270000457763672,7.849999904632568,8.220000267028809,8.220000267028809,143800,EXEL
2002-12-13,8.15999984741211,8.300000190734863,7.829999923706055,7.840000152587891,7.840000152587891,141900,EXEL
2002-12-16,7.900000095367432,8.029999732971191,7.730000019073486,8.0,8.0,154600,EXEL
2002-12-17,7.989999771118164,8.25,7.849999904632568,7.949999809265137,7.949999809265137,76000,EXEL
2002-12-18,7.849999904632568,8.149999618530273,7.769999980926514,7.829999923706055,7.829999923706055,104200,EXEL
2002-12-19,8.0,8.229999542236328,7.619999885559082,7.849999904632568,7.849999904632568,251600,EXEL
2002-12-20,7.889999866485596,8.3100004196167,7.71999979019165,7.75,7.75,306100,EXEL
2002-12-23,7.75,7.949999809265137,7.599999904632568,7.75,7.75,178200,EXEL
2002-12-24,7.75,7.849999904632568,7.349999904632568,7.559999942779541,7.559999942779541,89800,EXEL
2002-12-26,7.510000228881836,7.730000019073486,7.070000171661377,7.309999942779541,7.309999942779541,176700,EXEL
2002-12-27,7.210000038146973,7.28000020980835,6.849999904632568,7.099999904632568,7.099999904632568,143300,EXEL
2002-12-30,6.989999771118164,7.110000133514404,6.829999923706055,7.079999923706055,7.079999923706055,145600,EXEL
2002-12-31,6.980000019073486,8.109999656677246,6.900000095367432,8.0,8.0,638500,EXEL
2003-01-02,8.029999732971191,8.029999732971191,7.360000133514404,7.599999904632568,7.599999904632568,277800,EXEL
2003-01-03,7.5,7.599999904632568,7.260000228881836,7.400000095367432,7.400000095367432,138800,EXEL
2003-01-06,8.0,8.010000228881836,7.360000133514404,7.460000038146973,7.460000038146973,225200,EXEL
2003-01-07,7.550000190734863,7.550000190734863,7.150000095367432,7.260000228881836,7.260000228881836,145500,EXEL
2003-01-08,7.260000228881836,7.300000190734863,7.150000095367432,7.199999809265137,7.199999809265137,81900,EXEL
2003-01-09,7.159999847412109,7.53000020980835,7.159999847412109,7.309999942779541,7.309999942779541,259800,EXEL
2003-01-10,7.329999923706055,8.0,7.260000228881836,7.670000076293945,7.670000076293945,226200,EXEL
2003-01-13,7.699999809265137,7.78000020980835,7.400000095367432,7.650000095367432,7.650000095367432,445800,EXEL
2003-01-14,7.599999904632568,7.940000057220459,7.539999961853027,7.889999866485596,7.889999866485596,360500,EXEL
2003-01-15,7.940000057220459,7.949999809265137,7.800000190734863,7.900000095367432,7.900000095367432,236500,EXEL
2003-01-16,7.849999904632568,7.900000095367432,7.650000095367432,7.760000228881836,7.760000228881836,216300,EXEL
2003-01-17,7.730000019073486,7.769999980926514,7.46999979019165,7.659999847412109,7.659999847412109,144400,EXEL
2003-01-21,7.599999904632568,7.800000190734863,7.480000019073486,7.78000020980835,7.78000020980835,140100,EXEL
2003-01-22,7.679999828338623,7.829999923706055,7.46999979019165,7.5,7.5,273600,EXEL
2003-01-23,7.489999771118164,7.769999980926514,7.0,7.53000020980835,7.53000020980835,424800,EXEL
2003-01-24,7.510000228881836,7.559999942779541,6.980000019073486,7.130000114440918,7.130000114440918,275600,EXEL
2003-01-27,7.110000133514404,7.21999979019165,6.699999809265137,6.739999771118164,6.739999771118164,268600,EXEL
2003-01-28,6.789999961853027,6.829999923706055,6.400000095367432,6.460000038146973,6.460000038146973,310600,EXEL
2003-01-29,6.449999809265137,6.75,6.400000095367432,6.519999980926514,6.519999980926514,364500,EXEL
2003-01-30,6.519999980926514,6.96999979019165,6.320000171661377,6.829999923706055,6.829999923706055,235100,EXEL
2003-01-31,6.760000228881836,6.820000171661377,6.449999809265137,6.460000038146973,6.460000038146973,171600,EXEL
2003-02-03,6.449999809265137,6.610000133514404,6.079999923706055,6.130000114440918,6.130000114440918,82800,EXEL
2003-02-04,6.079999923706055,6.079999923706055,5.630000114440918,5.96999979019165,5.96999979019165,166900,EXEL
2003-02-05,6.019999980926514,6.059999942779541,5.739999771118164,5.75,5.75,171900,EXEL
2003-02-06,5.639999866485596,6.0,5.519999980926514,5.769999980926514,5.769999980926514,95800,EXEL
2003-02-07,5.650000095367432,5.880000114440918,5.5,5.610000133514404,5.610000133514404,184100,EXEL
2003-02-10,5.829999923706055,5.829999923706055,5.059999942779541,5.349999904632568,5.349999904632568,92500,EXEL
2003-02-11,5.349999904632568,5.369999885559082,5.039999961853027,5.349999904632568,5.349999904632568,129900,EXEL
2003-02-12,5.349999904632568,5.460000038146973,5.210000038146973,5.300000190734863,5.300000190734863,86000,EXEL
2003-02-13,5.300000190734863,5.460000038146973,5.25,5.429999828338623,5.429999828338623,88000,EXEL
2003-02-14,5.460000038146973,5.739999771118164,5.400000095367432,5.619999885559082,5.619999885559082,49900,EXEL
2003-02-18,5.71999979019165,5.78000020980835,5.449999809265137,5.610000133514404,5.610000133514404,162900,EXEL
2003-02-19,5.760000228881836,5.800000190734863,5.349999904632568,5.480000019073486,5.480000019073486,90600,EXEL
2003-02-20,5.590000152587891,5.659999847412109,5.260000228881836,5.380000114440918,5.380000114440918,88100,EXEL
2003-02-21,5.460000038146973,5.5,5.25,5.429999828338623,5.429999828338623,69700,EXEL
2003-02-24,5.449999809265137,5.800000190734863,5.260000228881836,5.380000114440918,5.380000114440918,189600,EXEL
2003-02-25,5.420000076293945,5.699999809265137,5.050000190734863,5.610000133514404,5.610000133514404,94900,EXEL
2003-02-26,5.599999904632568,5.659999847412109,5.449999809265137,5.460000038146973,5.460000038146973,57100,EXEL
2003-02-27,5.550000190734863,5.75,5.409999847412109,5.739999771118164,5.739999771118164,84000,EXEL
2003-02-28,5.71999979019165,6.170000076293945,5.71999979019165,5.769999980926514,5.769999980926514,368200,EXEL
2003-03-03,5.760000228881836,6.0,5.690000057220459,5.989999771118164,5.989999771118164,150900,EXEL
2003-03-04,6.0,6.03000020980835,5.71999979019165,5.71999979019165,5.71999979019165,57800,EXEL
2003-03-05,5.730000019073486,5.920000076293945,5.71999979019165,5.840000152587891,5.840000152587891,49000,EXEL
2003-03-06,5.940000057220459,5.940000057220459,5.5,5.610000133514404,5.610000133514404,80200,EXEL
2003-03-07,5.480000019073486,5.619999885559082,5.409999847412109,5.429999828338623,5.429999828338623,47600,EXEL
2003-03-10,5.429999828338623,5.539999961853027,5.25,5.269999980926514,5.269999980926514,69600,EXEL
2003-03-11,5.309999942779541,5.429999828338623,5.099999904632568,5.210000038146973,5.210000038146973,60600,EXEL
2003-03-12,5.150000095367432,5.230000019073486,5.010000228881836,5.170000076293945,5.170000076293945,104300,EXEL
2003-03-13,5.21999979019165,5.829999923706055,5.179999828338623,5.789999961853027,5.789999961853027,93400,EXEL
2003-03-14,5.75,5.96999979019165,5.519999980926514,5.639999866485596,5.639999866485596,121200,EXEL
2003-03-17,5.710000038146973,6.789999961853027,5.699999809265137,6.239999771118164,6.239999771118164,245700,EXEL
2003-03-18,5.949999809265137,6.800000190734863,5.900000095367432,6.789999961853027,6.789999961853027,857400,EXEL
2003-03-19,6.820000171661377,6.849999904632568,6.0,6.440000057220459,6.440000057220459,252800,EXEL
2003-03-20,6.369999885559082,6.670000076293945,6.019999980926514,6.619999885559082,6.619999885559082,155300,EXEL
2003-03-21,6.670000076293945,6.840000152587891,6.550000190734863,6.650000095367432,6.650000095367432,615900,EXEL
2003-03-24,6.489999771118164,6.5,6.150000095367432,6.25,6.25,207000,EXEL
2003-03-25,6.25,6.289999961853027,5.75,6.110000133514404,6.110000133514404,417900,EXEL
2003-03-26,6.099999904632568,6.320000171661377,6.099999904632568,6.269999980926514,6.269999980926514,116700,EXEL
2003-03-27,6.289999961853027,6.690000057220459,6.0,6.650000095367432,6.650000095367432,180200,EXEL
2003-03-28,6.679999828338623,7.019999980926514,6.449999809265137,6.449999809265137,6.449999809265137,229000,EXEL
2003-03-31,6.5,7.289999961853027,6.349999904632568,6.650000095367432,6.650000095367432,366300,EXEL
2003-04-01,6.559999942779541,6.880000114440918,6.519999980926514,6.71999979019165,6.71999979019165,131700,EXEL
2003-04-02,6.860000133514404,7.150000095367432,6.699999809265137,7.079999923706055,7.079999923706055,152000,EXEL
2003-04-03,7.349999904632568,7.349999904632568,6.900000095367432,7.239999771118164,7.239999771118164,183300,EXEL
2003-04-04,7.139999866485596,7.349999904632568,7.070000171661377,7.070000171661377,7.070000171661377,111800,EXEL
2003-04-07,7.159999847412109,7.550000190734863,7.03000020980835,7.130000114440918,7.130000114440918,161100,EXEL
2003-04-08,7.059999942779541,7.539999961853027,6.960000038146973,7.539999961853027,7.539999961853027,89200,EXEL
2003-04-09,7.539999961853027,7.559999942779541,7.0,7.119999885559082,7.119999885559082,317600,EXEL
2003-04-10,7.110000133514404,7.539999961853027,7.010000228881836,7.539999961853027,7.539999961853027,101500,EXEL
2003-04-11,7.119999885559082,7.599999904632568,7.010000228881836,7.599999904632568,7.599999904632568,385200,EXEL
2003-04-14,7.46999979019165,7.5,7.260000228881836,7.46999979019165,7.46999979019165,112200,EXEL
2003-04-15,7.400000095367432,7.449999809265137,7.099999904632568,7.420000076293945,7.420000076293945,179800,EXEL
2003-04-16,7.460000038146973,7.46999979019165,6.849999904632568,7.159999847412109,7.159999847412109,129200,EXEL
2003-04-17,7.239999771118164,7.369999885559082,6.960000038146973,7.300000190734863,7.300000190734863,89800,EXEL
2003-04-21,7.289999961853027,7.420000076293945,7.289999961853027,7.400000095367432,7.400000095367432,104000,EXEL
2003-04-22,7.369999885559082,7.510000228881836,7.25,7.5,7.5,234400,EXEL
2003-04-23,7.46999979019165,8.0,7.460000038146973,7.96999979019165,7.96999979019165,282900,EXEL
2003-04-24,7.960000038146973,8.0,7.559999942779541,7.710000038146973,7.710000038146973,211200,EXEL
2003-04-25,7.71999979019165,7.900000095367432,7.650000095367432,7.679999828338623,7.679999828338623,86000,EXEL
2003-04-28,7.699999809265137,8.100000381469727,7.670000076293945,8.09000015258789,8.09000015258789,123300,EXEL
2003-04-29,8.100000381469727,8.600000381469727,8.0,8.25,8.25,560600,EXEL
2003-04-30,8.25,8.520000457763672,8.119999885559082,8.510000228881836,8.510000228881836,303400,EXEL
2003-05-01,8.489999771118164,8.649999618530273,8.390000343322754,8.609999656677246,8.609999656677246,292600,EXEL
2003-05-02,8.520000457763672,8.75,8.460000038146973,8.609999656677246,8.609999656677246,284600,EXEL
2003-05-05,8.430000305175781,9.369999885559082,8.390000343322754,9.220000267028809,9.220000267028809,523700,EXEL
2003-05-06,9.369999885559082,9.40999984741211,8.390000343322754,8.479999542236328,8.479999542236328,906700,EXEL
2003-05-07,8.369999885559082,8.6899995803833,8.229999542236328,8.329999923706055,8.329999923706055,106300,EXEL
2003-05-08,8.329999923706055,8.390000343322754,7.75,7.75,7.75,251700,EXEL
2003-05-09,7.710000038146973,7.849999904632568,7.590000152587891,7.639999866485596,7.639999866485596,200900,EXEL
2003-05-12,7.630000114440918,8.0,7.630000114440918,7.900000095367432,7.900000095367432,193300,EXEL
2003-05-13,7.820000171661377,7.900000095367432,7.690000057220459,7.869999885559082,7.869999885559082,286100,EXEL
2003-05-14,7.739999771118164,8.09000015258789,7.739999771118164,7.980000019073486,7.980000019073486,330000,EXEL
2003-05-15,7.940000057220459,8.100000381469727,7.869999885559082,8.0,8.0,232500,EXEL
2003-05-16,7.71999979019165,8.0,7.619999885559082,7.679999828338623,7.679999828338623,312800,EXEL
2003-05-19,7.710000038146973,8.0,7.199999809265137,7.269999980926514,7.269999980926514,307300,EXEL
2003-05-20,7.239999771118164,7.570000171661377,7.239999771118164,7.559999942779541,7.559999942779541,176200,EXEL
2003-05-21,7.539999961853027,7.679999828338623,7.349999904632568,7.639999866485596,7.639999866485596,276000,EXEL
2003-05-22,7.570000171661377,7.909999847412109,7.480000019073486,7.900000095367432,7.900000095367432,359200,EXEL
2003-05-23,7.920000076293945,8.140000343322754,7.869999885559082,8.069999694824219,8.069999694824219,505300,EXEL
2003-05-27,8.180000305175781,8.300000190734863,7.949999809265137,8.029999732971191,8.029999732971191,516800,EXEL
2003-05-28,8.130000114440918,8.149999618530273,7.949999809265137,8.029999732971191,8.029999732971191,377800,EXEL
2003-05-29,8.050000190734863,8.170000076293945,8.0,8.09000015258789,8.09000015258789,346600,EXEL
2003-05-30,8.100000381469727,8.170000076293945,7.579999923706055,8.069999694824219,8.069999694824219,823000,EXEL
2003-06-02,8.15999984741211,8.890000343322754,7.840000152587891,7.940000057220459,7.940000057220459,517800,EXEL
2003-06-03,7.820000171661377,7.820000171661377,7.139999866485596,7.28000020980835,7.28000020980835,552900,EXEL
2003-06-04,7.150000095367432,7.610000133514404,7.150000095367432,7.420000076293945,7.420000076293945,368500,EXEL
2003-06-05,7.389999866485596,8.350000381469727,7.389999866485596,8.270000457763672,8.270000457763672,300900,EXEL
2003-06-06,8.420000076293945,9.069999694824219,7.320000171661377,7.659999847412109,7.659999847412109,546500,EXEL
2003-06-09,7.670000076293945,8.4399995803833,7.639999866485596,8.0,8.0,165100,EXEL
2003-06-10,8.020000457763672,8.279999732971191,7.510000228881836,7.630000114440918,7.630000114440918,255400,EXEL
2003-06-11,7.75,8.779999732971191,7.699999809265137,8.779999732971191,8.779999732971191,860100,EXEL
2003-06-12,8.800000190734863,9.75,8.65999984741211,9.380000114440918,9.380000114440918,821800,EXEL
2003-06-13,8.640000343322754,9.199999809265137,8.529999732971191,8.800000190734863,8.800000190734863,422500,EXEL
2003-06-16,8.699999809265137,9.399999618530273,8.390000343322754,8.699999809265137,8.699999809265137,347900,EXEL
2003-06-17,8.800000190734863,8.949999809265137,8.220000267028809,8.270000457763672,8.270000457763672,272700,EXEL
2003-06-18,8.399999618530273,8.470000267028809,8.0,8.050000190734863,8.050000190734863,246500,EXEL
2003-06-19,7.989999771118164,8.0,7.130000114440918,7.300000190734863,7.300000190734863,1215700,EXEL
2003-06-20,7.460000038146973,7.5,7.099999904632568,7.110000133514404,7.110000133514404,2422500,EXEL
2003-06-23,7.110000133514404,7.320000171661377,7.0,7.320000171661377,7.320000171661377,878300,EXEL
2003-06-24,7.130000114440918,7.5,7.130000114440918,7.230000019073486,7.230000019073486,289200,EXEL
2003-06-25,7.099999904632568,7.360000133514404,6.929999828338623,7.190000057220459,7.190000057220459,355800,EXEL
2003-06-26,7.329999923706055,7.329999923706055,7.110000133514404,7.170000076293945,7.170000076293945,395900,EXEL
2003-06-27,7.110000133514404,7.349999904632568,7.099999904632568,7.119999885559082,7.119999885559082,296300,EXEL
2003-06-30,7.099999904632568,7.28000020980835,6.650000095367432,6.869999885559082,6.869999885559082,1121300,EXEL
2003-07-01,6.929999828338623,7.690000057220459,6.78000020980835,7.489999771118164,7.489999771118164,1040700,EXEL
2003-07-02,7.690000057220459,7.800000190734863,7.360000133514404,7.690000057220459,7.690000057220459,621500,EXEL
2003-07-03,7.699999809265137,7.849999904632568,7.429999828338623,7.449999809265137,7.449999809265137,163600,EXEL
2003-07-07,7.75,7.849999904632568,7.519999980926514,7.769999980926514,7.769999980926514,666800,EXEL
2003-07-08,8.5,9.0,8.109999656677246,8.75,8.75,1453200,EXEL
2003-07-09,8.979999542236328,9.050000190734863,8.770000457763672,8.979999542236328,8.979999542236328,572500,EXEL
2003-07-10,8.890000343322754,9.239999771118164,8.800000190734863,8.930000305175781,8.930000305175781,355200,EXEL
2003-07-11,8.899999618530273,9.149999618530273,8.800000190734863,8.979999542236328,8.979999542236328,330900,EXEL
2003-07-14,9.010000228881836,9.399999618530273,9.0,9.119999885559082,9.119999885559082,316100,EXEL
2003-07-15,9.119999885559082,9.130000114440918,8.640000343322754,8.75,8.75,311400,EXEL
2003-07-16,8.649999618530273,8.850000381469727,8.479999542236328,8.5600004196167,8.5600004196167,165200,EXEL
2003-07-17,8.550000190734863,8.5600004196167,8.140000343322754,8.170000076293945,8.170000076293945,373800,EXEL
2003-07-18,8.149999618530273,8.479999542236328,8.149999618530273,8.40999984741211,8.40999984741211,157000,EXEL
2003-07-21,8.359999656677246,8.399999618530273,7.849999904632568,7.980000019073486,7.980000019073486,328600,EXEL
2003-07-22,7.989999771118164,8.350000381469727,7.860000133514404,8.220000267028809,8.220000267028809,110600,EXEL
2003-07-23,8.140000343322754,8.510000228881836,7.920000076293945,8.09000015258789,8.09000015258789,94400,EXEL
2003-07-24,8.100000381469727,8.699999809265137,8.050000190734863,8.619999885559082,8.619999885559082,329500,EXEL
2003-07-25,8.630000114440918,8.720000267028809,8.050000190734863,8.319999694824219,8.319999694824219,153800,EXEL
2003-07-28,8.34000015258789,8.649999618530273,8.050000190734863,8.649999618530273,8.649999618530273,174500,EXEL
2003-07-29,8.529999732971191,8.739999771118164,8.0600004196167,8.289999961853027,8.289999961853027,412500,EXEL
2003-07-30,8.4399995803833,8.449999809265137,8.079999923706055,8.229999542236328,8.229999542236328,115500,EXEL
2003-07-31,8.199999809265137,8.4399995803833,8.130000114440918,8.25,8.25,215800,EXEL
2003-08-01,8.239999771118164,8.270000457763672,7.670000076293945,7.690000057220459,7.690000057220459,189900,EXEL
2003-08-04,7.690000057220459,7.96999979019165,7.260000228881836,7.550000190734863,7.550000190734863,338800,EXEL
2003-08-05,7.559999942779541,7.849999904632568,7.170000076293945,7.190000057220459,7.190000057220459,311800,EXEL
2003-08-06,7.199999809265137,7.570000171661377,6.610000133514404,6.809999942779541,6.809999942779541,457800,EXEL
2003-08-07,6.800000190734863,7.0,6.190000057220459,6.340000152587891,6.340000152587891,565300,EXEL
2003-08-08,6.400000095367432,6.5,6.099999904632568,6.150000095367432,6.150000095367432,219000,EXEL
2003-08-11,6.190000057220459,6.579999923706055,6.070000171661377,6.309999942779541,6.309999942779541,265500,EXEL
2003-08-12,6.059999942779541,6.769999980926514,6.059999942779541,6.71999979019165,6.71999979019165,540600,EXEL
2003-08-13,6.849999904632568,6.900000095367432,6.630000114440918,6.769999980926514,6.769999980926514,151300,EXEL
2003-08-14,6.639999866485596,7.039999961853027,5.820000171661377,6.730000019073486,6.730000019073486,520600,EXEL
2003-08-15,6.730000019073486,7.099999904632568,6.730000019073486,7.039999961853027,7.039999961853027,146600,EXEL
2003-08-18,7.039999961853027,7.400000095367432,6.949999809265137,7.380000114440918,7.380000114440918,220900,EXEL
2003-08-19,7.400000095367432,7.559999942779541,7.329999923706055,7.409999847412109,7.409999847412109,295000,EXEL
2003-08-20,7.309999942779541,7.769999980926514,7.300000190734863,7.739999771118164,7.739999771118164,199300,EXEL
2003-08-21,7.739999771118164,7.78000020980835,7.449999809265137,7.5,7.5,216500,EXEL
2003-08-22,7.5,7.650000095367432,7.150000095367432,7.190000057220459,7.190000057220459,226700,EXEL
2003-08-25,7.150000095367432,7.28000020980835,6.900000095367432,7.190000057220459,7.190000057220459,234200,EXEL
2003-08-26,7.190000057220459,7.349999904632568,6.849999904632568,7.230000019073486,7.230000019073486,151300,EXEL
2003-08-27,7.179999828338623,7.46999979019165,7.170000076293945,7.389999866485596,7.389999866485596,180300,EXEL
2003-08-28,7.420000076293945,7.5,7.03000020980835,7.5,7.5,149300,EXEL
2003-08-29,7.460000038146973,7.460000038146973,7.25,7.25,7.25,84400,EXEL
2003-09-02,7.199999809265137,7.400000095367432,7.159999847412109,7.400000095367432,7.400000095367432,201900,EXEL
2003-09-03,7.429999828338623,7.599999904632568,7.389999866485596,7.5,7.5,298100,EXEL
2003-09-04,7.489999771118164,7.940000057220459,7.480000019073486,7.840000152587891,7.840000152587891,215800,EXEL
2003-09-05,7.840000152587891,7.840000152587891,7.420000076293945,7.449999809265137,7.449999809265137,132400,EXEL
2003-09-08,7.46999979019165,8.0,7.420000076293945,7.989999771118164,7.989999771118164,390900,EXEL
2003-09-09,8.0,8.149999618530273,7.789999961853027,8.100000381469727,8.100000381469727,215200,EXEL
2003-09-10,8.0600004196167,8.0600004196167,7.400000095367432,7.539999961853027,7.539999961853027,305100,EXEL
2003-09-11,7.53000020980835,7.800000190734863,7.480000019073486,7.739999771118164,7.739999771118164,162300,EXEL
2003-09-12,7.679999828338623,7.940000057220459,7.579999923706055,7.889999866485596,7.889999866485596,166900,EXEL
2003-09-15,8.149999618530273,8.600000381469727,8.010000228881836,8.119999885559082,8.119999885559082,393300,EXEL
2003-09-16,8.199999809265137,8.40999984741211,8.029999732971191,8.319999694824219,8.319999694824219,272100,EXEL
2003-09-17,8.25,8.510000228881836,8.25,8.270000457763672,8.270000457763672,154500,EXEL
2003-09-18,8.260000228881836,8.279999732971191,8.109999656677246,8.15999984741211,8.15999984741211,111000,EXEL
2003-09-19,8.350000381469727,8.520000457763672,7.949999809265137,8.420000076293945,8.420000076293945,270700,EXEL
2003-09-22,8.5,8.5,7.840000152587891,7.869999885559082,7.869999885559082,313300,EXEL
2003-09-23,7.849999904632568,8.149999618530273,7.800000190734863,8.050000190734863,8.050000190734863,219500,EXEL
2003-09-24,8.050000190734863,8.140000343322754,7.579999923706055,7.579999923706055,7.579999923706055,237700,EXEL
2003-09-25,7.619999885559082,7.989999771118164,7.050000190734863,7.489999771118164,7.489999771118164,381100,EXEL
2003-09-26,7.630000114440918,7.630000114440918,6.989999771118164,7.0,7.0,256800,EXEL
2003-09-29,7.0,7.5,7.0,7.28000020980835,7.28000020980835,207200,EXEL
2003-09-30,7.340000152587891,7.5,7.0,7.139999866485596,7.139999866485596,274800,EXEL
2003-10-01,7.159999847412109,7.630000114440918,7.050000190734863,7.590000152587891,7.590000152587891,250200,EXEL
2003-10-02,7.510000228881836,7.840000152587891,7.510000228881836,7.789999961853027,7.789999961853027,204100,EXEL
2003-10-03,7.710000038146973,8.0,7.690000057220459,7.789999961853027,7.789999961853027,214800,EXEL
2003-10-06,7.889999866485596,7.949999809265137,7.599999904632568,7.949999809265137,7.949999809265137,129400,EXEL
2003-10-07,7.900000095367432,8.0,7.5,7.949999809265137,7.949999809265137,208800,EXEL
2003-10-08,7.889999866485596,7.889999866485596,7.550000190734863,7.75,7.75,227100,EXEL
2003-10-09,7.730000019073486,7.96999979019165,7.400000095367432,7.739999771118164,7.739999771118164,200600,EXEL
2003-10-10,7.800000190734863,8.0,7.46999979019165,7.809999942779541,7.809999942779541,198000,EXEL
2003-10-13,7.820000171661377,8.140000343322754,7.670000076293945,7.96999979019165,7.96999979019165,130400,EXEL
2003-10-14,7.960000038146973,8.149999618530273,7.880000114440918,8.119999885559082,8.119999885559082,211400,EXEL
2003-10-15,8.130000114440918,8.210000038146973,7.480000019073486,7.699999809265137,7.699999809265137,137100,EXEL
2003-10-16,7.630000114440918,7.820000171661377,7.550000190734863,7.570000171661377,7.570000171661377,84800,EXEL
2003-10-17,7.699999809265137,7.75,7.179999828338623,7.300000190734863,7.300000190734863,176300,EXEL
2003-10-20,7.400000095367432,7.53000020980835,7.150000095367432,7.349999904632568,7.349999904632568,209000,EXEL
2003-10-21,7.300000190734863,7.889999866485596,7.199999809265137,7.809999942779541,7.809999942779541,204900,EXEL
2003-10-22,7.809999942779541,7.809999942779541,7.230000019073486,7.260000228881836,7.260000228881836,247600,EXEL
2003-10-23,7.230000019073486,7.389999866485596,7.119999885559082,7.150000095367432,7.150000095367432,274700,EXEL
2003-10-24,7.21999979019165,7.78000020980835,7.099999904632568,7.199999809265137,7.199999809265137,275800,EXEL
2003-10-27,7.400000095367432,7.599999904632568,7.170000076293945,7.409999847412109,7.409999847412109,156300,EXEL
2003-10-28,7.440000057220459,7.599999904632568,7.199999809265137,7.460000038146973,7.460000038146973,183100,EXEL
2003-10-29,7.260000228881836,7.5,7.170000076293945,7.480000019073486,7.480000019073486,176600,EXEL
2003-10-30,7.550000190734863,7.730000019073486,7.269999980926514,7.380000114440918,7.380000114440918,174200,EXEL
2003-10-31,7.25,7.789999961853027,7.25,7.429999828338623,7.429999828338623,284400,EXEL
2003-11-03,7.300000190734863,7.730000019073486,7.260000228881836,7.710000038146973,7.710000038146973,224500,EXEL
2003-11-04,7.679999828338623,7.730000019073486,7.28000020980835,7.320000171661377,7.320000171661377,210500,EXEL
2003-11-05,7.320000171661377,7.449999809265137,7.139999866485596,7.380000114440918,7.380000114440918,192500,EXEL
2003-11-06,7.380000114440918,7.429999828338623,7.110000133514404,7.420000076293945,7.420000076293945,280500,EXEL
2003-11-07,7.440000057220459,7.440000057220459,7.119999885559082,7.309999942779541,7.309999942779541,160600,EXEL
2003-11-10,7.389999866485596,7.389999866485596,6.840000152587891,6.929999828338623,6.929999828338623,376400,EXEL
2003-11-11,6.940000057220459,7.039999961853027,6.619999885559082,6.96999979019165,6.96999979019165,325000,EXEL
2003-11-12,7.039999961853027,7.150000095367432,6.760000228881836,6.949999809265137,6.949999809265137,395100,EXEL
2003-11-13,6.909999847412109,7.150000095367432,6.909999847412109,7.039999961853027,7.039999961853027,192100,EXEL
2003-11-14,7.03000020980835,7.190000057220459,6.329999923706055,6.400000095367432,6.400000095367432,602100,EXEL
2003-11-17,6.409999847412109,6.590000152587891,6.269999980926514,6.489999771118164,6.489999771118164,303300,EXEL
2003-11-18,6.489999771118164,6.650000095367432,6.099999904632568,6.119999885559082,6.119999885559082,260500,EXEL
2003-11-19,6.050000190734863,6.440000057220459,6.03000020980835,6.329999923706055,6.329999923706055,229300,EXEL
2003-11-20,6.389999866485596,6.650000095367432,6.159999847412109,6.28000020980835,6.28000020980835,351600,EXEL
2003-11-21,6.460000038146973,6.46999979019165,5.989999771118164,6.130000114440918,6.130000114440918,1687700,EXEL
2003-11-24,6.179999828338623,6.75,6.139999866485596,6.710000038146973,6.710000038146973,754800,EXEL
2003-11-25,6.699999809265137,6.800000190734863,6.199999809265137,6.46999979019165,6.46999979019165,426100,EXEL
2003-11-26,6.320000171661377,6.519999980926514,6.28000020980835,6.480000019073486,6.480000019073486,160900,EXEL
2003-11-28,6.300000190734863,6.789999961853027,6.300000190734863,6.699999809265137,6.699999809265137,403500,EXEL
2003-12-01,6.71999979019165,6.800000190734863,6.510000228881836,6.800000190734863,6.800000190734863,797500,EXEL
2003-12-02,6.800000190734863,7.150000095367432,6.639999866485596,6.800000190734863,6.800000190734863,408700,EXEL
2003-12-03,7.03000020980835,7.059999942779541,6.519999980926514,6.730000019073486,6.730000019073486,332300,EXEL
2003-12-04,6.619999885559082,6.78000020980835,6.300000190734863,6.699999809265137,6.699999809265137,443600,EXEL
2003-12-05,6.690000057220459,6.909999847412109,6.380000114440918,6.5,6.5,282800,EXEL
2003-12-08,6.440000057220459,6.550000190734863,6.260000228881836,6.489999771118164,6.489999771118164,227000,EXEL
2003-12-09,6.449999809265137,6.670000076293945,6.239999771118164,6.269999980926514,6.269999980926514,290000,EXEL
2003-12-10,6.449999809265137,6.480000019073486,6.110000133514404,6.150000095367432,6.150000095367432,261500,EXEL
2003-12-11,6.139999866485596,6.730000019073486,6.139999866485596,6.710000038146973,6.710000038146973,308900,EXEL
2003-12-12,6.789999961853027,6.949999809265137,6.420000076293945,6.519999980926514,6.519999980926514,193600,EXEL
2003-12-15,6.78000020980835,6.900000095367432,6.269999980926514,6.329999923706055,6.329999923706055,267700,EXEL
2003-12-16,6.300000190734863,6.519999980926514,6.179999828338623,6.46999979019165,6.46999979019165,224000,EXEL
2003-12-17,6.369999885559082,6.46999979019165,6.300000190734863,6.440000057220459,6.440000057220459,101800,EXEL
2003-12-18,6.75,6.840000152587891,6.139999866485596,6.670000076293945,6.670000076293945,391800,EXEL
2003-12-19,6.840000152587891,6.880000114440918,6.349999904632568,6.730000019073486,6.730000019073486,349100,EXEL
2003-12-22,6.679999828338623,6.730000019073486,6.46999979019165,6.590000152587891,6.590000152587891,164600,EXEL
2003-12-23,6.599999904632568,6.900000095367432,6.590000152587891,6.900000095367432,6.900000095367432,183100,EXEL
2003-12-24,6.829999923706055,6.849999904632568,6.670000076293945,6.800000190734863,6.800000190734863,99200,EXEL
2003-12-26,6.869999885559082,7.0,6.670000076293945,6.860000133514404,6.860000133514404,114600,EXEL
2003-12-29,6.670000076293945,7.130000114440918,6.670000076293945,7.070000171661377,7.070000171661377,274100,EXEL
2003-12-30,6.909999847412109,7.150000095367432,6.849999904632568,7.130000114440918,7.130000114440918,214800,EXEL
2003-12-31,6.960000038146973,7.119999885559082,6.710000038146973,7.050000190734863,7.050000190734863,308600,EXEL
2004-01-02,7.21999979019165,7.25,6.869999885559082,7.0,7.0,185500,EXEL
2004-01-05,6.900000095367432,7.199999809265137,6.820000171661377,6.820000171661377,6.820000171661377,406600,EXEL
2004-01-06,6.920000076293945,7.269999980926514,6.809999942779541,7.230000019073486,7.230000019073486,329400,EXEL
2004-01-07,7.300000190734863,7.400000095367432,6.96999979019165,7.400000095367432,7.400000095367432,424600,EXEL
2004-01-08,7.329999923706055,7.559999942779541,7.119999885559082,7.559999942779541,7.559999942779541,216800,EXEL
2004-01-09,7.53000020980835,7.769999980926514,7.389999866485596,7.659999847412109,7.659999847412109,334700,EXEL
2004-01-12,7.570000171661377,7.730000019073486,7.550000190734863,7.710000038146973,7.710000038146973,301200,EXEL
2004-01-13,7.699999809265137,7.75,7.5,7.590000152587891,7.590000152587891,258200,EXEL
2004-01-14,7.809999942779541,8.029999732971191,7.659999847412109,7.960000038146973,7.960000038146973,356600,EXEL
2004-01-15,7.940000057220459,8.010000228881836,7.75,7.949999809265137,7.949999809265137,222000,EXEL
2004-01-16,7.880000114440918,8.130000114440918,7.800000190734863,8.079999923706055,8.079999923706055,321500,EXEL
2004-01-20,7.900000095367432,8.199999809265137,7.78000020980835,8.199999809265137,8.199999809265137,368200,EXEL
2004-01-21,8.40999984741211,8.430000305175781,7.820000171661377,8.010000228881836,8.010000228881836,551500,EXEL
2004-01-22,8.100000381469727,8.350000381469727,7.699999809265137,7.699999809265137,7.699999809265137,331600,EXEL
2004-01-23,7.699999809265137,8.170000076293945,7.570000171661377,8.079999923706055,8.079999923706055,349500,EXEL
2004-01-26,8.149999618530273,8.270000457763672,7.829999923706055,8.100000381469727,8.100000381469727,467100,EXEL
2004-01-27,8.029999732971191,8.100000381469727,7.760000228881836,7.949999809265137,7.949999809265137,290300,EXEL
2004-01-28,7.949999809265137,8.100000381469727,7.5,7.510000228881836,7.510000228881836,268200,EXEL
2004-01-29,7.5,7.929999828338623,7.400000095367432,7.730000019073486,7.730000019073486,299700,EXEL
2004-01-30,7.699999809265137,8.050000190734863,7.260000228881836,7.920000076293945,7.920000076293945,605000,EXEL
2004-02-02,7.889999866485596,8.100000381469727,7.53000020980835,7.619999885559082,7.619999885559082,327400,EXEL
2004-02-03,7.53000020980835,7.639999866485596,7.329999923706055,7.329999923706055,7.329999923706055,274300,EXEL
2004-02-04,7.289999961853027,7.320000171661377,7.079999923706055,7.090000152587891,7.090000152587891,270100,EXEL
2004-02-05,7.099999904632568,7.429999828338623,7.050000190734863,7.210000038146973,7.210000038146973,619000,EXEL
2004-02-06,7.179999828338623,7.949999809265137,7.159999847412109,7.809999942779541,7.809999942779541,858000,EXEL
2004-02-09,8.039999961853027,8.100000381469727,7.610000133514404,7.679999828338623,7.679999828338623,329200,EXEL
2004-02-10,7.429999828338623,8.100000381469727,7.429999828338623,8.0600004196167,8.0600004196167,383500,EXEL
2004-02-11,8.0,8.100000381469727,7.730000019073486,8.09000015258789,8.09000015258789,350700,EXEL
2004-02-12,8.09000015258789,8.09000015258789,7.820000171661377,7.909999847412109,7.909999847412109,350100,EXEL
2004-02-13,7.889999866485596,8.079999923706055,7.849999904632568,8.0,8.0,343100,EXEL
2004-02-17,7.96999979019165,8.34000015258789,7.929999828338623,8.319999694824219,8.319999694824219,441400,EXEL
2004-02-18,8.470000267028809,8.859999656677246,8.359999656677246,8.579999923706055,8.579999923706055,711800,EXEL
2004-02-19,8.760000228881836,8.770000457763672,8.100000381469727,8.140000343322754,8.140000343322754,790700,EXEL
2004-02-20,8.100000381469727,8.630000114440918,8.069999694824219,8.5600004196167,8.5600004196167,820300,EXEL
2004-02-23,8.5600004196167,8.619999885559082,8.15999984741211,8.180000305175781,8.180000305175781,356700,EXEL
2004-02-24,8.180000305175781,8.5,8.130000114440918,8.5,8.5,290700,EXEL
2004-02-25,8.350000381469727,8.789999961853027,8.300000190734863,8.75,8.75,542700,EXEL
2004-02-26,8.5,8.859999656677246,8.430000305175781,8.859999656677246,8.859999656677246,310500,EXEL
2004-02-27,8.90999984741211,9.220000267028809,8.779999732971191,9.220000267028809,9.220000267028809,1191500,EXEL
2004-03-01,9.220000267028809,9.25,8.869999885559082,8.949999809265137,8.949999809265137,302100,EXEL
2004-03-02,9.0600004196167,9.149999618530273,8.649999618530273,9.0,9.0,629300,EXEL
2004-03-03,8.949999809265137,9.199999809265137,8.819999694824219,9.100000381469727,9.100000381469727,307100,EXEL
2004-03-04,9.130000114440918,9.260000228881836,8.869999885559082,9.25,9.25,261600,EXEL
2004-03-05,9.149999618530273,9.5,8.930000305175781,9.449999809265137,9.449999809265137,400900,EXEL
2004-03-08,9.420000076293945,9.420000076293945,8.800000190734863,9.0,9.0,463200,EXEL
2004-03-09,8.880000114440918,8.960000038146973,8.5600004196167,8.619999885559082,8.619999885559082,493700,EXEL
2004-03-10,8.5600004196167,8.859999656677246,8.069999694824219,8.180000305175781,8.180000305175781,429600,EXEL
2004-03-11,8.069999694824219,8.649999618530273,8.069999694824219,8.25,8.25,423700,EXEL
2004-03-12,8.289999961853027,8.819999694824219,8.289999961853027,8.800000190734863,8.800000190734863,387600,EXEL
2004-03-15,8.920000076293945,9.020000457763672,7.739999771118164,7.860000133514404,7.860000133514404,360400,EXEL
2004-03-16,8.020000457763672,8.319999694824219,7.929999828338623,8.109999656677246,8.109999656677246,467400,EXEL
2004-03-17,7.96999979019165,8.520000457763672,7.96999979019165,8.460000038146973,8.460000038146973,212000,EXEL
2004-03-18,8.420000076293945,8.569999694824219,8.100000381469727,8.34000015258789,8.34000015258789,298900,EXEL
2004-03-19,8.5,8.5,8.149999618530273,8.149999618530273,8.149999618530273,210600,EXEL
2004-03-22,8.229999542236328,8.229999542236328,7.860000133514404,8.0,8.0,338500,EXEL
2004-03-23,7.96999979019165,8.1899995803833,7.900000095367432,8.020000457763672,8.020000457763672,222500,EXEL
2004-03-24,8.069999694824219,8.1899995803833,7.829999923706055,7.829999923706055,7.829999923706055,311000,EXEL
2004-03-25,7.940000057220459,8.300000190734863,7.940000057220459,8.170000076293945,8.170000076293945,263900,EXEL
2004-03-26,8.130000114440918,8.350000381469727,7.849999904632568,7.96999979019165,7.96999979019165,250800,EXEL
2004-03-29,7.909999847412109,8.640000343322754,7.909999847412109,8.630000114440918,8.630000114440918,410000,EXEL
2004-03-30,8.649999618530273,8.779999732971191,8.479999542236328,8.699999809265137,8.699999809265137,158700,EXEL
2004-03-31,8.680000305175781,8.770000457763672,8.4399995803833,8.520000457763672,8.520000457763672,148000,EXEL
2004-04-01,8.710000038146973,8.859999656677246,8.539999961853027,8.789999961853027,8.789999961853027,168800,EXEL
2004-04-02,8.800000190734863,9.09000015258789,8.800000190734863,9.09000015258789,9.09000015258789,691400,EXEL
2004-04-05,9.0,9.489999771118164,8.960000038146973,9.430000305175781,9.430000305175781,320700,EXEL
2004-04-06,9.369999885559082,9.5,9.020000457763672,9.039999961853027,9.039999961853027,200300,EXEL
2004-04-07,9.039999961853027,9.140000343322754,8.84000015258789,9.100000381469727,9.100000381469727,383100,EXEL
2004-04-08,9.100000381469727,9.199999809265137,8.760000228881836,8.880000114440918,8.880000114440918,162500,EXEL
2004-04-12,8.8100004196167,9.279999732971191,8.8100004196167,9.140000343322754,9.140000343322754,264900,EXEL
2004-04-13,9.050000190734863,9.319999694824219,8.829999923706055,8.829999923706055,8.829999923706055,261000,EXEL
2004-04-14,8.989999771118164,9.09000015258789,8.550000190734863,8.739999771118164,8.739999771118164,165300,EXEL
2004-04-15,8.789999961853027,9.079999923706055,8.729999542236328,8.869999885559082,8.869999885559082,276100,EXEL
2004-04-16,8.899999618530273,9.300000190734863,8.729999542236328,9.220000267028809,9.220000267028809,244100,EXEL
2004-04-19,9.100000381469727,9.75,9.069999694824219,9.670000076293945,9.670000076293945,664100,EXEL
2004-04-20,9.5,9.710000038146973,8.989999771118164,9.130000114440918,9.130000114440918,480600,EXEL
2004-04-21,9.199999809265137,9.699999809265137,8.989999771118164,9.550000190734863,9.550000190734863,255300,EXEL
2004-04-22,9.600000381469727,10.020000457763672,9.600000381469727,9.729999542236328,9.729999542236328,541000,EXEL
2004-04-23,9.779999732971191,9.920000076293945,9.5,9.65999984741211,9.65999984741211,242100,EXEL
2004-04-26,9.770000457763672,10.109999656677246,9.649999618530273,9.979999542236328,9.979999542236328,354000,EXEL
2004-04-27,9.989999771118164,10.359999656677246,9.920000076293945,10.220000267028809,10.220000267028809,509600,EXEL
2004-04-28,10.260000228881836,10.260000228881836,9.819999694824219,9.930000305175781,9.930000305175781,580000,EXEL
2004-04-29,9.970000267028809,10.039999961853027,9.600000381469727,9.850000381469727,9.850000381469727,586300,EXEL
2004-04-30,9.920000076293945,10.079999923706055,9.039999961853027,9.09000015258789,9.09000015258789,456500,EXEL
2004-05-03,9.130000114440918,10.0,9.100000381469727,9.760000228881836,9.760000228881836,730300,EXEL
2004-05-04,9.680000305175781,10.0,9.609999656677246,9.859999656677246,9.859999656677246,420200,EXEL
2004-05-05,9.670000076293945,10.199999809265137,9.649999618530273,10.0,10.0,413900,EXEL
2004-05-06,10.0,10.0,9.649999618530273,9.720000267028809,9.720000267028809,402800,EXEL
2004-05-07,9.649999618530273,10.640000343322754,9.420000076293945,9.470000267028809,9.470000267028809,796400,EXEL
2004-05-10,9.270000457763672,9.510000228881836,9.010000228881836,9.270000457763672,9.270000457763672,655900,EXEL
2004-05-11,9.300000190734863,9.899999618530273,9.300000190734863,9.4399995803833,9.4399995803833,466100,EXEL
2004-05-12,9.260000228881836,9.5,8.84000015258789,9.3100004196167,9.3100004196167,530700,EXEL
2004-05-13,9.210000038146973,10.0,9.050000190734863,9.130000114440918,9.130000114440918,361700,EXEL
2004-05-14,9.069999694824219,9.289999961853027,8.970000267028809,9.010000228881836,9.010000228881836,406600,EXEL
2004-05-17,9.0,9.130000114440918,8.75,8.859999656677246,8.859999656677246,445400,EXEL
2004-05-18,9.010000228881836,9.199999809265137,8.800000190734863,9.039999961853027,9.039999961853027,283200,EXEL
2004-05-19,9.119999885559082,9.239999771118164,8.949999809265137,9.050000190734863,9.050000190734863,376600,EXEL
2004-05-20,9.0,9.119999885559082,8.899999618530273,9.020000457763672,9.020000457763672,226700,EXEL
2004-05-21,9.199999809265137,9.210000038146973,8.949999809265137,9.149999618530273,9.149999618530273,311400,EXEL
2004-05-24,9.149999618530273,9.300000190734863,9.0,9.09000015258789,9.09000015258789,328600,EXEL
2004-05-25,9.050000190734863,9.4399995803833,9.029999732971191,9.300000190734863,9.300000190734863,282300,EXEL
2004-05-26,9.260000228881836,9.390000343322754,9.119999885559082,9.359999656677246,9.359999656677246,183600,EXEL
2004-05-27,9.3100004196167,9.5,9.09000015258789,9.170000076293945,9.170000076293945,200600,EXEL
2004-05-28,9.119999885559082,9.25,9.100000381469727,9.210000038146973,9.210000038146973,98100,EXEL
2004-06-01,9.229999542236328,9.239999771118164,8.960000038146973,8.979999542236328,8.979999542236328,313500,EXEL
2004-06-02,8.970000267028809,9.199999809265137,8.970000267028809,9.140000343322754,9.140000343322754,194900,EXEL
2004-06-03,9.100000381469727,9.199999809265137,8.829999923706055,9.029999732971191,9.029999732971191,212600,EXEL
2004-06-04,9.050000190734863,9.199999809265137,8.859999656677246,9.050000190734863,9.050000190734863,154700,EXEL
2004-06-07,9.050000190734863,9.109999656677246,8.859999656677246,9.109999656677246,9.109999656677246,179400,EXEL
2004-06-08,9.109999656677246,9.149999618530273,8.960000038146973,8.989999771118164,8.989999771118164,227400,EXEL
2004-06-09,8.949999809265137,9.039999961853027,8.289999961853027,8.300000190734863,8.300000190734863,429200,EXEL
2004-06-10,8.479999542236328,8.520000457763672,8.039999961853027,8.380000114440918,8.380000114440918,317000,EXEL
2004-06-14,8.390000343322754,8.5,8.180000305175781,8.489999771118164,8.489999771118164,274400,EXEL
2004-06-15,8.539999961853027,8.59000015258789,8.479999542236328,8.5,8.5,343400,EXEL
2004-06-16,8.489999771118164,8.779999732971191,8.479999542236328,8.779999732971191,8.779999732971191,308700,EXEL
2004-06-17,8.779999732971191,8.779999732971191,8.460000038146973,8.649999618530273,8.649999618530273,294600,EXEL
2004-06-18,8.510000228881836,8.739999771118164,8.380000114440918,8.569999694824219,8.569999694824219,347100,EXEL
2004-06-21,8.569999694824219,8.84000015258789,8.529999732971191,8.779999732971191,8.779999732971191,304000,EXEL
2004-06-22,8.729999542236328,8.75,8.529999732971191,8.6899995803833,8.6899995803833,295900,EXEL
2004-06-23,8.699999809265137,9.510000228881836,8.529999732971191,9.350000381469727,9.350000381469727,402200,EXEL
2004-06-24,9.489999771118164,9.600000381469727,9.180000305175781,9.539999961853027,9.539999961853027,466600,EXEL
2004-06-25,9.489999771118164,9.970000267028809,9.4399995803833,9.920000076293945,9.920000076293945,826000,EXEL
2004-06-28,9.770000457763672,9.789999961853027,9.369999885559082,9.5,9.5,321200,EXEL
2004-06-29,9.59000015258789,10.050000190734863,9.529999732971191,10.050000190734863,10.050000190734863,523600,EXEL
2004-06-30,10.050000190734863,10.100000381469727,9.859999656677246,10.09000015258789,10.09000015258789,718800,EXEL
2004-07-01,10.0,10.100000381469727,9.40999984741211,9.470000267028809,9.470000267028809,397300,EXEL
2004-07-02,9.449999809265137,9.760000228881836,9.34000015258789,9.670000076293945,9.670000076293945,261700,EXEL
2004-07-06,9.609999656677246,9.670000076293945,9.229999542236328,9.229999542236328,9.229999542236328,410200,EXEL
2004-07-07,9.149999618530273,9.40999984741211,8.949999809265137,9.0,9.0,293500,EXEL
2004-07-08,9.0,9.050000190734863,8.399999618530273,8.420000076293945,8.420000076293945,431000,EXEL
2004-07-09,8.399999618530273,8.720000267028809,8.319999694824219,8.4399995803833,8.4399995803833,518300,EXEL
2004-07-12,8.470000267028809,8.470000267028809,8.130000114440918,8.239999771118164,8.239999771118164,302100,EXEL
2004-07-13,8.130000114440918,8.380000114440918,8.109999656677246,8.1899995803833,8.1899995803833,271900,EXEL
2004-07-14,8.140000343322754,8.3100004196167,7.940000057220459,8.130000114440918,8.130000114440918,292900,EXEL
2004-07-15,8.039999961853027,8.180000305175781,7.960000038146973,8.039999961853027,8.039999961853027,254000,EXEL
2004-07-16,8.029999732971191,8.050000190734863,7.650000095367432,7.809999942779541,7.809999942779541,348800,EXEL
2004-07-19,7.880000114440918,7.900000095367432,7.519999980926514,7.559999942779541,7.559999942779541,350600,EXEL
2004-07-20,7.679999828338623,8.130000114440918,7.5,8.119999885559082,8.119999885559082,399600,EXEL
2004-07-21,8.0,8.010000228881836,7.400000095367432,7.429999828338623,7.429999828338623,309600,EXEL
2004-07-22,7.5,7.949999809265137,7.440000057220459,7.800000190734863,7.800000190734863,371900,EXEL
2004-07-23,7.71999979019165,7.800000190734863,7.329999923706055,7.329999923706055,7.329999923706055,215800,EXEL
2004-07-26,7.449999809265137,7.510000228881836,7.019999980926514,7.269999980926514,7.269999980926514,212300,EXEL
2004-07-27,7.210000038146973,7.769999980926514,7.210000038146973,7.699999809265137,7.699999809265137,489800,EXEL
2004-07-28,7.53000020980835,7.929999828338623,7.199999809265137,7.880000114440918,7.880000114440918,429600,EXEL
2004-07-29,7.949999809265137,7.960000038146973,7.559999942779541,7.960000038146973,7.960000038146973,244100,EXEL
2004-07-30,7.920000076293945,7.96999979019165,7.699999809265137,7.920000076293945,7.920000076293945,238000,EXEL
2004-08-02,7.909999847412109,7.949999809265137,7.449999809265137,7.650000095367432,7.650000095367432,226800,EXEL
2004-08-03,7.650000095367432,7.650000095367432,7.25,7.25,7.25,417300,EXEL
2004-08-04,7.230000019073486,7.619999885559082,7.099999904632568,7.329999923706055,7.329999923706055,153200,EXEL
2004-08-05,7.309999942779541,7.460000038146973,7.159999847412109,7.159999847412109,7.159999847412109,192300,EXEL
2004-08-06,7.159999847412109,7.199999809265137,6.389999866485596,6.559999942779541,6.559999942779541,651500,EXEL
2004-08-09,6.590000152587891,6.659999847412109,6.119999885559082,6.119999885559082,6.119999885559082,359300,EXEL
2004-08-10,6.110000133514404,6.809999942779541,6.110000133514404,6.800000190734863,6.800000190734863,257200,EXEL
2004-08-11,6.710000038146973,7.190000057220459,6.309999942779541,6.789999961853027,6.789999961853027,559100,EXEL
2004-08-12,6.800000190734863,6.96999979019165,6.400000095367432,6.75,6.75,346400,EXEL
2004-08-13,6.639999866485596,6.869999885559082,6.440000057220459,6.550000190734863,6.550000190734863,118700,EXEL
2004-08-16,6.639999866485596,7.25,6.46999979019165,7.170000076293945,7.170000076293945,263700,EXEL
2004-08-17,7.050000190734863,7.389999866485596,7.050000190734863,7.380000114440918,7.380000114440918,390600,EXEL
2004-08-18,7.349999904632568,8.170000076293945,7.170000076293945,8.050000190734863,8.050000190734863,210000,EXEL
2004-08-19,8.130000114440918,8.130000114440918,7.510000228881836,7.550000190734863,7.550000190734863,167000,EXEL
2004-08-20,7.630000114440918,8.079999923706055,7.550000190734863,8.0,8.0,177600,EXEL
2004-08-23,8.050000190734863,8.100000381469727,7.659999847412109,7.730000019073486,7.730000019073486,208200,EXEL
2004-08-24,7.800000190734863,8.050000190734863,7.329999923706055,7.340000152587891,7.340000152587891,182800,EXEL
2004-08-25,7.329999923706055,7.699999809265137,7.210000038146973,7.619999885559082,7.619999885559082,225600,EXEL
2004-08-26,7.510000228881836,7.769999980926514,7.340000152587891,7.360000133514404,7.360000133514404,190000,EXEL
2004-08-27,7.329999923706055,7.869999885559082,7.329999923706055,7.75,7.75,134000,EXEL
2004-08-30,7.650000095367432,7.699999809265137,7.119999885559082,7.150000095367432,7.150000095367432,168700,EXEL
2004-08-31,7.119999885559082,7.800000190734863,7.050000190734863,7.800000190734863,7.800000190734863,671000,EXEL
2004-09-01,7.650000095367432,8.5,7.650000095367432,8.039999961853027,8.039999961853027,421300,EXEL
2004-09-02,7.440000057220459,8.069999694824219,7.429999828338623,8.020000457763672,8.020000457763672,417400,EXEL
2004-09-03,8.069999694824219,8.239999771118164,7.699999809265137,7.860000133514404,7.860000133514404,122100,EXEL
2004-09-07,7.860000133514404,8.1899995803833,7.78000020980835,7.949999809265137,7.949999809265137,181600,EXEL
2004-09-08,7.940000057220459,8.010000228881836,7.739999771118164,7.75,7.75,102300,EXEL
2004-09-09,7.860000133514404,8.119999885559082,7.650000095367432,8.0,8.0,217300,EXEL
2004-09-10,7.889999866485596,8.220000267028809,7.860000133514404,8.180000305175781,8.180000305175781,163200,EXEL
2004-09-13,8.180000305175781,8.449999809265137,8.050000190734863,8.449999809265137,8.449999809265137,227000,EXEL
2004-09-14,8.350000381469727,8.430000305175781,8.09000015258789,8.34000015258789,8.34000015258789,232100,EXEL
2004-09-15,8.289999961853027,8.420000076293945,8.1899995803833,8.270000457763672,8.270000457763672,166800,EXEL
2004-09-16,8.399999618530273,8.779999732971191,8.329999923706055,8.770000457763672,8.770000457763672,205200,EXEL
2004-09-17,8.699999809265137,9.069999694824219,8.579999923706055,8.84000015258789,8.84000015258789,413700,EXEL
2004-09-20,8.779999732971191,8.949999809265137,8.59000015258789,8.850000381469727,8.850000381469727,250200,EXEL
2004-09-21,8.819999694824219,9.0600004196167,8.699999809265137,9.039999961853027,9.039999961853027,195000,EXEL
2004-09-22,8.670000076293945,8.670000076293945,7.900000095367432,8.220000267028809,8.220000267028809,534500,EXEL
2004-09-23,8.050000190734863,8.449999809265137,8.050000190734863,8.149999618530273,8.149999618530273,154400,EXEL
2004-09-24,7.96999979019165,8.229999542236328,7.949999809265137,8.050000190734863,8.050000190734863,124600,EXEL
2004-09-27,8.050000190734863,8.170000076293945,7.760000228881836,7.769999980926514,7.769999980926514,469600,EXEL
2004-09-28,7.980000019073486,8.140000343322754,7.650000095367432,8.119999885559082,8.119999885559082,180900,EXEL
2004-09-29,7.690000057220459,8.170000076293945,7.599999904632568,8.149999618530273,8.149999618530273,373600,EXEL
2004-09-30,8.079999923706055,8.149999618530273,7.880000114440918,8.0600004196167,8.0600004196167,193100,EXEL
2004-10-01,8.069999694824219,8.640000343322754,8.069999694824219,8.600000381469727,8.600000381469727,355400,EXEL
2004-10-04,8.529999732971191,8.90999984741211,8.479999542236328,8.819999694824219,8.819999694824219,244900,EXEL
2004-10-05,8.770000457763672,8.890000343322754,8.579999923706055,8.680000305175781,8.680000305175781,266200,EXEL
2004-10-06,8.600000381469727,9.100000381469727,8.600000381469727,9.100000381469727,9.100000381469727,259400,EXEL
2004-10-07,8.899999618530273,9.100000381469727,8.449999809265137,8.470000267028809,8.470000267028809,285600,EXEL
2004-10-08,8.710000038146973,8.899999618530273,8.34000015258789,8.350000381469727,8.350000381469727,276000,EXEL
2004-10-11,8.390000343322754,8.770000457763672,8.329999923706055,8.699999809265137,8.699999809265137,103200,EXEL
2004-10-12,8.600000381469727,8.75,8.40999984741211,8.430000305175781,8.430000305175781,118500,EXEL
2004-10-13,8.529999732971191,8.649999618530273,8.180000305175781,8.180000305175781,8.180000305175781,152700,EXEL
2004-10-14,8.170000076293945,8.329999923706055,7.96999979019165,8.069999694824219,8.069999694824219,168400,EXEL
2004-10-15,8.0600004196167,8.5,7.980000019073486,8.229999542236328,8.229999542236328,237300,EXEL
2004-10-18,8.359999656677246,8.539999961853027,8.149999618530273,8.369999885559082,8.369999885559082,223800,EXEL
2004-10-19,8.449999809265137,8.75,8.300000190734863,8.59000015258789,8.59000015258789,290400,EXEL
2004-10-20,8.489999771118164,8.75,8.1899995803833,8.579999923706055,8.579999923706055,324800,EXEL
2004-10-21,8.489999771118164,8.760000228881836,8.390000343322754,8.579999923706055,8.579999923706055,140600,EXEL
2004-10-22,8.720000267028809,8.720000267028809,8.199999809265137,8.369999885559082,8.369999885559082,241400,EXEL
2004-10-25,8.319999694824219,8.5600004196167,8.210000038146973,8.5600004196167,8.5600004196167,189000,EXEL
2004-10-26,8.4399995803833,8.9399995803833,8.4399995803833,8.899999618530273,8.899999618530273,194600,EXEL
2004-10-27,8.65999984741211,8.899999618530273,8.59000015258789,8.899999618530273,8.899999618530273,398800,EXEL
2004-10-28,8.9399995803833,8.9399995803833,8.609999656677246,8.760000228881836,8.760000228881836,245200,EXEL
2004-10-29,8.600000381469727,8.930000305175781,8.5,8.899999618530273,8.899999618530273,568400,EXEL
2004-11-01,8.789999961853027,9.0,8.609999656677246,8.859999656677246,8.859999656677246,1086300,EXEL
2004-11-02,8.859999656677246,9.0600004196167,8.520000457763672,8.59000015258789,8.59000015258789,333800,EXEL
2004-11-03,8.65999984741211,9.0,8.65999984741211,8.800000190734863,8.800000190734863,296000,EXEL
2004-11-04,8.760000228881836,8.970000267028809,8.600000381469727,8.90999984741211,8.90999984741211,407800,EXEL
2004-11-05,8.760000228881836,9.039999961853027,8.699999809265137,8.890000343322754,8.890000343322754,248200,EXEL
2004-11-08,8.890000343322754,9.0,8.699999809265137,8.930000305175781,8.930000305175781,189600,EXEL
2004-11-09,8.9399995803833,9.239999771118164,8.84000015258789,8.920000076293945,8.920000076293945,528400,EXEL
2004-11-10,8.850000381469727,9.050000190734863,8.850000381469727,8.970000267028809,8.970000267028809,277600,EXEL
2004-11-11,8.9399995803833,9.050000190734863,8.850000381469727,9.0,9.0,195200,EXEL
2004-11-12,9.0,9.199999809265137,8.800000190734863,9.119999885559082,9.119999885559082,242000,EXEL
2004-11-15,9.119999885559082,9.25,9.020000457763672,9.25,9.25,400100,EXEL
2004-11-16,9.050000190734863,9.229999542236328,8.920000076293945,8.930000305175781,8.930000305175781,304900,EXEL
2004-11-17,9.15999984741211,9.270000457763672,8.850000381469727,9.039999961853027,9.039999961853027,269800,EXEL
2004-11-18,8.850000381469727,9.140000343322754,8.65999984741211,8.6899995803833,8.6899995803833,286900,EXEL
2004-11-19,8.720000267028809,8.770000457763672,8.260000228881836,8.529999732971191,8.529999732971191,243500,EXEL
2004-11-22,8.430000305175781,8.800000190734863,8.399999618530273,8.800000190734863,8.800000190734863,361200,EXEL
2004-11-23,8.899999618530273,8.899999618530273,8.520000457763672,8.800000190734863,8.800000190734863,321600,EXEL
2004-11-24,8.6899995803833,8.899999618530273,8.65999984741211,8.75,8.75,153700,EXEL
2004-11-26,8.699999809265137,8.880000114440918,8.550000190734863,8.6899995803833,8.6899995803833,76500,EXEL
2004-11-29,8.779999732971191,8.779999732971191,8.470000267028809,8.729999542236328,8.729999542236328,209800,EXEL
2004-11-30,8.609999656677246,8.970000267028809,8.5,8.970000267028809,8.970000267028809,388200,EXEL
2004-12-01,8.899999618530273,8.899999618530273,8.470000267028809,8.739999771118164,8.739999771118164,402400,EXEL
2004-12-02,8.609999656677246,8.869999885559082,8.5,8.869999885559082,8.869999885559082,625200,EXEL
2004-12-03,8.75,8.800000190734863,8.600000381469727,8.619999885559082,8.619999885559082,182100,EXEL
2004-12-06,8.829999923706055,9.0,8.609999656677246,8.920000076293945,8.920000076293945,477700,EXEL
2004-12-07,8.979999542236328,9.0,8.539999961853027,8.699999809265137,8.699999809265137,311800,EXEL
2004-12-08,8.859999656677246,9.0,8.699999809265137,8.949999809265137,8.949999809265137,273900,EXEL
2004-12-09,8.970000267028809,9.0,8.65999984741211,8.979999542236328,8.979999542236328,189400,EXEL
2004-12-10,8.989999771118164,9.170000076293945,8.779999732971191,8.920000076293945,8.920000076293945,169000,EXEL
2004-12-13,8.989999771118164,9.199999809265137,8.800000190734863,9.069999694824219,9.069999694824219,284500,EXEL
2004-12-14,9.140000343322754,9.300000190734863,8.9399995803833,9.300000190734863,9.300000190734863,255500,EXEL
2004-12-15,9.199999809265137,9.449999809265137,9.180000305175781,9.40999984741211,9.40999984741211,283000,EXEL
2004-12-16,9.300000190734863,9.489999771118164,9.119999885559082,9.25,9.25,471400,EXEL
2004-12-17,9.199999809265137,9.460000038146973,9.09000015258789,9.34000015258789,9.34000015258789,374200,EXEL
2004-12-20,9.1899995803833,9.489999771118164,9.1899995803833,9.289999961853027,9.289999961853027,196800,EXEL
2004-12-21,9.390000343322754,9.420000076293945,9.140000343322754,9.399999618530273,9.399999618530273,181200,EXEL
2004-12-22,9.380000114440918,9.5,9.199999809265137,9.489999771118164,9.489999771118164,175700,EXEL
2004-12-23,9.489999771118164,9.789999961853027,9.420000076293945,9.520000457763672,9.520000457763672,216900,EXEL
2004-12-27,9.4399995803833,9.550000190734863,9.34000015258789,9.550000190734863,9.550000190734863,193900,EXEL
2004-12-28,9.600000381469727,9.789999961853027,9.40999984741211,9.739999771118164,9.739999771118164,243100,EXEL
2004-12-29,9.520000457763672,9.699999809265137,9.449999809265137,9.619999885559082,9.619999885559082,195700,EXEL
2004-12-30,9.619999885559082,9.770000457763672,9.5,9.529999732971191,9.529999732971191,114200,EXEL
2004-12-31,9.609999656677246,9.649999618530273,9.460000038146973,9.5,9.5,210600,EXEL
2005-01-03,9.600000381469727,9.6899995803833,9.130000114440918,9.199999809265137,9.199999809265137,375900,EXEL
2005-01-04,9.329999923706055,9.420000076293945,8.710000038146973,8.800000190734863,8.800000190734863,343100,EXEL
2005-01-05,8.699999809265137,8.84000015258789,8.40999984741211,8.600000381469727,8.600000381469727,342600,EXEL
2005-01-06,8.619999885559082,8.850000381469727,8.350000381469727,8.649999618530273,8.649999618530273,216700,EXEL
2005-01-07,8.770000457763672,8.8100004196167,8.449999809265137,8.609999656677246,8.609999656677246,266100,EXEL
2005-01-10,8.529999732971191,8.899999618530273,8.510000228881836,8.579999923706055,8.579999923706055,268500,EXEL
2005-01-11,8.5600004196167,8.710000038146973,8.350000381469727,8.390000343322754,8.390000343322754,328400,EXEL
2005-01-12,9.069999694824219,9.149999618530273,8.300000190734863,8.75,8.75,655400,EXEL
2005-01-13,8.65999984741211,8.949999809265137,8.640000343322754,8.65999984741211,8.65999984741211,810300,EXEL
2005-01-14,8.789999961853027,8.979999542236328,8.550000190734863,8.640000343322754,8.640000343322754,303500,EXEL
2005-01-18,8.539999961853027,8.75,8.399999618530273,8.65999984741211,8.65999984741211,283200,EXEL
2005-01-19,8.4399995803833,8.699999809265137,8.010000228881836,8.079999923706055,8.079999923706055,686000,EXEL
2005-01-20,8.029999732971191,8.289999961853027,7.739999771118164,8.0,8.0,910300,EXEL
2005-01-21,8.0,8.079999923706055,7.599999904632568,7.849999904632568,7.849999904632568,489600,EXEL
2005-01-24,7.75,7.989999771118164,7.71999979019165,7.75,7.75,344000,EXEL
2005-01-25,7.739999771118164,8.010000228881836,7.710000038146973,7.809999942779541,7.809999942779541,247000,EXEL
2005-01-26,7.960000038146973,8.050000190734863,7.869999885559082,8.0,8.0,498000,EXEL
2005-01-27,7.909999847412109,8.069999694824219,7.789999961853027,7.909999847412109,7.909999847412109,223400,EXEL
2005-01-28,8.050000190734863,8.050000190734863,7.579999923706055,7.659999847412109,7.659999847412109,212100,EXEL
2005-01-31,7.800000190734863,7.960000038146973,7.75,7.760000228881836,7.760000228881836,88900,EXEL
2005-02-01,7.960000038146973,8.020000457763672,7.769999980926514,8.0,8.0,381900,EXEL
2005-02-02,7.909999847412109,8.0,7.610000133514404,7.75,7.75,262400,EXEL
2005-02-03,7.639999866485596,7.690000057220459,7.550000190734863,7.590000152587891,7.590000152587891,210700,EXEL
2005-02-04,7.710000038146973,8.050000190734863,7.639999866485596,8.039999961853027,8.039999961853027,294700,EXEL
2005-02-07,8.029999732971191,8.0600004196167,7.579999923706055,7.71999979019165,7.71999979019165,383000,EXEL
2005-02-08,7.809999942779541,7.809999942779541,7.519999980926514,7.639999866485596,7.639999866485596,186800,EXEL
2005-02-09,7.690000057220459,7.690000057220459,7.050000190734863,7.059999942779541,7.059999942779541,259000,EXEL
2005-02-10,7.019999980926514,7.400000095367432,6.739999771118164,6.960000038146973,6.960000038146973,559100,EXEL
2005-02-11,7.059999942779541,7.369999885559082,6.909999847412109,7.150000095367432,7.150000095367432,356700,EXEL
2005-02-14,7.269999980926514,7.269999980926514,6.909999847412109,6.96999979019165,6.96999979019165,152200,EXEL
2005-02-15,6.940000057220459,7.260000228881836,6.929999828338623,6.949999809265137,6.949999809265137,222200,EXEL
2005-02-16,6.929999828338623,7.090000152587891,6.800000190734863,7.0,7.0,306600,EXEL
2005-02-17,7.099999904632568,7.260000228881836,6.949999809265137,7.03000020980835,7.03000020980835,389500,EXEL
2005-02-18,7.099999904632568,7.170000076293945,6.96999979019165,7.079999923706055,7.079999923706055,173100,EXEL
2005-02-22,7.099999904632568,7.099999904632568,6.849999904632568,6.869999885559082,6.869999885559082,373900,EXEL
2005-02-23,6.849999904632568,7.039999961853027,6.849999904632568,7.0,7.0,833800,EXEL
2005-02-24,6.949999809265137,7.150000095367432,6.940000057220459,7.099999904632568,7.099999904632568,328500,EXEL
2005-02-25,7.039999961853027,7.400000095367432,7.0,7.400000095367432,7.400000095367432,219400,EXEL
2005-02-28,7.289999961853027,7.360000133514404,6.989999771118164,7.110000133514404,7.110000133514404,229100,EXEL
2005-03-01,7.050000190734863,7.179999828338623,7.03000020980835,7.110000133514404,7.110000133514404,174200,EXEL
2005-03-02,7.050000190734863,7.269999980926514,7.010000228881836,7.110000133514404,7.110000133514404,114900,EXEL
2005-03-03,7.079999923706055,7.199999809265137,6.920000076293945,6.980000019073486,6.980000019073486,337800,EXEL
2005-03-04,7.099999904632568,7.150000095367432,6.599999904632568,6.679999828338623,6.679999828338623,295900,EXEL
2005-03-07,6.610000133514404,6.71999979019165,6.289999961853027,6.320000171661377,6.320000171661377,287500,EXEL
2005-03-08,6.349999904632568,6.380000114440918,6.039999961853027,6.110000133514404,6.110000133514404,219500,EXEL
2005-03-09,6.070000171661377,6.420000076293945,6.019999980926514,6.300000190734863,6.300000190734863,475500,EXEL
2005-03-10,6.21999979019165,6.460000038146973,6.21999979019165,6.309999942779541,6.309999942779541,364200,EXEL
2005-03-11,6.260000228881836,6.429999828338623,6.260000228881836,6.300000190734863,6.300000190734863,185300,EXEL
2005-03-14,6.170000076293945,7.119999885559082,6.170000076293945,6.78000020980835,6.78000020980835,517300,EXEL
2005-03-15,6.960000038146973,7.070000171661377,6.429999828338623,6.480000019073486,6.480000019073486,306500,EXEL
2005-03-16,6.449999809265137,6.590000152587891,6.449999809265137,6.550000190734863,6.550000190734863,244200,EXEL
2005-03-17,6.590000152587891,6.809999942779541,6.480000019073486,6.71999979019165,6.71999979019165,456200,EXEL
2005-03-18,6.690000057220459,6.75,6.5,6.650000095367432,6.650000095367432,480100,EXEL
2005-03-21,6.699999809265137,6.980000019073486,6.489999771118164,6.920000076293945,6.920000076293945,224400,EXEL
2005-03-22,6.989999771118164,7.059999942779541,6.800000190734863,7.0,7.0,342900,EXEL
2005-03-23,7.0,7.090000152587891,6.960000038146973,7.019999980926514,7.019999980926514,219400,EXEL
2005-03-24,7.079999923706055,7.420000076293945,7.039999961853027,7.28000020980835,7.28000020980835,316700,EXEL
2005-03-28,7.28000020980835,7.349999904632568,7.099999904632568,7.150000095367432,7.150000095367432,966100,EXEL
2005-03-29,7.159999847412109,7.25,6.559999942779541,6.610000133514404,6.610000133514404,467000,EXEL
2005-03-30,6.590000152587891,6.96999979019165,6.510000228881836,6.920000076293945,6.920000076293945,326000,EXEL
2005-03-31,6.920000076293945,6.920000076293945,6.659999847412109,6.78000020980835,6.78000020980835,306300,EXEL
2005-04-01,6.809999942779541,6.929999828338623,6.510000228881836,6.699999809265137,6.699999809265137,244800,EXEL
2005-04-04,6.71999979019165,6.849999904632568,6.53000020980835,6.739999771118164,6.739999771118164,259100,EXEL
2005-04-05,6.820000171661377,6.949999809265137,6.599999904632568,6.650000095367432,6.650000095367432,600800,EXEL
2005-04-06,6.679999828338623,7.03000020980835,6.619999885559082,7.019999980926514,7.019999980926514,432300,EXEL
2005-04-07,7.019999980926514,7.320000171661377,6.96999979019165,7.21999979019165,7.21999979019165,333800,EXEL
2005-04-08,7.199999809265137,7.309999942779541,7.110000133514404,7.190000057220459,7.190000057220459,248600,EXEL
2005-04-11,7.130000114440918,7.329999923706055,7.070000171661377,7.150000095367432,7.150000095367432,257600,EXEL
2005-04-12,7.099999904632568,7.340000152587891,6.900000095367432,7.260000228881836,7.260000228881836,315200,EXEL
2005-04-13,7.289999961853027,7.360000133514404,7.199999809265137,7.329999923706055,7.329999923706055,440400,EXEL
2005-04-14,7.300000190734863,7.5,7.210000038146973,7.210000038146973,7.210000038146973,202300,EXEL
2005-04-15,7.260000228881836,7.670000076293945,7.150000095367432,7.190000057220459,7.190000057220459,201200,EXEL
2005-04-18,7.150000095367432,7.269999980926514,7.0,7.239999771118164,7.239999771118164,369600,EXEL
2005-04-19,7.199999809265137,7.389999866485596,6.980000019073486,7.199999809265137,7.199999809265137,451200,EXEL
2005-04-20,7.21999979019165,7.260000228881836,7.090000152587891,7.110000133514404,7.110000133514404,235400,EXEL
2005-04-21,7.150000095367432,7.210000038146973,7.070000171661377,7.159999847412109,7.159999847412109,550400,EXEL
2005-04-22,7.159999847412109,7.159999847412109,7.03000020980835,7.130000114440918,7.130000114440918,409900,EXEL
2005-04-25,7.090000152587891,7.239999771118164,7.050000190734863,7.199999809265137,7.199999809265137,335600,EXEL
2005-04-26,7.230000019073486,7.260000228881836,6.760000228881836,7.130000114440918,7.130000114440918,426200,EXEL
2005-04-27,7.039999961853027,7.179999828338623,6.940000057220459,7.079999923706055,7.079999923706055,106800,EXEL
2005-04-28,7.099999904632568,7.119999885559082,6.860000133514404,6.869999885559082,6.869999885559082,233500,EXEL
2005-04-29,6.840000152587891,6.949999809265137,6.699999809265137,6.849999904632568,6.849999904632568,325000,EXEL
2005-05-02,6.880000114440918,7.070000171661377,6.829999923706055,6.909999847412109,6.909999847412109,283500,EXEL
2005-05-03,6.889999866485596,6.989999771118164,6.730000019073486,6.860000133514404,6.860000133514404,258000,EXEL
2005-05-04,6.949999809265137,7.199999809265137,6.690000057220459,7.150000095367432,7.150000095367432,445200,EXEL
2005-05-05,7.099999904632568,7.480000019073486,7.070000171661377,7.480000019073486,7.480000019073486,642300,EXEL
2005-05-06,7.5,7.53000020980835,7.309999942779541,7.449999809265137,7.449999809265137,553400,EXEL
2005-05-09,7.489999771118164,7.579999923706055,7.309999942779541,7.579999923706055,7.579999923706055,553700,EXEL
2005-05-10,8.34000015258789,8.569999694824219,7.690000057220459,7.980000019073486,7.980000019073486,1394500,EXEL
2005-05-11,8.100000381469727,8.140000343322754,7.730000019073486,7.940000057220459,7.940000057220459,765900,EXEL
2005-05-12,8.0,8.039999961853027,7.769999980926514,7.820000171661377,7.820000171661377,316800,EXEL
2005-05-13,7.880000114440918,7.920000076293945,7.329999923706055,7.429999828338623,7.429999828338623,464900,EXEL
2005-05-16,7.519999980926514,7.570000171661377,7.28000020980835,7.5,7.5,317000,EXEL
2005-05-17,7.510000228881836,7.599999904632568,7.199999809265137,7.289999961853027,7.289999961853027,323600,EXEL
2005-05-18,7.329999923706055,7.5,7.25,7.349999904632568,7.349999904632568,301200,EXEL
2005-05-19,7.389999866485596,7.599999904632568,7.239999771118164,7.349999904632568,7.349999904632568,319200,EXEL
2005-05-20,7.369999885559082,7.630000114440918,7.079999923706055,7.159999847412109,7.159999847412109,334000,EXEL
2005-05-23,7.25,7.429999828338623,7.230000019073486,7.429999828338623,7.429999828338623,271700,EXEL
2005-05-24,7.449999809265137,7.53000020980835,7.349999904632568,7.409999847412109,7.409999847412109,225400,EXEL
2005-05-25,7.489999771118164,7.489999771118164,7.03000020980835,7.079999923706055,7.079999923706055,227800,EXEL
2005-05-26,7.119999885559082,7.199999809265137,7.099999904632568,7.199999809265137,7.199999809265137,164000,EXEL
2005-05-27,7.159999847412109,7.300000190734863,7.119999885559082,7.210000038146973,7.210000038146973,204600,EXEL
2005-05-31,7.260000228881836,7.289999961853027,6.980000019073486,7.019999980926514,7.019999980926514,202400,EXEL
2005-06-01,7.050000190734863,7.210000038146973,6.980000019073486,7.210000038146973,7.210000038146973,194700,EXEL
2005-06-02,7.130000114440918,7.25,7.050000190734863,7.110000133514404,7.110000133514404,188100,EXEL
2005-06-03,7.389999866485596,7.699999809265137,7.019999980926514,7.150000095367432,7.150000095367432,1015200,EXEL
2005-06-06,7.230000019073486,7.300000190734863,7.050000190734863,7.150000095367432,7.150000095367432,303300,EXEL
2005-06-07,7.190000057220459,7.300000190734863,7.059999942779541,7.130000114440918,7.130000114440918,303100,EXEL
2005-06-08,7.150000095367432,7.179999828338623,6.699999809265137,6.789999961853027,6.789999961853027,297000,EXEL
2005-06-09,6.789999961853027,7.0,6.619999885559082,6.980000019073486,6.980000019073486,255500,EXEL
2005-06-10,7.0,7.0,6.840000152587891,6.929999828338623,6.929999828338623,158000,EXEL
2005-06-13,7.079999923706055,7.190000057220459,6.960000038146973,7.190000057220459,7.190000057220459,309600,EXEL
2005-06-14,7.269999980926514,7.329999923706055,7.099999904632568,7.320000171661377,7.320000171661377,315900,EXEL
2005-06-15,7.300000190734863,7.46999979019165,7.199999809265137,7.400000095367432,7.400000095367432,302800,EXEL
2005-06-16,7.480000019073486,7.75,7.409999847412109,7.71999979019165,7.71999979019165,328500,EXEL
2005-06-17,7.75,7.849999904632568,7.440000057220459,7.440000057220459,7.440000057220459,622900,EXEL
2005-06-20,7.440000057220459,7.960000038146973,7.360000133514404,7.789999961853027,7.789999961853027,308600,EXEL
2005-06-21,7.849999904632568,8.0,7.789999961853027,7.860000133514404,7.860000133514404,242400,EXEL
2005-06-22,7.960000038146973,8.0,7.619999885559082,7.739999771118164,7.739999771118164,241600,EXEL
2005-06-23,7.679999828338623,7.840000152587891,7.5,7.510000228881836,7.510000228881836,202900,EXEL
2005-06-24,7.5,7.679999828338623,7.28000020980835,7.460000038146973,7.460000038146973,573200,EXEL
2005-06-27,7.519999980926514,7.539999961853027,7.079999923706055,7.300000190734863,7.300000190734863,246100,EXEL
2005-06-28,7.380000114440918,7.409999847412109,7.170000076293945,7.400000095367432,7.400000095367432,332900,EXEL
2005-06-29,7.400000095367432,7.449999809265137,7.269999980926514,7.369999885559082,7.369999885559082,260100,EXEL
2005-06-30,7.429999828338623,7.619999885559082,7.320000171661377,7.429999828338623,7.429999828338623,256000,EXEL
2005-07-01,7.380000114440918,7.440000057220459,7.119999885559082,7.21999979019165,7.21999979019165,324500,EXEL
2005-07-05,7.25,7.480000019073486,7.130000114440918,7.480000019073486,7.480000019073486,375900,EXEL
2005-07-06,7.46999979019165,7.5,7.25,7.269999980926514,7.269999980926514,189000,EXEL
2005-07-07,7.269999980926514,7.5,7.150000095367432,7.449999809265137,7.449999809265137,266500,EXEL
2005-07-08,7.550000190734863,8.5,7.460000038146973,8.399999618530273,8.399999618530273,906800,EXEL
2005-07-11,8.350000381469727,8.380000114440918,8.0,8.100000381469727,8.100000381469727,530100,EXEL
2005-07-12,8.149999618530273,8.300000190734863,8.0600004196167,8.140000343322754,8.140000343322754,358000,EXEL
2005-07-13,8.1899995803833,8.380000114440918,8.109999656677246,8.380000114440918,8.380000114440918,350400,EXEL
2005-07-14,8.359999656677246,8.430000305175781,8.109999656677246,8.25,8.25,450700,EXEL
2005-07-15,8.279999732971191,8.420000076293945,8.130000114440918,8.380000114440918,8.380000114440918,333900,EXEL
2005-07-18,8.300000190734863,8.5,8.300000190734863,8.380000114440918,8.380000114440918,305000,EXEL
2005-07-19,8.479999542236328,8.670000076293945,8.329999923706055,8.609999656677246,8.609999656677246,327600,EXEL
2005-07-20,8.699999809265137,9.319999694824219,8.619999885559082,9.220000267028809,9.220000267028809,1637400,EXEL
2005-07-21,9.220000267028809,9.25,8.899999618530273,9.039999961853027,9.039999961853027,525500,EXEL
2005-07-22,8.90999984741211,9.09000015258789,8.65999984741211,8.960000038146973,8.960000038146973,346500,EXEL
2005-07-25,8.890000343322754,9.039999961853027,8.819999694824219,8.829999923706055,8.829999923706055,296500,EXEL
2005-07-26,8.800000190734863,9.149999618530273,8.789999961853027,9.09000015258789,9.09000015258789,249700,EXEL
2005-07-27,9.140000343322754,9.140000343322754,8.800000190734863,8.859999656677246,8.859999656677246,523200,EXEL
2005-07-28,8.930000305175781,8.930000305175781,8.760000228881836,8.850000381469727,8.850000381469727,237400,EXEL
2005-07-29,8.899999618530273,9.020000457763672,8.770000457763672,8.859999656677246,8.859999656677246,381600,EXEL
2005-08-01,8.930000305175781,9.329999923706055,8.899999618530273,9.140000343322754,9.140000343322754,551000,EXEL
2005-08-02,9.1899995803833,9.369999885559082,9.069999694824219,9.199999809265137,9.199999809265137,689600,EXEL
2005-08-03,9.199999809265137,9.319999694824219,9.109999656677246,9.170000076293945,9.170000076293945,285100,EXEL
2005-08-04,9.170000076293945,9.270000457763672,8.869999885559082,8.899999618530273,8.899999618530273,301100,EXEL
2005-08-05,8.850000381469727,8.989999771118164,8.75,8.789999961853027,8.789999961853027,346000,EXEL
2005-08-08,8.800000190734863,8.970000267028809,8.550000190734863,8.579999923706055,8.579999923706055,299700,EXEL
2005-08-09,8.520000457763672,8.5600004196167,7.889999866485596,8.319999694824219,8.319999694824219,866800,EXEL
2005-08-10,8.369999885559082,8.390000343322754,8.050000190734863,8.220000267028809,8.220000267028809,488900,EXEL
2005-08-11,8.199999809265137,8.3100004196167,8.039999961853027,8.289999961853027,8.289999961853027,297800,EXEL
2005-08-12,8.300000190734863,8.300000190734863,7.949999809265137,8.050000190734863,8.050000190734863,283800,EXEL
2005-08-15,8.010000228881836,8.329999923706055,8.0,8.270000457763672,8.270000457763672,394400,EXEL
2005-08-16,8.220000267028809,8.34000015258789,8.09000015258789,8.199999809265137,8.199999809265137,402800,EXEL
2005-08-17,7.820000171661377,7.900000095367432,7.639999866485596,7.75,7.75,789500,EXEL
2005-08-18,7.75,7.820000171661377,7.679999828338623,7.760000228881836,7.760000228881836,681100,EXEL
2005-08-19,7.789999961853027,7.789999961853027,7.630000114440918,7.659999847412109,7.659999847412109,402400,EXEL
2005-08-22,7.650000095367432,7.710000038146973,7.550000190734863,7.659999847412109,7.659999847412109,277600,EXEL
2005-08-23,7.670000076293945,7.769999980926514,7.599999904632568,7.690000057220459,7.690000057220459,511700,EXEL
2005-08-24,7.730000019073486,7.789999961853027,7.570000171661377,7.670000076293945,7.670000076293945,379800,EXEL
2005-08-25,7.630000114440918,7.840000152587891,7.590000152587891,7.650000095367432,7.650000095367432,224000,EXEL
2005-08-26,7.659999847412109,7.670000076293945,7.579999923706055,7.579999923706055,7.579999923706055,210500,EXEL
2005-08-29,7.570000171661377,7.71999979019165,7.449999809265137,7.590000152587891,7.590000152587891,318700,EXEL
2005-08-30,7.570000171661377,7.699999809265137,7.460000038146973,7.480000019073486,7.480000019073486,571700,EXEL
2005-08-31,7.570000171661377,7.599999904632568,7.460000038146973,7.5,7.5,723600,EXEL
2005-09-01,7.550000190734863,7.900000095367432,7.550000190734863,7.889999866485596,7.889999866485596,346700,EXEL
2005-09-02,7.849999904632568,8.039999961853027,7.679999828338623,7.739999771118164,7.739999771118164,407400,EXEL
2005-09-06,7.860000133514404,7.929999828338623,7.690000057220459,7.880000114440918,7.880000114440918,805400,EXEL
2005-09-07,7.849999904632568,7.980000019073486,7.75,7.900000095367432,7.900000095367432,357200,EXEL
2005-09-08,7.860000133514404,8.010000228881836,7.809999942779541,8.0,8.0,357100,EXEL
2005-09-09,8.029999732971191,8.130000114440918,7.840000152587891,8.130000114440918,8.130000114440918,259500,EXEL
2005-09-12,8.109999656677246,8.140000343322754,8.0,8.09000015258789,8.09000015258789,233400,EXEL
2005-09-13,8.029999732971191,8.0600004196167,7.75,7.829999923706055,7.829999923706055,284200,EXEL
2005-09-14,7.889999866485596,7.920000076293945,7.559999942779541,7.559999942779541,7.559999942779541,242300,EXEL
2005-09-15,7.610000133514404,7.739999771118164,7.420000076293945,7.489999771118164,7.489999771118164,235300,EXEL
2005-09-16,7.559999942779541,7.71999979019165,7.53000020980835,7.639999866485596,7.639999866485596,549300,EXEL
2005-09-19,7.659999847412109,7.78000020980835,7.480000019073486,7.519999980926514,7.519999980926514,148900,EXEL
2005-09-20,7.550000190734863,7.71999979019165,7.309999942779541,7.360000133514404,7.360000133514404,246600,EXEL
2005-09-21,7.309999942779541,7.380000114440918,7.150000095367432,7.150000095367432,7.150000095367432,207900,EXEL
2005-09-22,7.150000095367432,7.409999847412109,7.099999904632568,7.329999923706055,7.329999923706055,208600,EXEL
2005-09-23,7.28000020980835,7.380000114440918,7.210000038146973,7.360000133514404,7.360000133514404,165100,EXEL
2005-09-26,7.449999809265137,7.5,7.309999942779541,7.429999828338623,7.429999828338623,226100,EXEL
2005-09-27,7.400000095367432,7.53000020980835,7.309999942779541,7.460000038146973,7.460000038146973,251600,EXEL
2005-09-28,7.46999979019165,7.559999942779541,7.340000152587891,7.449999809265137,7.449999809265137,225000,EXEL
2005-09-29,7.46999979019165,7.53000020980835,7.309999942779541,7.519999980926514,7.519999980926514,196100,EXEL
2005-09-30,7.480000019073486,7.670000076293945,7.440000057220459,7.650000095367432,7.650000095367432,249500,EXEL
2005-10-03,7.670000076293945,7.96999979019165,7.599999904632568,7.929999828338623,7.929999828338623,325600,EXEL
2005-10-04,7.929999828338623,8.15999984741211,7.800000190734863,7.820000171661377,7.820000171661377,362300,EXEL
2005-10-05,7.760000228881836,7.820000171661377,7.329999923706055,7.400000095367432,7.400000095367432,434500,EXEL
2005-10-06,7.440000057220459,7.550000190734863,7.170000076293945,7.179999828338623,7.179999828338623,433500,EXEL
2005-10-07,7.190000057220459,7.489999771118164,7.159999847412109,7.210000038146973,7.210000038146973,251400,EXEL
2005-10-10,7.269999980926514,7.389999866485596,7.190000057220459,7.230000019073486,7.230000019073486,110000,EXEL
2005-10-11,7.440000057220459,7.449999809265137,7.019999980926514,7.019999980926514,7.019999980926514,394800,EXEL
2005-10-12,7.0,7.190000057220459,6.53000020980835,6.960000038146973,6.960000038146973,937100,EXEL
2005-10-13,6.909999847412109,7.28000020980835,6.909999847412109,7.269999980926514,7.269999980926514,342200,EXEL
2005-10-14,7.309999942779541,7.510000228881836,7.119999885559082,7.46999979019165,7.46999979019165,215000,EXEL
2005-10-17,7.489999771118164,7.639999866485596,7.21999979019165,7.380000114440918,7.380000114440918,152200,EXEL
2005-10-18,7.400000095367432,7.409999847412109,7.079999923706055,7.28000020980835,7.28000020980835,164500,EXEL
2005-10-19,7.230000019073486,7.360000133514404,7.070000171661377,7.340000152587891,7.340000152587891,400200,EXEL
2005-10-20,7.5,7.510000228881836,7.159999847412109,7.25,7.25,234800,EXEL
2005-10-21,7.289999961853027,7.5,7.25,7.269999980926514,7.269999980926514,350000,EXEL
2005-10-24,7.28000020980835,7.78000020980835,7.269999980926514,7.78000020980835,7.78000020980835,318500,EXEL
2005-10-25,7.699999809265137,7.920000076293945,7.610000133514404,7.860000133514404,7.860000133514404,383000,EXEL
2005-10-26,7.880000114440918,8.0,7.650000095367432,7.699999809265137,7.699999809265137,314800,EXEL
2005-10-27,7.739999771118164,7.75,7.309999942779541,7.349999904632568,7.349999904632568,277800,EXEL
2005-10-28,7.440000057220459,7.53000020980835,7.260000228881836,7.400000095367432,7.400000095367432,368500,EXEL
2005-10-31,7.5,7.849999904632568,7.400000095367432,7.730000019073486,7.730000019073486,449200,EXEL
2005-11-01,7.679999828338623,7.760000228881836,7.53000020980835,7.579999923706055,7.579999923706055,156700,EXEL
2005-11-02,7.630000114440918,7.880000114440918,7.53000020980835,7.880000114440918,7.880000114440918,302700,EXEL
2005-11-03,8.0,8.100000381469727,7.849999904632568,7.900000095367432,7.900000095367432,251500,EXEL
2005-11-04,8.029999732971191,8.5,8.029999732971191,8.5,8.5,403700,EXEL
2005-11-07,8.449999809265137,8.850000381469727,8.4399995803833,8.829999923706055,8.829999923706055,376100,EXEL
2005-11-08,8.789999961853027,8.9399995803833,8.59000015258789,8.760000228881836,8.760000228881836,299400,EXEL
2005-11-09,8.760000228881836,9.0,8.760000228881836,8.9399995803833,8.9399995803833,283200,EXEL
2005-11-10,8.899999618530273,9.09000015258789,8.649999618530273,9.039999961853027,9.039999961853027,483600,EXEL
2005-11-11,9.0,9.039999961853027,8.819999694824219,8.970000267028809,8.970000267028809,212600,EXEL
2005-11-14,9.0600004196167,9.069999694824219,8.479999542236328,8.550000190734863,8.550000190734863,353800,EXEL
2005-11-15,8.5600004196167,8.920000076293945,8.319999694824219,8.319999694824219,8.319999694824219,361700,EXEL
2005-11-16,8.329999923706055,8.380000114440918,7.929999828338623,8.069999694824219,8.069999694824219,314700,EXEL
2005-11-17,8.180000305175781,8.34000015258789,8.069999694824219,8.3100004196167,8.3100004196167,381800,EXEL
2005-11-18,8.449999809265137,8.670000076293945,8.390000343322754,8.649999618530273,8.649999618530273,314400,EXEL
2005-11-21,8.579999923706055,8.800000190734863,8.510000228881836,8.789999961853027,8.789999961853027,251200,EXEL
2005-11-22,8.800000190734863,8.800000190734863,8.449999809265137,8.539999961853027,8.539999961853027,550300,EXEL
2005-11-23,8.5600004196167,8.5600004196167,8.4399995803833,8.5,8.5,176000,EXEL
2005-11-25,8.479999542236328,8.479999542236328,8.329999923706055,8.34000015258789,8.34000015258789,38200,EXEL
2005-11-28,8.34000015258789,8.34000015258789,7.909999847412109,7.980000019073486,7.980000019073486,294500,EXEL
2005-11-29,8.079999923706055,8.079999923706055,7.829999923706055,7.869999885559082,7.869999885559082,198500,EXEL
2005-11-30,7.869999885559082,8.079999923706055,7.820000171661377,8.079999923706055,8.079999923706055,225500,EXEL
2005-12-01,8.15999984741211,8.229999542236328,7.96999979019165,8.140000343322754,8.140000343322754,427200,EXEL
2005-12-02,8.0600004196167,8.109999656677246,7.909999847412109,8.069999694824219,8.069999694824219,263400,EXEL
2005-12-05,8.010000228881836,8.25,7.980000019073486,8.210000038146973,8.210000038146973,204000,EXEL
2005-12-06,8.789999961853027,8.800000190734863,8.25,8.279999732971191,8.279999732971191,658400,EXEL
2005-12-07,8.449999809265137,8.630000114440918,8.390000343322754,8.510000228881836,8.510000228881836,511200,EXEL
2005-12-08,8.579999923706055,8.800000190734863,8.510000228881836,8.800000190734863,8.800000190734863,640800,EXEL
2005-12-09,8.75,8.989999771118164,8.670000076293945,8.899999618530273,8.899999618530273,315600,EXEL
2005-12-12,8.859999656677246,9.069999694824219,8.859999656677246,9.0,9.0,279700,EXEL
2005-12-13,8.930000305175781,9.199999809265137,8.930000305175781,9.149999618530273,9.149999618530273,354000,EXEL
2005-12-14,9.170000076293945,9.25,8.960000038146973,9.0,9.0,598600,EXEL
2005-12-15,8.970000267028809,9.119999885559082,8.949999809265137,9.010000228881836,9.010000228881836,386000,EXEL
2005-12-16,9.050000190734863,9.199999809265137,8.949999809265137,9.140000343322754,9.140000343322754,1030300,EXEL
2005-12-19,9.140000343322754,9.220000267028809,8.630000114440918,8.710000038146973,8.710000038146973,532000,EXEL
2005-12-20,8.699999809265137,8.989999771118164,8.449999809265137,8.920000076293945,8.920000076293945,424800,EXEL
2005-12-21,9.0,9.15999984741211,8.920000076293945,9.140000343322754,9.140000343322754,383200,EXEL
2005-12-22,9.220000267028809,9.59000015258789,9.210000038146973,9.579999923706055,9.579999923706055,704700,EXEL
2005-12-23,9.550000190734863,9.949999809265137,9.550000190734863,9.819999694824219,9.819999694824219,393900,EXEL
2005-12-27,9.90999984741211,9.960000038146973,9.760000228881836,9.859999656677246,9.859999656677246,374700,EXEL
2005-12-28,9.859999656677246,9.859999656677246,9.579999923706055,9.670000076293945,9.670000076293945,267000,EXEL
2005-12-29,9.619999885559082,9.75,9.390000343322754,9.390000343322754,9.390000343322754,305700,EXEL
2005-12-30,9.390000343322754,9.420000076293945,9.09000015258789,9.420000076293945,9.420000076293945,705900,EXEL
2006-01-03,9.220000267028809,9.789999961853027,9.220000267028809,9.739999771118164,9.739999771118164,358200,EXEL
2006-01-04,9.75,9.850000381469727,9.569999694824219,9.760000228881836,9.760000228881836,696400,EXEL
2006-01-05,9.829999923706055,10.09000015258789,9.779999732971191,10.0,10.0,431300,EXEL
2006-01-06,10.0,10.4399995803833,9.850000381469727,10.399999618530273,10.399999618530273,578700,EXEL
2006-01-09,10.489999771118164,10.970000267028809,10.279999732971191,10.949999809265137,10.949999809265137,732400,EXEL
2006-01-10,10.949999809265137,11.0,10.59000015258789,10.90999984741211,10.90999984741211,442000,EXEL
2006-01-11,10.970000267028809,11.0,10.420000076293945,10.600000381469727,10.600000381469727,556500,EXEL
2006-01-12,10.640000343322754,10.729999542236328,10.15999984741211,10.3100004196167,10.3100004196167,500100,EXEL
2006-01-13,10.399999618530273,10.630000114440918,10.329999923706055,10.630000114440918,10.630000114440918,231300,EXEL
2006-01-17,10.510000228881836,10.5600004196167,10.25,10.479999542236328,10.479999542236328,341700,EXEL
2006-01-18,10.420000076293945,10.960000038146973,10.279999732971191,10.75,10.75,312400,EXEL
2006-01-19,10.779999732971191,11.470000267028809,10.680000305175781,11.380000114440918,11.380000114440918,755400,EXEL
2006-01-20,11.390000343322754,11.75,11.3100004196167,11.4399995803833,11.4399995803833,1400900,EXEL
2006-01-23,11.520000457763672,11.579999923706055,11.020000457763672,11.289999961853027,11.289999961853027,910300,EXEL
2006-01-24,11.289999961853027,11.399999618530273,10.949999809265137,10.979999542236328,10.979999542236328,988400,EXEL
2006-01-25,11.0,11.140000343322754,10.960000038146973,11.010000228881836,11.010000228881836,1281500,EXEL
2006-01-26,11.119999885559082,11.279999732971191,10.75,11.0,11.0,726200,EXEL
2006-01-27,11.010000228881836,11.180000305175781,10.760000228881836,11.010000228881836,11.010000228881836,539200,EXEL
2006-01-30,11.100000381469727,11.100000381469727,10.739999771118164,10.770000457763672,10.770000457763672,277000,EXEL
2006-01-31,10.770000457763672,10.84000015258789,10.600000381469727,10.779999732971191,10.779999732971191,522700,EXEL
2006-02-01,10.859999656677246,11.0,10.670000076293945,10.90999984741211,10.90999984741211,849000,EXEL
2006-02-02,10.899999618530273,11.100000381469727,10.649999618530273,10.850000381469727,10.850000381469727,497100,EXEL
2006-02-03,10.779999732971191,10.890000343322754,10.4399995803833,10.65999984741211,10.65999984741211,221100,EXEL
2006-02-06,10.5,10.670000076293945,10.380000114440918,10.550000190734863,10.550000190734863,174500,EXEL
2006-02-07,10.489999771118164,10.680000305175781,10.0,10.050000190734863,10.050000190734863,406200,EXEL
2006-02-08,10.100000381469727,10.3100004196167,9.970000267028809,10.210000038146973,10.210000038146973,239300,EXEL
2006-02-09,10.25,10.619999885559082,10.100000381469727,10.170000076293945,10.170000076293945,474200,EXEL
2006-02-10,10.130000114440918,10.149999618530273,9.930000305175781,9.989999771118164,9.989999771118164,296400,EXEL
2006-02-13,9.970000267028809,10.0,9.630000114440918,9.729999542236328,9.729999542236328,295100,EXEL
2006-02-14,9.789999961853027,10.1899995803833,9.65999984741211,10.010000228881836,10.010000228881836,457600,EXEL
2006-02-15,9.989999771118164,10.279999732971191,9.930000305175781,10.25,10.25,466800,EXEL
2006-02-16,10.1899995803833,10.329999923706055,10.039999961853027,10.229999542236328,10.229999542236328,486300,EXEL
2006-02-17,10.289999961853027,10.289999961853027,10.100000381469727,10.1899995803833,10.1899995803833,337300,EXEL
2006-02-21,10.199999809265137,10.25,9.760000228881836,9.850000381469727,9.850000381469727,220000,EXEL
2006-02-22,9.800000190734863,10.270000457763672,9.800000190734863,10.130000114440918,10.130000114440918,686000,EXEL
2006-02-23,10.15999984741211,10.5,10.15999984741211,10.399999618530273,10.399999618530273,752400,EXEL
2006-02-24,10.369999885559082,10.6899995803833,10.25,10.6899995803833,10.6899995803833,386300,EXEL
2006-02-27,10.75,11.130000114440918,10.739999771118164,10.989999771118164,10.989999771118164,457600,EXEL
2006-02-28,10.989999771118164,10.989999771118164,10.5600004196167,10.859999656677246,10.859999656677246,644000,EXEL
2006-03-01,10.84000015258789,11.199999809265137,10.720000267028809,11.180000305175781,11.180000305175781,475800,EXEL
2006-03-02,11.149999618530273,11.390000343322754,11.029999732971191,11.15999984741211,11.15999984741211,472100,EXEL
2006-03-03,11.119999885559082,11.460000038146973,11.020000457763672,11.210000038146973,11.210000038146973,370100,EXEL
2006-03-06,11.289999961853027,11.289999961853027,11.029999732971191,11.130000114440918,11.130000114440918,426700,EXEL
2006-03-07,11.100000381469727,11.260000228881836,10.8100004196167,11.039999961853027,11.039999961853027,474700,EXEL
2006-03-08,10.970000267028809,11.479999542236328,10.90999984741211,11.350000381469727,11.350000381469727,365600,EXEL
2006-03-09,11.329999923706055,11.550000190734863,11.199999809265137,11.289999961853027,11.289999961853027,354000,EXEL
2006-03-10,11.3100004196167,11.640000343322754,11.199999809265137,11.640000343322754,11.640000343322754,257000,EXEL
2006-03-13,11.640000343322754,12.149999618530273,11.569999694824219,11.600000381469727,11.600000381469727,762400,EXEL
2006-03-14,11.579999923706055,11.729999542236328,11.220000267028809,11.5,11.5,297100,EXEL
2006-03-15,11.5,11.680000305175781,11.3100004196167,11.520000457763672,11.520000457763672,220100,EXEL
2006-03-16,11.569999694824219,11.680000305175781,11.399999618530273,11.5,11.5,146600,EXEL
2006-03-17,11.5600004196167,11.859999656677246,11.359999656677246,11.779999732971191,11.779999732971191,702300,EXEL
2006-03-20,12.100000381469727,12.140000343322754,11.510000228881836,11.850000381469727,11.850000381469727,344500,EXEL
2006-03-21,11.300000190734863,11.829999923706055,11.09000015258789,11.300000190734863,11.300000190734863,474500,EXEL
2006-03-22,11.260000228881836,11.369999885559082,10.920000076293945,11.270000457763672,11.270000457763672,270800,EXEL
2006-03-23,11.229999542236328,11.300000190734863,10.9399995803833,11.210000038146973,11.210000038146973,253500,EXEL
2006-03-24,11.239999771118164,11.279999732971191,11.020000457763672,11.229999542236328,11.229999542236328,185300,EXEL
2006-03-27,11.15999984741211,11.430000305175781,11.039999961853027,11.390000343322754,11.390000343322754,229900,EXEL
2006-03-28,11.630000114440918,12.210000038146973,11.569999694824219,11.729999542236328,11.729999542236328,475500,EXEL
2006-03-29,11.8100004196167,12.199999809265137,11.760000228881836,12.020000457763672,12.020000457763672,354900,EXEL
2006-03-30,12.100000381469727,12.170000076293945,11.779999732971191,12.119999885559082,12.119999885559082,284000,EXEL
2006-03-31,12.15999984741211,12.170000076293945,11.84000015258789,12.010000228881836,12.010000228881836,482100,EXEL
2006-04-03,12.029999732971191,12.489999771118164,11.800000190734863,12.0,12.0,1100600,EXEL
2006-04-04,12.039999961853027,12.130000114440918,11.800000190734863,11.960000038146973,11.960000038146973,431700,EXEL
2006-04-05,11.979999542236328,11.989999771118164,11.5,11.649999618530273,11.649999618530273,430200,EXEL
2006-04-06,11.720000267028809,11.760000228881836,11.229999542236328,11.520000457763672,11.520000457763672,492400,EXEL
2006-04-07,11.5600004196167,11.720000267028809,11.119999885559082,11.260000228881836,11.260000228881836,304600,EXEL
2006-04-10,11.270000457763672,11.420000076293945,11.050000190734863,11.3100004196167,11.3100004196167,475800,EXEL
2006-04-11,11.399999618530273,11.460000038146973,10.329999923706055,10.329999923706055,10.329999923706055,804300,EXEL
2006-04-12,10.369999885559082,10.789999961853027,10.319999694824219,10.539999961853027,10.539999961853027,472600,EXEL
2006-04-13,10.569999694824219,11.0,10.390000343322754,10.90999984741211,10.90999984741211,354600,EXEL
2006-04-17,11.0,11.09000015258789,10.390000343322754,10.579999923706055,10.579999923706055,357300,EXEL
2006-04-18,10.670000076293945,10.899999618530273,10.449999809265137,10.899999618530273,10.899999618530273,542800,EXEL
2006-04-19,11.039999961853027,11.579999923706055,10.930000305175781,11.529999732971191,11.529999732971191,537000,EXEL
2006-04-20,11.609999656677246,11.739999771118164,11.5,11.640000343322754,11.640000343322754,323300,EXEL
2006-04-21,11.739999771118164,11.739999771118164,11.100000381469727,11.140000343322754,11.140000343322754,365300,EXEL
2006-04-24,11.220000267028809,11.289999961853027,10.75,10.84000015258789,10.84000015258789,502700,EXEL
2006-04-25,10.930000305175781,10.979999542236328,10.539999961853027,10.619999885559082,10.619999885559082,310700,EXEL
2006-04-26,10.670000076293945,10.670000076293945,10.5,10.640000343322754,10.640000343322754,324500,EXEL
2006-04-27,10.600000381469727,11.239999771118164,10.5,10.739999771118164,10.739999771118164,466300,EXEL
2006-04-28,10.640000343322754,10.8100004196167,10.430000305175781,10.760000228881836,10.760000228881836,353600,EXEL
2006-05-01,10.850000381469727,10.949999809265137,10.489999771118164,10.520000457763672,10.520000457763672,366900,EXEL
2006-05-02,10.579999923706055,10.800000190734863,10.210000038146973,10.34000015258789,10.34000015258789,334700,EXEL
2006-05-03,10.289999961853027,10.75,10.199999809265137,10.630000114440918,10.630000114440918,364700,EXEL
2006-05-04,10.710000038146973,11.149999618530273,10.6899995803833,11.029999732971191,11.029999732971191,305400,EXEL
2006-05-05,11.140000343322754,11.390000343322754,10.9399995803833,11.220000267028809,11.220000267028809,412200,EXEL
2006-05-08,11.289999961853027,11.479999542236328,11.119999885559082,11.140000343322754,11.140000343322754,347800,EXEL
2006-05-09,11.149999618530273,11.359999656677246,11.050000190734863,11.210000038146973,11.210000038146973,332400,EXEL
2006-05-10,11.319999694824219,11.319999694824219,10.65999984741211,10.869999885559082,10.869999885559082,473600,EXEL
2006-05-11,10.920000076293945,11.109999656677246,10.600000381469727,10.609999656677246,10.609999656677246,404200,EXEL
2006-05-12,10.510000228881836,10.579999923706055,9.819999694824219,9.979999542236328,9.979999542236328,864800,EXEL
2006-05-15,9.9399995803833,10.239999771118164,9.75,9.890000343322754,9.890000343322754,864100,EXEL
2006-05-16,9.890000343322754,10.010000228881836,9.729999542236328,9.770000457763672,9.770000457763672,327100,EXEL
2006-05-17,9.989999771118164,9.989999771118164,9.289999961853027,9.399999618530273,9.399999618530273,952700,EXEL
2006-05-18,9.489999771118164,9.930000305175781,9.4399995803833,9.680000305175781,9.680000305175781,627300,EXEL
2006-05-19,9.680000305175781,9.84000015258789,9.3100004196167,9.680000305175781,9.680000305175781,634000,EXEL
2006-05-22,9.6899995803833,9.720000267028809,9.0,9.4399995803833,9.4399995803833,710700,EXEL
2006-05-23,9.470000267028809,9.949999809265137,9.460000038146973,9.699999809265137,9.699999809265137,472200,EXEL
2006-05-24,9.640000343322754,9.930000305175781,9.369999885559082,9.869999885559082,9.869999885559082,755600,EXEL
2006-05-25,10.029999732971191,10.199999809265137,9.869999885559082,10.100000381469727,10.100000381469727,410800,EXEL
2006-05-26,10.220000267028809,10.359999656677246,10.100000381469727,10.329999923706055,10.329999923706055,329100,EXEL
2006-05-30,10.359999656677246,10.5,10.09000015258789,10.319999694824219,10.319999694824219,699700,EXEL
2006-05-31,10.359999656677246,10.920000076293945,10.220000267028809,10.850000381469727,10.850000381469727,743300,EXEL
2006-06-01,10.90999984741211,11.050000190734863,10.5,11.050000190734863,11.050000190734863,579000,EXEL
2006-06-02,11.109999656677246,11.239999771118164,10.9399995803833,11.130000114440918,11.130000114440918,560900,EXEL
2006-06-05,11.149999618530273,11.149999618530273,10.329999923706055,10.399999618530273,10.399999618530273,487200,EXEL
2006-06-06,10.430000305175781,10.430000305175781,10.100000381469727,10.300000190734863,10.300000190734863,592500,EXEL
2006-06-07,10.40999984741211,10.859999656677246,10.210000038146973,10.470000267028809,10.470000267028809,725600,EXEL
2006-06-08,10.369999885559082,10.8100004196167,10.15999984741211,10.729999542236328,10.729999542236328,576100,EXEL
2006-06-09,10.8100004196167,10.989999771118164,10.430000305175781,10.479999542236328,10.479999542236328,328100,EXEL
2006-06-12,10.5,10.5,9.9399995803833,9.970000267028809,9.970000267028809,644100,EXEL
2006-06-13,9.960000038146973,10.140000343322754,9.510000228881836,9.829999923706055,9.829999923706055,560900,EXEL
2006-06-14,9.8100004196167,10.210000038146973,9.699999809265137,10.100000381469727,10.100000381469727,459900,EXEL
2006-06-15,10.180000305175781,10.720000267028809,10.170000076293945,10.609999656677246,10.609999656677246,351900,EXEL
2006-06-16,10.5600004196167,10.600000381469727,9.920000076293945,9.970000267028809,9.970000267028809,1411300,EXEL
2006-06-19,10.0,10.050000190734863,9.600000381469727,9.699999809265137,9.699999809265137,507100,EXEL
2006-06-20,9.760000228881836,10.0,9.59000015258789,9.640000343322754,9.640000343322754,411400,EXEL
2006-06-21,9.640000343322754,9.920000076293945,9.630000114440918,9.819999694824219,9.819999694824219,262100,EXEL
2006-06-22,9.75,9.920000076293945,9.65999984741211,9.84000015258789,9.84000015258789,315700,EXEL
2006-06-23,9.800000190734863,9.989999771118164,9.649999618530273,9.899999618530273,9.899999618530273,240400,EXEL
2006-06-26,9.970000267028809,10.0600004196167,9.84000015258789,10.0,10.0,223500,EXEL
2006-06-27,10.0,10.020000457763672,9.329999923706055,9.430000305175781,9.430000305175781,336500,EXEL
2006-06-28,9.529999732971191,9.850000381469727,9.260000228881836,9.699999809265137,9.699999809265137,434400,EXEL
2006-06-29,9.770000457763672,10.029999732971191,9.579999923706055,10.0,10.0,780900,EXEL
2006-06-30,10.130000114440918,10.1899995803833,9.979999542236328,10.050000190734863,10.050000190734863,657400,EXEL
2006-07-03,10.069999694824219,10.09000015258789,9.880000114440918,10.09000015258789,10.09000015258789,183800,EXEL
2006-07-05,10.0,10.0600004196167,9.739999771118164,9.760000228881836,9.760000228881836,291700,EXEL
2006-07-06,9.84000015258789,10.239999771118164,9.819999694824219,10.229999542236328,10.229999542236328,473800,EXEL
2006-07-07,10.220000267028809,10.229999542236328,9.899999618530273,9.979999542236328,9.979999542236328,360800,EXEL
2006-07-10,10.0600004196167,10.0600004196167,9.789999961853027,9.789999961853027,9.789999961853027,285600,EXEL
2006-07-11,9.75,9.850000381469727,9.649999618530273,9.829999923706055,9.829999923706055,360400,EXEL
2006-07-12,9.850000381469727,10.0,9.800000190734863,9.819999694824219,9.819999694824219,282000,EXEL
2006-07-13,9.789999961853027,9.84000015258789,9.270000457763672,9.34000015258789,9.34000015258789,424000,EXEL
2006-07-14,9.34000015258789,9.430000305175781,8.779999732971191,9.039999961853027,9.039999961853027,593500,EXEL
2006-07-17,9.029999732971191,9.270000457763672,8.779999732971191,9.010000228881836,9.010000228881836,309700,EXEL
2006-07-18,9.050000190734863,9.359999656677246,8.670000076293945,8.859999656677246,8.859999656677246,393700,EXEL
2006-07-19,8.880000114440918,9.369999885559082,8.8100004196167,9.260000228881836,9.260000228881836,430200,EXEL
2006-07-20,9.300000190734863,9.359999656677246,8.850000381469727,8.880000114440918,8.880000114440918,310800,EXEL
2006-07-21,8.829999923706055,8.960000038146973,8.420000076293945,8.649999618530273,8.649999618530273,392200,EXEL
2006-07-24,8.75,9.220000267028809,8.65999984741211,9.010000228881836,9.010000228881836,423200,EXEL
2006-07-25,9.050000190734863,9.5,8.850000381469727,9.270000457763672,9.270000457763672,425400,EXEL
2006-07-26,9.180000305175781,9.350000381469727,8.880000114440918,9.079999923706055,9.079999923706055,537400,EXEL
2006-07-27,9.130000114440918,9.130000114440918,8.670000076293945,8.779999732971191,8.779999732971191,261400,EXEL
2006-07-28,8.859999656677246,9.130000114440918,8.800000190734863,8.960000038146973,8.960000038146973,280500,EXEL
2006-07-31,9.050000190734863,9.050000190734863,8.869999885559082,8.899999618530273,8.899999618530273,328700,EXEL
2006-08-01,8.819999694824219,8.880000114440918,8.430000305175781,8.65999984741211,8.65999984741211,302800,EXEL
2006-08-02,8.770000457763672,9.050000190734863,8.699999809265137,8.880000114440918,8.880000114440918,357100,EXEL
2006-08-03,8.800000190734863,9.170000076293945,8.710000038146973,9.079999923706055,9.079999923706055,252000,EXEL
2006-08-04,9.260000228881836,9.300000190734863,8.729999542236328,8.960000038146973,8.960000038146973,275100,EXEL
2006-08-07,8.850000381469727,8.930000305175781,8.600000381469727,8.789999961853027,8.789999961853027,245600,EXEL
2006-08-08,8.880000114440918,8.880000114440918,8.369999885559082,8.630000114440918,8.630000114440918,332200,EXEL
2006-08-09,8.649999618530273,8.699999809265137,7.909999847412109,7.949999809265137,7.949999809265137,815300,EXEL
2006-08-10,7.960000038146973,8.100000381469727,7.760000228881836,7.909999847412109,7.909999847412109,651000,EXEL
2006-08-11,7.860000133514404,7.929999828338623,7.53000020980835,7.570000171661377,7.570000171661377,380600,EXEL
2006-08-14,7.650000095367432,7.980000019073486,7.579999923706055,7.800000190734863,7.800000190734863,450000,EXEL
2006-08-15,7.989999771118164,8.109999656677246,7.869999885559082,8.069999694824219,8.069999694824219,367000,EXEL
2006-08-16,8.130000114440918,8.479999542236328,8.100000381469727,8.40999984741211,8.40999984741211,630500,EXEL
2006-08-17,8.460000038146973,8.510000228881836,8.199999809265137,8.359999656677246,8.359999656677246,273900,EXEL
2006-08-18,8.420000076293945,8.539999961853027,8.289999961853027,8.430000305175781,8.430000305175781,319300,EXEL
2006-08-21,8.399999618530273,8.4399995803833,8.199999809265137,8.220000267028809,8.220000267028809,552900,EXEL
2006-08-22,8.180000305175781,8.350000381469727,8.180000305175781,8.210000038146973,8.210000038146973,458000,EXEL
2006-08-23,8.279999732971191,8.359999656677246,8.0,8.039999961853027,8.039999961853027,260800,EXEL
2006-08-24,8.109999656677246,8.260000228881836,8.0,8.170000076293945,8.170000076293945,335900,EXEL
2006-08-25,8.15999984741211,8.289999961853027,8.100000381469727,8.210000038146973,8.210000038146973,222200,EXEL
2006-08-28,8.199999809265137,8.399999618530273,8.199999809265137,8.380000114440918,8.380000114440918,253400,EXEL
2006-08-29,8.449999809265137,9.010000228881836,8.380000114440918,9.010000228881836,9.010000228881836,734100,EXEL
2006-08-30,9.0600004196167,9.619999885559082,8.989999771118164,9.5600004196167,9.5600004196167,748600,EXEL
2006-08-31,9.600000381469727,9.960000038146973,9.569999694824219,9.729999542236328,9.729999542236328,841300,EXEL
2006-09-01,9.8100004196167,9.949999809265137,9.649999618530273,9.760000228881836,9.760000228881836,268800,EXEL
2006-09-05,9.819999694824219,10.119999885559082,9.640000343322754,9.930000305175781,9.930000305175781,506300,EXEL
2006-09-06,9.899999618530273,9.90999984741211,9.199999809265137,9.239999771118164,9.239999771118164,574400,EXEL
2006-09-07,9.199999809265137,9.220000267028809,8.800000190734863,9.010000228881836,9.010000228881836,514200,EXEL
2006-09-08,9.09000015258789,9.1899995803833,8.930000305175781,9.100000381469727,9.100000381469727,328800,EXEL
2006-09-11,9.0,9.4399995803833,8.899999618530273,9.149999618530273,9.149999618530273,588400,EXEL
2006-09-12,9.1899995803833,9.449999809265137,9.010000228881836,9.289999961853027,9.289999961853027,391800,EXEL
2006-09-13,9.319999694824219,9.460000038146973,9.130000114440918,9.25,9.25,466200,EXEL
2006-09-14,9.180000305175781,9.359999656677246,9.09000015258789,9.239999771118164,9.239999771118164,231900,EXEL
2006-09-15,9.329999923706055,9.380000114440918,9.079999923706055,9.199999809265137,9.199999809265137,657900,EXEL
2006-09-18,9.149999618530273,9.270000457763672,8.899999618530273,9.100000381469727,9.100000381469727,290000,EXEL
2006-09-19,9.09000015258789,9.09000015258789,8.760000228881836,9.029999732971191,9.029999732971191,432300,EXEL
2006-09-20,9.130000114440918,9.479999542236328,9.09000015258789,9.369999885559082,9.369999885559082,511300,EXEL
2006-09-21,9.449999809265137,9.720000267028809,9.15999984741211,9.279999732971191,9.279999732971191,437800,EXEL
2006-09-22,9.210000038146973,9.220000267028809,8.770000457763672,8.930000305175781,8.930000305175781,334100,EXEL
2006-09-25,8.989999771118164,9.149999618530273,8.779999732971191,9.079999923706055,9.079999923706055,249100,EXEL
2006-09-26,9.039999961853027,9.180000305175781,8.859999656677246,9.0,9.0,248700,EXEL
2006-09-27,8.920000076293945,9.140000343322754,8.850000381469727,9.050000190734863,9.050000190734863,263000,EXEL
2006-09-28,9.0,9.100000381469727,8.84000015258789,9.029999732971191,9.029999732971191,413500,EXEL
2006-09-29,9.039999961853027,9.1899995803833,8.649999618530273,8.710000038146973,8.710000038146973,585100,EXEL
2006-10-02,8.670000076293945,8.75,8.5,8.569999694824219,8.569999694824219,542300,EXEL
2006-10-03,8.510000228881836,8.539999961853027,8.229999542236328,8.34000015258789,8.34000015258789,543800,EXEL
2006-10-04,8.270000457763672,8.65999984741211,8.260000228881836,8.609999656677246,8.609999656677246,691900,EXEL
2006-10-05,8.829999923706055,9.029999732971191,8.75,8.890000343322754,8.890000343322754,3720200,EXEL
2006-10-06,8.819999694824219,9.220000267028809,8.819999694824219,9.100000381469727,9.100000381469727,998500,EXEL
2006-10-09,9.09000015258789,9.100000381469727,8.890000343322754,9.029999732971191,9.029999732971191,461700,EXEL
2006-10-10,9.010000228881836,9.170000076293945,8.920000076293945,9.0600004196167,9.0600004196167,512500,EXEL
2006-10-11,9.029999732971191,9.170000076293945,8.9399995803833,9.119999885559082,9.119999885559082,569200,EXEL
2006-10-12,9.069999694824219,9.720000267028809,9.069999694824219,9.65999984741211,9.65999984741211,1057100,EXEL
2006-10-13,9.550000190734863,9.84000015258789,9.460000038146973,9.819999694824219,9.819999694824219,744500,EXEL
2006-10-16,9.8100004196167,10.149999618530273,9.8100004196167,9.970000267028809,9.970000267028809,851900,EXEL
2006-10-17,9.859999656677246,10.0,9.699999809265137,9.960000038146973,9.960000038146973,634800,EXEL
2006-10-18,10.020000457763672,10.40999984741211,9.960000038146973,10.010000228881836,10.010000228881836,1162100,EXEL
2006-10-19,10.050000190734863,10.329999923706055,10.0,10.270000457763672,10.270000457763672,657000,EXEL
2006-10-20,10.34000015258789,10.479999542236328,10.25,10.380000114440918,10.380000114440918,489500,EXEL
2006-10-23,10.319999694824219,10.649999618530273,10.210000038146973,10.270000457763672,10.270000457763672,698500,EXEL
2006-10-24,10.170000076293945,10.300000190734863,9.850000381469727,10.079999923706055,10.079999923706055,571200,EXEL
2006-10-25,10.050000190734863,10.210000038146973,9.859999656677246,9.9399995803833,9.9399995803833,973600,EXEL
2006-10-26,10.029999732971191,10.1899995803833,9.930000305175781,9.970000267028809,9.970000267028809,625100,EXEL
2006-10-27,9.920000076293945,9.970000267028809,9.8100004196167,9.880000114440918,9.880000114440918,634400,EXEL
2006-10-30,9.880000114440918,9.90999984741211,9.720000267028809,9.760000228881836,9.760000228881836,434100,EXEL
2006-10-31,9.8100004196167,9.859999656677246,9.470000267028809,9.699999809265137,9.699999809265137,1384900,EXEL
2006-11-01,9.859999656677246,9.859999656677246,9.279999732971191,9.34000015258789,9.34000015258789,932900,EXEL
2006-11-02,8.319999694824219,8.649999618530273,7.809999942779541,8.210000038146973,8.210000038146973,4229400,EXEL
2006-11-03,8.199999809265137,8.579999923706055,8.029999732971191,8.5600004196167,8.5600004196167,1282300,EXEL
2006-11-06,8.619999885559082,9.239999771118164,8.600000381469727,9.119999885559082,9.119999885559082,1720400,EXEL
2006-11-07,9.140000343322754,9.479999542236328,9.09000015258789,9.140000343322754,9.140000343322754,791200,EXEL
2006-11-08,9.1899995803833,9.25,8.850000381469727,8.899999618530273,8.899999618530273,1052400,EXEL
2006-11-09,9.0,9.050000190734863,8.5,8.59000015258789,8.59000015258789,679700,EXEL
2006-11-10,8.579999923706055,8.680000305175781,8.380000114440918,8.649999618530273,8.649999618530273,1097500,EXEL
2006-11-13,8.619999885559082,8.84000015258789,8.489999771118164,8.75,8.75,1203500,EXEL
2006-11-14,8.800000190734863,8.829999923706055,8.529999732971191,8.819999694824219,8.819999694824219,843400,EXEL
2006-11-15,8.829999923706055,9.0,8.760000228881836,8.9399995803833,8.9399995803833,1426400,EXEL
2006-11-16,8.970000267028809,9.0,8.770000457763672,8.819999694824219,8.819999694824219,465700,EXEL
2006-11-17,8.789999961853027,9.260000228881836,8.710000038146973,9.260000228881836,9.260000228881836,1401300,EXEL
2006-11-20,9.270000457763672,9.270000457763672,9.0,9.079999923706055,9.079999923706055,1430400,EXEL
2006-11-21,9.079999923706055,9.130000114440918,9.0,9.09000015258789,9.09000015258789,1157700,EXEL
2006-11-22,9.100000381469727,9.170000076293945,8.970000267028809,8.979999542236328,8.979999542236328,909800,EXEL
2006-11-24,9.0,9.0,8.699999809265137,8.829999923706055,8.829999923706055,194800,EXEL
2006-11-27,8.760000228881836,8.84000015258789,8.390000343322754,8.399999618530273,8.399999618530273,942700,EXEL
2006-11-28,8.399999618530273,8.739999771118164,8.279999732971191,8.6899995803833,8.6899995803833,803000,EXEL
2006-11-29,8.729999542236328,8.770000457763672,8.550000190734863,8.65999984741211,8.65999984741211,594300,EXEL
2006-11-30,8.699999809265137,8.789999961853027,8.449999809265137,8.619999885559082,8.619999885559082,569900,EXEL
2006-12-01,8.680000305175781,8.710000038146973,8.329999923706055,8.65999984741211,8.65999984741211,748300,EXEL
2006-12-04,8.65999984741211,8.920000076293945,8.449999809265137,8.869999885559082,8.869999885559082,782300,EXEL
2006-12-05,8.949999809265137,9.09000015258789,8.720000267028809,9.039999961853027,9.039999961853027,1223700,EXEL
2006-12-06,9.0,9.029999732971191,8.899999618530273,9.0,9.0,801800,EXEL
2006-12-07,8.989999771118164,9.069999694824219,8.899999618530273,9.010000228881836,9.010000228881836,928300,EXEL
2006-12-08,9.0,9.029999732971191,8.739999771118164,8.989999771118164,8.989999771118164,719400,EXEL
2006-12-11,9.0,9.09000015258789,8.9399995803833,9.050000190734863,9.050000190734863,844900,EXEL
2006-12-12,9.069999694824219,9.100000381469727,9.0,9.050000190734863,9.050000190734863,1291500,EXEL
2006-12-13,9.09000015258789,9.199999809265137,8.970000267028809,9.0,9.0,628600,EXEL
2006-12-14,9.09000015258789,9.260000228881836,8.829999923706055,8.850000381469727,8.850000381469727,704000,EXEL
2006-12-15,8.869999885559082,9.25,8.850000381469727,9.010000228881836,9.010000228881836,866800,EXEL
2006-12-18,9.529999732971191,9.600000381469727,9.069999694824219,9.170000076293945,9.170000076293945,817600,EXEL
2006-12-19,9.140000343322754,9.1899995803833,9.029999732971191,9.079999923706055,9.079999923706055,545500,EXEL
2006-12-20,9.180000305175781,9.279999732971191,9.09000015258789,9.199999809265137,9.199999809265137,512900,EXEL
2006-12-21,9.229999542236328,9.289999961853027,9.039999961853027,9.100000381469727,9.100000381469727,618600,EXEL
2006-12-22,9.0600004196167,9.199999809265137,9.010000228881836,9.109999656677246,9.109999656677246,441400,EXEL
2006-12-26,9.140000343322754,9.300000190734863,9.109999656677246,9.239999771118164,9.239999771118164,541600,EXEL
2006-12-27,9.300000190734863,9.369999885559082,9.119999885559082,9.270000457763672,9.270000457763672,468300,EXEL
2006-12-28,9.25,9.260000228881836,8.989999771118164,9.020000457763672,9.020000457763672,507500,EXEL
2006-12-29,9.020000457763672,9.069999694824219,8.899999618530273,9.0,9.0,869600,EXEL
2007-01-03,9.25,9.550000190734863,9.130000114440918,9.470000267028809,9.470000267028809,1879300,EXEL
2007-01-04,9.489999771118164,9.729999542236328,9.380000114440918,9.710000038146973,9.710000038146973,988600,EXEL
2007-01-05,9.699999809265137,9.779999732971191,9.4399995803833,9.5,9.5,836600,EXEL
2007-01-08,9.479999542236328,9.609999656677246,9.3100004196167,9.5600004196167,9.5600004196167,731100,EXEL
2007-01-09,9.550000190734863,9.569999694824219,9.390000343322754,9.550000190734863,9.550000190734863,505300,EXEL
2007-01-10,9.470000267028809,9.949999809265137,9.430000305175781,9.859999656677246,9.859999656677246,793700,EXEL
2007-01-11,9.869999885559082,10.09000015258789,9.859999656677246,10.039999961853027,10.039999961853027,1008400,EXEL
2007-01-12,9.989999771118164,10.279999732971191,9.970000267028809,10.100000381469727,10.100000381469727,760700,EXEL
2007-01-16,10.130000114440918,10.260000228881836,9.9399995803833,10.050000190734863,10.050000190734863,800700,EXEL
2007-01-17,10.020000457763672,10.229999542236328,9.949999809265137,10.170000076293945,10.170000076293945,801900,EXEL
2007-01-18,10.140000343322754,10.239999771118164,9.850000381469727,9.90999984741211,9.90999984741211,1034100,EXEL
2007-01-19,9.869999885559082,10.0,9.800000190734863,9.850000381469727,9.850000381469727,1009600,EXEL
2007-01-22,9.899999618530273,10.050000190734863,9.720000267028809,9.989999771118164,9.989999771118164,779400,EXEL
2007-01-23,10.050000190734863,10.050000190734863,9.880000114440918,9.920000076293945,9.920000076293945,418900,EXEL
2007-01-24,10.029999732971191,10.050000190734863,9.869999885559082,9.960000038146973,9.960000038146973,545700,EXEL
2007-01-25,10.039999961853027,10.039999961853027,9.670000076293945,9.739999771118164,9.739999771118164,775200,EXEL
2007-01-26,9.75,9.770000457763672,9.430000305175781,9.680000305175781,9.680000305175781,756100,EXEL
2007-01-29,9.529999732971191,9.770000457763672,9.5,9.710000038146973,9.710000038146973,517000,EXEL
2007-01-30,9.739999771118164,9.859999656677246,9.649999618530273,9.84000015258789,9.84000015258789,462800,EXEL
2007-01-31,9.84000015258789,9.989999771118164,9.75,9.800000190734863,9.800000190734863,711500,EXEL
2007-02-01,9.800000190734863,10.140000343322754,9.770000457763672,10.050000190734863,10.050000190734863,990100,EXEL
2007-02-02,10.100000381469727,10.25,10.0,10.050000190734863,10.050000190734863,474600,EXEL
2007-02-05,10.010000228881836,10.0600004196167,9.970000267028809,10.010000228881836,10.010000228881836,325300,EXEL
2007-02-06,10.050000190734863,10.180000305175781,10.0,10.170000076293945,10.170000076293945,416400,EXEL
2007-02-07,10.180000305175781,10.489999771118164,10.100000381469727,10.40999984741211,10.40999984741211,766900,EXEL
2007-02-08,10.350000381469727,10.539999961853027,10.25,10.520000457763672,10.520000457763672,546500,EXEL
2007-02-09,10.539999961853027,10.859999656677246,10.479999542236328,10.699999809265137,10.699999809265137,978400,EXEL
2007-02-12,11.109999656677246,11.199999809265137,10.800000190734863,11.09000015258789,11.09000015258789,1500500,EXEL
2007-02-13,11.1899995803833,11.1899995803833,10.8100004196167,10.9399995803833,10.9399995803833,977800,EXEL
2007-02-14,10.869999885559082,10.920000076293945,10.710000038146973,10.779999732971191,10.779999732971191,915200,EXEL
2007-02-15,10.779999732971191,11.739999771118164,10.779999732971191,11.260000228881836,11.260000228881836,1624100,EXEL
2007-02-16,11.25,11.449999809265137,11.109999656677246,11.279999732971191,11.279999732971191,739900,EXEL
2007-02-20,11.279999732971191,11.329999923706055,11.09000015258789,11.329999923706055,11.329999923706055,778500,EXEL
2007-02-21,11.329999923706055,11.420000076293945,11.199999809265137,11.380000114440918,11.380000114440918,547200,EXEL
2007-02-22,11.4399995803833,11.449999809265137,11.020000457763672,11.199999809265137,11.199999809265137,420100,EXEL
2007-02-23,11.199999809265137,11.210000038146973,10.899999618530273,11.149999618530273,11.149999618530273,443900,EXEL
2007-02-26,11.15999984741211,11.15999984741211,10.59000015258789,10.680000305175781,10.680000305175781,1064300,EXEL
2007-02-27,10.619999885559082,10.649999618530273,9.789999961853027,9.850000381469727,9.850000381469727,2122500,EXEL
2007-02-28,9.949999809265137,10.130000114440918,9.680000305175781,10.0600004196167,10.0600004196167,1292700,EXEL
2007-03-01,9.84000015258789,9.90999984741211,9.569999694824219,9.600000381469727,9.600000381469727,1172500,EXEL
2007-03-02,9.569999694824219,9.609999656677246,9.1899995803833,9.220000267028809,9.220000267028809,1123300,EXEL
2007-03-05,9.149999618530273,9.470000267028809,9.0,9.109999656677246,9.109999656677246,1165400,EXEL
2007-03-06,9.270000457763672,9.470000267028809,9.1899995803833,9.449999809265137,9.449999809265137,685600,EXEL
2007-03-07,9.420000076293945,9.470000267028809,9.180000305175781,9.229999542236328,9.229999542236328,434800,EXEL
2007-03-08,9.34000015258789,9.470000267028809,9.25,9.319999694824219,9.319999694824219,528500,EXEL
2007-03-09,9.399999618530273,9.420000076293945,9.1899995803833,9.25,9.25,427800,EXEL
2007-03-12,9.270000457763672,9.300000190734863,9.050000190734863,9.289999961853027,9.289999961853027,492200,EXEL
2007-03-13,9.210000038146973,9.350000381469727,8.90999984741211,8.960000038146973,8.960000038146973,710700,EXEL
2007-03-14,9.010000228881836,9.119999885559082,8.670000076293945,9.09000015258789,9.09000015258789,1044100,EXEL
2007-03-15,9.09000015258789,9.609999656677246,8.960000038146973,9.550000190734863,9.550000190734863,932700,EXEL
2007-03-16,9.539999961853027,9.739999771118164,9.350000381469727,9.489999771118164,9.489999771118164,1237400,EXEL
2007-03-19,9.529999732971191,9.680000305175781,9.3100004196167,9.550000190734863,9.550000190734863,812000,EXEL
2007-03-20,9.510000228881836,9.989999771118164,9.510000228881836,9.989999771118164,9.989999771118164,506100,EXEL
2007-03-21,9.989999771118164,10.119999885559082,9.6899995803833,10.0,10.0,824500,EXEL
2007-03-22,10.199999809265137,10.319999694824219,10.0600004196167,10.149999618530273,10.149999618530273,936600,EXEL
2007-03-23,10.1899995803833,10.260000228881836,10.069999694824219,10.130000114440918,10.130000114440918,399000,EXEL
2007-03-26,10.149999618530273,10.239999771118164,9.920000076293945,10.079999923706055,10.079999923706055,449400,EXEL
2007-03-27,10.0600004196167,10.100000381469727,9.760000228881836,9.890000343322754,9.890000343322754,536700,EXEL
2007-03-28,9.819999694824219,9.880000114440918,9.649999618530273,9.710000038146973,9.710000038146973,420600,EXEL
2007-03-29,9.800000190734863,9.880000114440918,9.4399995803833,9.609999656677246,9.609999656677246,755500,EXEL
2007-03-30,9.65999984741211,10.0600004196167,9.609999656677246,9.9399995803833,9.9399995803833,902700,EXEL
2007-04-02,9.979999542236328,10.25,9.920000076293945,10.050000190734863,10.050000190734863,860300,EXEL
2007-04-03,10.09000015258789,10.270000457763672,10.050000190734863,10.149999618530273,10.149999618530273,762100,EXEL
2007-04-04,10.170000076293945,10.380000114440918,9.989999771118164,10.020000457763672,10.020000457763672,758500,EXEL
2007-04-05,10.0600004196167,10.640000343322754,10.050000190734863,10.579999923706055,10.579999923706055,843200,EXEL
2007-04-09,10.59000015258789,11.180000305175781,10.529999732971191,10.989999771118164,10.989999771118164,1241600,EXEL
2007-04-10,10.9399995803833,11.220000267028809,10.770000457763672,10.829999923706055,10.829999923706055,971100,EXEL
2007-04-11,10.890000343322754,11.0,10.40999984741211,10.6899995803833,10.6899995803833,864100,EXEL
2007-04-12,10.670000076293945,10.949999809265137,10.609999656677246,10.920000076293945,10.920000076293945,671300,EXEL
2007-04-13,10.920000076293945,11.0,10.720000267028809,10.880000114440918,10.880000114440918,997900,EXEL
2007-04-16,10.979999542236328,11.010000228881836,10.90999984741211,10.989999771118164,10.989999771118164,489500,EXEL
2007-04-17,11.0,11.039999961853027,10.760000228881836,10.779999732971191,10.779999732971191,508400,EXEL
2007-04-18,10.739999771118164,10.920000076293945,10.649999618530273,10.720000267028809,10.720000267028809,441300,EXEL
2007-04-19,10.649999618530273,10.850000381469727,10.460000038146973,10.640000343322754,10.640000343322754,362900,EXEL
2007-04-20,10.59000015258789,11.09000015258789,10.59000015258789,11.010000228881836,11.010000228881836,588300,EXEL
2007-04-23,11.010000228881836,11.100000381469727,10.850000381469727,10.989999771118164,10.989999771118164,591800,EXEL
2007-04-24,11.100000381469727,11.180000305175781,10.869999885559082,11.109999656677246,11.109999656677246,526800,EXEL
2007-04-25,11.199999809265137,11.510000228881836,11.170000076293945,11.380000114440918,11.380000114440918,846100,EXEL
2007-04-26,11.420000076293945,11.479999542236328,11.020000457763672,11.119999885559082,11.119999885559082,676400,EXEL
2007-04-27,11.079999923706055,11.199999809265137,10.960000038146973,11.029999732971191,11.029999732971191,443800,EXEL
2007-04-30,11.039999961853027,11.140000343322754,10.720000267028809,10.739999771118164,10.739999771118164,1121600,EXEL
2007-05-01,10.710000038146973,10.739999771118164,10.210000038146973,10.529999732971191,10.529999732971191,952300,EXEL
2007-05-02,10.600000381469727,10.880000114440918,10.569999694824219,10.859999656677246,10.859999656677246,654500,EXEL
2007-05-03,10.8100004196167,11.25,10.720000267028809,10.859999656677246,10.859999656677246,1136300,EXEL
2007-05-04,11.109999656677246,11.800000190734863,11.039999961853027,11.800000190734863,11.800000190734863,1660200,EXEL
2007-05-07,11.850000381469727,11.9399995803833,11.569999694824219,11.6899995803833,11.6899995803833,637000,EXEL
2007-05-08,11.6899995803833,11.6899995803833,11.319999694824219,11.600000381469727,11.600000381469727,451000,EXEL
2007-05-09,11.550000190734863,11.729999542236328,11.399999618530273,11.510000228881836,11.510000228881836,689700,EXEL
2007-05-10,11.510000228881836,11.520000457763672,10.880000114440918,10.890000343322754,10.890000343322754,1092000,EXEL
2007-05-11,11.279999732971191,11.5600004196167,10.930000305175781,11.539999961853027,11.539999961853027,953100,EXEL
2007-05-14,11.5,11.609999656677246,11.130000114440918,11.180000305175781,11.180000305175781,634800,EXEL
2007-05-15,11.149999618530273,11.550000190734863,11.039999961853027,11.079999923706055,11.079999923706055,650800,EXEL
2007-05-16,11.109999656677246,11.239999771118164,10.859999656677246,11.0600004196167,11.0600004196167,755400,EXEL
2007-05-17,11.050000190734863,11.119999885559082,10.880000114440918,10.880000114440918,10.880000114440918,715900,EXEL
2007-05-18,10.9399995803833,11.0,10.800000190734863,10.84000015258789,10.84000015258789,724500,EXEL
2007-05-21,10.869999885559082,11.229999542236328,10.75,11.119999885559082,11.119999885559082,617200,EXEL
2007-05-22,11.15999984741211,11.399999618530273,11.069999694824219,11.380000114440918,11.380000114440918,702500,EXEL
2007-05-23,11.40999984741211,11.600000381469727,11.25,11.329999923706055,11.329999923706055,805000,EXEL
2007-05-24,11.5,11.899999618530273,11.0600004196167,11.1899995803833,11.1899995803833,881300,EXEL
2007-05-25,11.260000228881836,11.5,11.149999618530273,11.430000305175781,11.430000305175781,440700,EXEL
2007-05-29,11.5,11.579999923706055,11.300000190734863,11.390000343322754,11.390000343322754,472400,EXEL
2007-05-30,11.420000076293945,11.470000267028809,11.199999809265137,11.369999885559082,11.369999885559082,526900,EXEL
2007-05-31,11.520000457763672,11.520000457763672,11.020000457763672,11.079999923706055,11.079999923706055,1445900,EXEL
2007-06-01,11.180000305175781,11.270000457763672,10.90999984741211,11.0600004196167,11.0600004196167,1449100,EXEL
2007-06-04,11.0600004196167,11.279999732971191,10.779999732971191,11.010000228881836,11.010000228881836,1009000,EXEL
2007-06-05,10.979999542236328,11.09000015258789,10.859999656677246,11.0,11.0,598900,EXEL
2007-06-06,10.979999542236328,11.3100004196167,10.880000114440918,11.15999984741211,11.15999984741211,965600,EXEL
2007-06-07,11.09000015258789,11.199999809265137,10.609999656677246,10.739999771118164,10.739999771118164,1022800,EXEL
2007-06-08,10.75,10.930000305175781,10.600000381469727,10.859999656677246,10.859999656677246,924000,EXEL
2007-06-11,10.789999961853027,11.050000190734863,10.770000457763672,10.930000305175781,10.930000305175781,461100,EXEL
2007-06-12,10.850000381469727,11.010000228881836,10.75,10.829999923706055,10.829999923706055,747000,EXEL
2007-06-13,10.869999885559082,11.270000457763672,10.729999542236328,11.229999542236328,11.229999542236328,987000,EXEL
2007-06-14,11.210000038146973,11.5,11.119999885559082,11.420000076293945,11.420000076293945,931500,EXEL
2007-06-15,11.609999656677246,11.819999694824219,11.489999771118164,11.720000267028809,11.720000267028809,1230100,EXEL
2007-06-18,11.729999542236328,11.890000343322754,11.40999984741211,11.8100004196167,11.8100004196167,700400,EXEL
2007-06-19,11.869999885559082,11.890000343322754,11.569999694824219,11.670000076293945,11.670000076293945,636900,EXEL
2007-06-20,11.720000267028809,11.800000190734863,11.510000228881836,11.550000190734863,11.550000190734863,684100,EXEL
2007-06-21,11.470000267028809,12.09000015258789,11.4399995803833,12.029999732971191,12.029999732971191,1431400,EXEL
2007-06-22,12.029999732971191,12.069999694824219,11.739999771118164,11.869999885559082,11.869999885559082,1279400,EXEL
2007-06-25,11.880000114440918,12.720000267028809,11.6899995803833,11.829999923706055,11.829999923706055,1427400,EXEL
2007-06-26,11.920000076293945,12.770000457763672,11.859999656677246,12.350000381469727,12.350000381469727,1609700,EXEL
2007-06-27,12.229999542236328,12.40999984741211,12.210000038146973,12.380000114440918,12.380000114440918,982000,EXEL
2007-06-28,12.329999923706055,12.430000305175781,11.989999771118164,12.0,12.0,1191700,EXEL
2007-06-29,12.130000114440918,12.420000076293945,11.979999542236328,12.100000381469727,12.100000381469727,1387000,EXEL
2007-07-02,12.210000038146973,12.369999885559082,12.09000015258789,12.3100004196167,12.3100004196167,686300,EXEL
2007-07-03,12.319999694824219,12.350000381469727,11.90999984741211,12.0,12.0,501400,EXEL
2007-07-05,12.010000228881836,12.050000190734863,11.579999923706055,11.670000076293945,11.670000076293945,1369600,EXEL
2007-07-06,11.720000267028809,11.949999809265137,11.680000305175781,11.899999618530273,11.899999618530273,1043600,EXEL
2007-07-09,11.949999809265137,12.0,11.6899995803833,11.930000305175781,11.930000305175781,914300,EXEL
2007-07-10,11.819999694824219,11.899999618530273,11.4399995803833,11.460000038146973,11.460000038146973,648900,EXEL
2007-07-11,11.430000305175781,11.640000343322754,11.390000343322754,11.569999694824219,11.569999694824219,1345900,EXEL
2007-07-12,11.670000076293945,11.770000457763672,11.539999961853027,11.739999771118164,11.739999771118164,732200,EXEL
2007-07-13,11.729999542236328,11.75,11.449999809265137,11.75,11.75,703200,EXEL
2007-07-16,11.6899995803833,11.859999656677246,11.470000267028809,11.5600004196167,11.5600004196167,840800,EXEL
2007-07-17,11.579999923706055,11.619999885559082,11.390000343322754,11.399999618530273,11.399999618530273,444600,EXEL
2007-07-18,11.390000343322754,11.399999618530273,11.149999618530273,11.3100004196167,11.3100004196167,591000,EXEL
2007-07-19,11.399999618530273,11.720000267028809,11.399999618530273,11.6899995803833,11.6899995803833,430000,EXEL
2007-07-20,11.65999984741211,11.6899995803833,11.25,11.289999961853027,11.289999961853027,747300,EXEL
2007-07-23,11.350000381469727,11.449999809265137,11.25,11.300000190734863,11.300000190734863,609200,EXEL
2007-07-24,11.25,11.300000190734863,10.850000381469727,10.869999885559082,10.869999885559082,1010500,EXEL
2007-07-25,10.970000267028809,11.100000381469727,10.699999809265137,11.029999732971191,11.029999732971191,1116700,EXEL
2007-07-26,10.5,10.609999656677246,9.9399995803833,10.069999694824219,10.069999694824219,4481100,EXEL
2007-07-27,10.029999732971191,10.34000015258789,9.979999542236328,10.140000343322754,10.140000343322754,1270500,EXEL
2007-07-30,10.09000015258789,10.210000038146973,9.779999732971191,10.149999618530273,10.149999618530273,1430500,EXEL
2007-07-31,10.270000457763672,10.350000381469727,9.6899995803833,9.6899995803833,9.6899995803833,1370400,EXEL
2007-08-01,9.710000038146973,9.930000305175781,9.430000305175781,9.529999732971191,9.529999732971191,1642300,EXEL
2007-08-02,9.5,9.6899995803833,9.399999618530273,9.680000305175781,9.680000305175781,876900,EXEL
2007-08-03,9.739999771118164,10.010000228881836,9.619999885559082,9.649999618530273,9.649999618530273,1323500,EXEL
2007-08-06,9.699999809265137,10.569999694824219,9.550000190734863,10.350000381469727,10.350000381469727,1734600,EXEL
2007-08-07,10.279999732971191,10.380000114440918,10.100000381469727,10.210000038146973,10.210000038146973,1309900,EXEL
2007-08-08,10.229999542236328,11.5,10.140000343322754,11.170000076293945,11.170000076293945,2352100,EXEL
2007-08-09,10.899999618530273,11.479999542236328,10.479999542236328,10.5,10.5,1925300,EXEL
2007-08-10,10.520000457763672,10.65999984741211,9.75,10.010000228881836,10.010000228881836,1557700,EXEL
2007-08-13,10.239999771118164,10.430000305175781,9.880000114440918,10.010000228881836,10.010000228881836,751900,EXEL
2007-08-14,10.039999961853027,10.229999542236328,9.8100004196167,9.890000343322754,9.890000343322754,534600,EXEL
2007-08-15,9.899999618530273,10.649999618530273,9.760000228881836,10.130000114440918,10.130000114440918,979300,EXEL
2007-08-16,10.0,10.300000190734863,9.75,10.100000381469727,10.100000381469727,1269500,EXEL
2007-08-17,10.579999923706055,10.680000305175781,10.130000114440918,10.529999732971191,10.529999732971191,989100,EXEL
2007-08-20,10.59000015258789,10.649999618530273,10.25,10.5,10.5,763400,EXEL
2007-08-21,10.470000267028809,10.8100004196167,10.430000305175781,10.609999656677246,10.609999656677246,400100,EXEL
2007-08-22,10.75,10.930000305175781,10.619999885559082,10.829999923706055,10.829999923706055,526700,EXEL
2007-08-23,11.020000457763672,11.470000267028809,10.930000305175781,11.449999809265137,11.449999809265137,1118300,EXEL
2007-08-24,11.4399995803833,11.579999923706055,11.25,11.470000267028809,11.470000267028809,499700,EXEL
2007-08-27,11.630000114440918,11.630000114440918,11.15999984741211,11.1899995803833,11.1899995803833,402600,EXEL
2007-08-28,11.09000015258789,11.350000381469727,10.949999809265137,10.949999809265137,10.949999809265137,622000,EXEL
2007-08-29,11.039999961853027,11.1899995803833,10.84000015258789,11.180000305175781,11.180000305175781,512100,EXEL
2007-08-30,11.029999732971191,11.380000114440918,10.90999984741211,11.0600004196167,11.0600004196167,905800,EXEL
2007-08-31,11.130000114440918,11.350000381469727,10.979999542236328,11.25,11.25,514000,EXEL
2007-09-04,10.930000305175781,11.470000267028809,10.819999694824219,11.399999618530273,11.399999618530273,1158900,EXEL
2007-09-05,11.5,11.989999771118164,11.399999618530273,11.699999809265137,11.699999809265137,1412400,EXEL
2007-09-06,11.720000267028809,11.800000190734863,11.510000228881836,11.619999885559082,11.619999885559082,799800,EXEL
2007-09-07,11.420000076293945,11.710000038146973,11.300000190734863,11.350000381469727,11.350000381469727,531800,EXEL
2007-09-10,11.399999618530273,11.5,11.050000190734863,11.15999984741211,11.15999984741211,664300,EXEL
2007-09-11,10.300000190734863,10.5,10.039999961853027,10.149999618530273,10.149999618530273,2299200,EXEL
2007-09-12,10.100000381469727,10.550000190734863,10.069999694824219,10.359999656677246,10.359999656677246,1291200,EXEL
2007-09-13,10.4399995803833,10.5,10.220000267028809,10.329999923706055,10.329999923706055,708400,EXEL
2007-09-14,10.470000267028809,10.600000381469727,10.359999656677246,10.470000267028809,10.470000267028809,1111900,EXEL
2007-09-17,10.479999542236328,10.710000038146973,10.260000228881836,10.289999961853027,10.289999961853027,1008000,EXEL
2007-09-18,10.350000381469727,10.760000228881836,10.34000015258789,10.720000267028809,10.720000267028809,958800,EXEL
2007-09-19,10.829999923706055,11.079999923706055,10.739999771118164,10.899999618530273,10.899999618530273,1102800,EXEL
2007-09-20,10.90999984741211,11.229999542236328,10.789999961853027,11.079999923706055,11.079999923706055,718800,EXEL
2007-09-21,11.1899995803833,11.279999732971191,11.039999961853027,11.09000015258789,11.09000015258789,825300,EXEL
2007-09-24,11.130000114440918,11.130000114440918,10.699999809265137,10.84000015258789,10.84000015258789,479700,EXEL
2007-09-25,10.739999771118164,10.869999885559082,10.729999542236328,10.779999732971191,10.779999732971191,310400,EXEL
2007-09-26,10.829999923706055,11.039999961853027,10.779999732971191,10.859999656677246,10.859999656677246,351400,EXEL
2007-09-27,11.0,11.039999961853027,10.739999771118164,10.800000190734863,10.800000190734863,264200,EXEL
2007-09-28,10.770000457763672,10.920000076293945,10.539999961853027,10.59000015258789,10.59000015258789,533200,EXEL
2007-10-01,10.59000015258789,11.010000228881836,10.569999694824219,10.920000076293945,10.920000076293945,689600,EXEL
2007-10-02,10.949999809265137,11.1899995803833,10.789999961853027,10.8100004196167,10.8100004196167,525800,EXEL
2007-10-03,10.770000457763672,10.949999809265137,10.699999809265137,10.770000457763672,10.770000457763672,366700,EXEL
2007-10-04,10.819999694824219,11.0,10.649999618530273,10.680000305175781,10.680000305175781,788400,EXEL
2007-10-05,10.800000190734863,11.170000076293945,10.75,11.149999618530273,11.149999618530273,635000,EXEL
2007-10-08,11.100000381469727,11.1899995803833,10.949999809265137,11.15999984741211,11.15999984741211,333800,EXEL
2007-10-09,11.210000038146973,11.520000457763672,11.1899995803833,11.460000038146973,11.460000038146973,491500,EXEL
2007-10-10,11.460000038146973,11.75,11.289999961853027,11.6899995803833,11.6899995803833,604800,EXEL
2007-10-11,11.760000228881836,12.239999771118164,11.520000457763672,11.649999618530273,11.649999618530273,839500,EXEL
2007-10-12,11.710000038146973,12.09000015258789,11.649999618530273,11.899999618530273,11.899999618530273,550100,EXEL
2007-10-15,11.960000038146973,12.289999961853027,11.829999923706055,11.970000267028809,11.970000267028809,663000,EXEL
2007-10-16,11.25,11.25,10.680000305175781,10.789999961853027,10.789999961853027,1631900,EXEL
2007-10-17,11.0,11.489999771118164,10.930000305175781,11.380000114440918,11.380000114440918,829600,EXEL
2007-10-18,11.289999961853027,11.289999961853027,10.880000114440918,10.899999618530273,10.899999618530273,640900,EXEL
2007-10-19,10.880000114440918,10.979999542236328,10.680000305175781,10.729999542236328,10.729999542236328,769100,EXEL
2007-10-22,10.739999771118164,11.100000381469727,10.609999656677246,10.979999542236328,10.979999542236328,650300,EXEL
2007-10-23,11.09000015258789,11.399999618530273,11.010000228881836,11.380000114440918,11.380000114440918,1100200,EXEL
2007-10-24,11.3100004196167,11.420000076293945,10.949999809265137,11.239999771118164,11.239999771118164,752700,EXEL
2007-10-25,11.260000228881836,11.300000190734863,10.8100004196167,10.970000267028809,10.970000267028809,629300,EXEL
2007-10-26,11.039999961853027,11.260000228881836,11.0,11.170000076293945,11.170000076293945,521400,EXEL
2007-10-29,11.210000038146973,11.270000457763672,11.0,11.239999771118164,11.239999771118164,318600,EXEL
2007-10-30,11.149999618530273,11.279999732971191,11.029999732971191,11.069999694824219,11.069999694824219,504200,EXEL
2007-10-31,11.069999694824219,11.329999923706055,10.960000038146973,11.0,11.0,1116800,EXEL
2007-11-01,10.819999694824219,10.850000381469727,10.329999923706055,10.390000343322754,10.390000343322754,1094000,EXEL
2007-11-02,10.5600004196167,10.600000381469727,10.25,10.539999961853027,10.539999961853027,749300,EXEL
2007-11-05,10.399999618530273,10.489999771118164,10.069999694824219,10.229999542236328,10.229999542236328,733900,EXEL
2007-11-06,10.130000114440918,10.25,9.350000381469727,9.619999885559082,9.619999885559082,2345000,EXEL
2007-11-07,9.40999984741211,9.630000114440918,9.100000381469727,9.239999771118164,9.239999771118164,1444900,EXEL
2007-11-08,9.3100004196167,9.489999771118164,8.850000381469727,9.420000076293945,9.420000076293945,1224300,EXEL
2007-11-09,9.289999961853027,9.289999961853027,8.960000038146973,9.069999694824219,9.069999694824219,912300,EXEL
2007-11-12,9.020000457763672,9.3100004196167,9.010000228881836,9.09000015258789,9.09000015258789,630500,EXEL
2007-11-13,9.15999984741211,9.289999961853027,8.819999694824219,9.100000381469727,9.100000381469727,781000,EXEL
2007-11-14,9.0600004196167,9.25,9.010000228881836,9.119999885559082,9.119999885559082,897800,EXEL
2007-11-15,9.100000381469727,9.140000343322754,8.800000190734863,8.850000381469727,8.850000381469727,494600,EXEL
2007-11-16,8.890000343322754,8.960000038146973,8.529999732971191,8.770000457763672,8.770000457763672,847300,EXEL
2007-11-19,8.670000076293945,8.739999771118164,8.529999732971191,8.649999618530273,8.649999618530273,657800,EXEL
2007-11-20,8.649999618530273,8.75,8.020000457763672,8.1899995803833,8.1899995803833,1254100,EXEL
2007-11-21,8.1899995803833,8.220000267028809,8.010000228881836,8.029999732971191,8.029999732971191,1189900,EXEL
2007-11-23,8.079999923706055,8.220000267028809,7.980000019073486,8.100000381469727,8.100000381469727,535800,EXEL
2007-11-26,8.100000381469727,8.25,7.900000095367432,7.96999979019165,7.96999979019165,991800,EXEL
2007-11-27,8.0,8.350000381469727,7.820000171661377,8.239999771118164,8.239999771118164,1006900,EXEL
2007-11-28,8.350000381469727,8.699999809265137,8.260000228881836,8.699999809265137,8.699999809265137,979600,EXEL
2007-11-29,9.039999961853027,9.039999961853027,8.609999656677246,8.869999885559082,8.869999885559082,947400,EXEL
2007-11-30,8.960000038146973,8.979999542236328,8.670000076293945,8.729999542236328,8.729999542236328,890100,EXEL
2007-12-03,8.739999771118164,8.800000190734863,8.050000190734863,8.130000114440918,8.130000114440918,1310300,EXEL
2007-12-04,8.069999694824219,8.220000267028809,8.010000228881836,8.210000038146973,8.210000038146973,1305500,EXEL
2007-12-05,8.329999923706055,9.199999809265137,8.319999694824219,9.180000305175781,9.180000305175781,1693000,EXEL
2007-12-06,9.15999984741211,9.979999542236328,9.010000228881836,9.90999984741211,9.90999984741211,1654300,EXEL
2007-12-07,9.930000305175781,9.949999809265137,8.720000267028809,8.850000381469727,8.850000381469727,1293200,EXEL
2007-12-10,8.869999885559082,8.90999984741211,8.520000457763672,8.670000076293945,8.670000076293945,1969400,EXEL
2007-12-11,8.890000343322754,9.0,8.579999923706055,8.600000381469727,8.600000381469727,1638500,EXEL
2007-12-12,8.859999656677246,8.989999771118164,8.65999984741211,8.880000114440918,8.880000114440918,1222700,EXEL
2007-12-13,8.789999961853027,8.949999809265137,8.619999885559082,8.859999656677246,8.859999656677246,673000,EXEL
2007-12-14,9.520000457763672,9.84000015258789,9.270000457763672,9.609999656677246,9.609999656677246,2611900,EXEL
2007-12-17,9.829999923706055,9.890000343322754,9.289999961853027,9.489999771118164,9.489999771118164,1020900,EXEL
2007-12-18,9.600000381469727,9.670000076293945,9.229999542236328,9.40999984741211,9.40999984741211,1657000,EXEL
2007-12-19,9.369999885559082,9.399999618530273,8.930000305175781,9.119999885559082,9.119999885559082,1199800,EXEL
2007-12-20,9.100000381469727,9.239999771118164,8.970000267028809,9.210000038146973,9.210000038146973,803800,EXEL
2007-12-21,9.350000381469727,9.470000267028809,9.119999885559082,9.239999771118164,9.239999771118164,1943700,EXEL
2007-12-24,9.279999732971191,9.300000190734863,9.09000015258789,9.260000228881836,9.260000228881836,381300,EXEL
2007-12-26,9.140000343322754,9.279999732971191,9.109999656677246,9.180000305175781,9.180000305175781,610400,EXEL
2007-12-27,9.279999732971191,9.380000114440918,8.930000305175781,8.930000305175781,8.930000305175781,439900,EXEL
2007-12-28,9.029999732971191,9.109999656677246,8.760000228881836,8.869999885559082,8.869999885559082,500400,EXEL
2007-12-31,8.800000190734863,8.859999656677246,8.5600004196167,8.630000114440918,8.630000114440918,650000,EXEL
2008-01-02,8.600000381469727,8.949999809265137,8.600000381469727,8.739999771118164,8.739999771118164,823000,EXEL
2008-01-03,8.760000228881836,8.859999656677246,8.489999771118164,8.579999923706055,8.579999923706055,693200,EXEL
2008-01-04,8.510000228881836,8.880000114440918,8.079999923706055,8.1899995803833,8.1899995803833,673100,EXEL
2008-01-07,8.25,8.670000076293945,8.229999542236328,8.430000305175781,8.430000305175781,1198000,EXEL
2008-01-08,8.479999542236328,8.720000267028809,8.260000228881836,8.279999732971191,8.279999732971191,707700,EXEL
2008-01-09,8.260000228881836,8.380000114440918,8.0,8.359999656677246,8.359999656677246,635000,EXEL
2008-01-10,8.300000190734863,8.75,8.140000343322754,8.600000381469727,8.600000381469727,719400,EXEL
2008-01-11,8.550000190734863,8.600000381469727,8.25,8.319999694824219,8.319999694824219,568300,EXEL
2008-01-14,8.390000343322754,8.5,8.229999542236328,8.430000305175781,8.430000305175781,448000,EXEL
2008-01-15,8.329999923706055,8.399999618530273,8.029999732971191,8.050000190734863,8.050000190734863,759600,EXEL
2008-01-16,8.0,8.319999694824219,7.369999885559082,8.119999885559082,8.119999885559082,1445300,EXEL
2008-01-17,8.130000114440918,8.220000267028809,7.940000057220459,8.010000228881836,8.010000228881836,684300,EXEL
2008-01-18,7.880000114440918,8.039999961853027,7.449999809265137,7.510000228881836,7.510000228881836,1104000,EXEL
2008-01-22,7.110000133514404,7.739999771118164,7.0,7.400000095367432,7.400000095367432,596200,EXEL
2008-01-23,7.25,7.480000019073486,6.760000228881836,7.460000038146973,7.460000038146973,925600,EXEL
2008-01-24,7.460000038146973,7.489999771118164,6.849999904632568,6.849999904632568,6.849999904632568,1098800,EXEL
2008-01-25,6.980000019073486,7.170000076293945,6.860000133514404,6.949999809265137,6.949999809265137,733800,EXEL
2008-01-28,6.920000076293945,7.309999942779541,6.849999904632568,7.289999961853027,7.289999961853027,856300,EXEL
2008-01-29,7.360000133514404,7.610000133514404,7.210000038146973,7.5,7.5,1029100,EXEL
2008-01-30,7.460000038146973,7.75,7.380000114440918,7.389999866485596,7.389999866485596,764800,EXEL
2008-01-31,7.28000020980835,7.429999828338623,7.090000152587891,7.320000171661377,7.320000171661377,1305200,EXEL
2008-02-01,7.329999923706055,7.570000171661377,7.199999809265137,7.449999809265137,7.449999809265137,582400,EXEL
2008-02-04,7.440000057220459,7.539999961853027,7.289999961853027,7.420000076293945,7.420000076293945,421600,EXEL
2008-02-05,7.260000228881836,7.349999904632568,6.960000038146973,6.980000019073486,6.980000019073486,651700,EXEL
2008-02-06,7.050000190734863,7.070000171661377,6.739999771118164,6.739999771118164,6.739999771118164,857400,EXEL
2008-02-07,6.71999979019165,6.96999979019165,6.650000095367432,6.909999847412109,6.909999847412109,770100,EXEL
2008-02-08,6.869999885559082,6.980000019073486,6.690000057220459,6.769999980926514,6.769999980926514,479400,EXEL
2008-02-11,6.800000190734863,6.829999923706055,6.619999885559082,6.690000057220459,6.690000057220459,767800,EXEL
2008-02-12,6.739999771118164,7.150000095367432,6.739999771118164,6.980000019073486,6.980000019073486,806200,EXEL
2008-02-13,7.059999942779541,7.489999771118164,6.929999828338623,7.0,7.0,1093200,EXEL
2008-02-14,7.010000228881836,7.130000114440918,6.730000019073486,6.75,6.75,1020800,EXEL
2008-02-15,6.769999980926514,6.980000019073486,6.699999809265137,6.760000228881836,6.760000228881836,1801600,EXEL
2008-02-19,6.900000095367432,6.900000095367432,6.440000057220459,6.449999809265137,6.449999809265137,1021500,EXEL
2008-02-20,6.239999771118164,6.489999771118164,6.199999809265137,6.260000228881836,6.260000228881836,1401200,EXEL
2008-02-21,6.320000171661377,6.420000076293945,5.960000038146973,5.980000019073486,5.980000019073486,1231800,EXEL
2008-02-22,6.019999980926514,6.170000076293945,5.75,5.789999961853027,5.789999961853027,964300,EXEL
2008-02-25,5.809999942779541,6.28000020980835,5.71999979019165,6.159999847412109,6.159999847412109,1958100,EXEL
2008-02-26,6.159999847412109,6.489999771118164,6.050000190734863,6.300000190734863,6.300000190734863,1732500,EXEL
2008-02-27,6.440000057220459,6.690000057220459,6.349999904632568,6.449999809265137,6.449999809265137,2226000,EXEL
2008-02-28,6.489999771118164,6.78000020980835,6.389999866485596,6.71999979019165,6.71999979019165,1384400,EXEL
2008-02-29,6.650000095367432,6.650000095367432,6.360000133514404,6.380000114440918,6.380000114440918,1243900,EXEL
2008-03-03,6.619999885559082,6.619999885559082,6.190000057220459,6.360000133514404,6.360000133514404,1279900,EXEL
2008-03-04,6.309999942779541,6.420000076293945,6.199999809265137,6.309999942779541,6.309999942779541,1010000,EXEL
2008-03-05,6.329999923706055,6.400000095367432,6.179999828338623,6.21999979019165,6.21999979019165,916000,EXEL
2008-03-06,6.199999809265137,6.349999904632568,5.900000095367432,5.900000095367432,5.900000095367432,800900,EXEL
2008-03-07,5.900000095367432,6.0,5.670000076293945,5.820000171661377,5.820000171661377,1400000,EXEL
2008-03-10,5.849999904632568,5.900000095367432,4.809999942779541,5.25,5.25,3980000,EXEL
2008-03-11,5.690000057220459,5.75,5.150000095367432,5.25,5.25,3627400,EXEL
2008-03-12,5.5,5.5,5.230000019073486,5.309999942779541,5.309999942779541,2404400,EXEL
2008-03-13,5.309999942779541,5.510000228881836,5.179999828338623,5.489999771118164,5.489999771118164,1478500,EXEL
2008-03-14,6.420000076293945,6.820000171661377,5.329999923706055,5.949999809265137,5.949999809265137,5084800,EXEL
2008-03-17,5.860000133514404,5.869999885559082,5.449999809265137,5.519999980926514,5.519999980926514,1607700,EXEL
2008-03-18,5.599999904632568,5.940000057220459,5.599999904632568,5.869999885559082,5.869999885559082,1238400,EXEL
2008-03-19,6.0,6.03000020980835,5.659999847412109,5.789999961853027,5.789999961853027,1493300,EXEL
2008-03-20,5.880000114440918,5.960000038146973,5.690000057220459,5.940000057220459,5.940000057220459,1955100,EXEL
2008-03-24,6.0,6.519999980926514,5.980000019073486,6.489999771118164,6.489999771118164,1774500,EXEL
2008-03-25,6.510000228881836,6.690000057220459,6.440000057220459,6.590000152587891,6.590000152587891,1303900,EXEL
2008-03-26,6.550000190734863,6.739999771118164,6.510000228881836,6.659999847412109,6.659999847412109,786500,EXEL
2008-03-27,6.699999809265137,6.880000114440918,6.610000133514404,6.75,6.75,974500,EXEL
2008-03-28,6.789999961853027,7.110000133514404,6.690000057220459,6.769999980926514,6.769999980926514,948700,EXEL
2008-03-31,6.96999979019165,7.079999923706055,6.800000190734863,6.949999809265137,6.949999809265137,823500,EXEL
2008-04-01,6.900000095367432,7.400000095367432,6.900000095367432,7.380000114440918,7.380000114440918,1242700,EXEL
2008-04-02,7.409999847412109,7.53000020980835,7.300000190734863,7.389999866485596,7.389999866485596,1086800,EXEL
2008-04-03,7.309999942779541,7.579999923706055,7.25,7.460000038146973,7.460000038146973,700200,EXEL
2008-04-04,7.480000019073486,7.880000114440918,7.349999904632568,7.75,7.75,979200,EXEL
2008-04-07,7.829999923706055,7.880000114440918,7.5,7.679999828338623,7.679999828338623,1311100,EXEL
2008-04-08,7.579999923706055,7.710000038146973,7.429999828338623,7.489999771118164,7.489999771118164,971200,EXEL
2008-04-09,7.519999980926514,7.570000171661377,7.110000133514404,7.170000076293945,7.170000076293945,1448600,EXEL
2008-04-10,7.199999809265137,7.690000057220459,7.159999847412109,7.460000038146973,7.460000038146973,1509100,EXEL
2008-04-11,7.400000095367432,7.539999961853027,7.159999847412109,7.199999809265137,7.199999809265137,963800,EXEL
2008-04-14,7.210000038146973,7.380000114440918,7.110000133514404,7.309999942779541,7.309999942779541,677700,EXEL
2008-04-15,7.349999904632568,7.699999809265137,7.329999923706055,7.690000057220459,7.690000057220459,1335900,EXEL
2008-04-16,7.75,7.840000152587891,7.570000171661377,7.829999923706055,7.829999923706055,948000,EXEL
2008-04-17,7.809999942779541,7.840000152587891,7.46999979019165,7.46999979019165,7.46999979019165,746500,EXEL
2008-04-18,7.639999866485596,7.880000114440918,7.630000114440918,7.840000152587891,7.840000152587891,1049000,EXEL
2008-04-21,7.599999904632568,7.849999904632568,7.519999980926514,7.809999942779541,7.809999942779541,551800,EXEL
2008-04-22,7.78000020980835,7.809999942779541,7.340000152587891,7.480000019073486,7.480000019073486,836100,EXEL
2008-04-23,7.53000020980835,7.829999923706055,7.489999771118164,7.760000228881836,7.760000228881836,969300,EXEL
2008-04-24,7.800000190734863,8.0,7.539999961853027,7.840000152587891,7.840000152587891,685800,EXEL
2008-04-25,7.960000038146973,7.989999771118164,7.679999828338623,7.929999828338623,7.929999828338623,442500,EXEL
2008-04-28,7.989999771118164,8.0,7.869999885559082,7.960000038146973,7.960000038146973,730100,EXEL
2008-04-29,7.96999979019165,7.96999979019165,7.619999885559082,7.71999979019165,7.71999979019165,579800,EXEL
2008-04-30,7.769999980926514,7.829999923706055,7.519999980926514,7.610000133514404,7.610000133514404,999300,EXEL
2008-05-01,7.579999923706055,7.989999771118164,7.579999923706055,7.96999979019165,7.96999979019165,856500,EXEL
2008-05-02,8.029999732971191,8.149999618530273,7.849999904632568,7.889999866485596,7.889999866485596,718500,EXEL
2008-05-05,8.0,8.100000381469727,7.769999980926514,7.880000114440918,7.880000114440918,591600,EXEL
2008-05-06,7.889999866485596,7.960000038146973,7.760000228881836,7.809999942779541,7.809999942779541,715900,EXEL
2008-05-07,7.730000019073486,7.760000228881836,6.760000228881836,6.900000095367432,6.900000095367432,2293800,EXEL
2008-05-08,6.900000095367432,6.949999809265137,6.599999904632568,6.75,6.75,1538300,EXEL
2008-05-09,6.670000076293945,6.829999923706055,6.550000190734863,6.820000171661377,6.820000171661377,827400,EXEL
2008-05-12,6.820000171661377,6.869999885559082,6.659999847412109,6.699999809265137,6.699999809265137,821300,EXEL
2008-05-13,6.760000228881836,6.760000228881836,6.449999809265137,6.510000228881836,6.510000228881836,992700,EXEL
2008-05-14,6.510000228881836,6.730000019073486,6.510000228881836,6.590000152587891,6.590000152587891,891000,EXEL
2008-05-15,6.630000114440918,6.650000095367432,6.429999828338623,6.489999771118164,6.489999771118164,915100,EXEL
2008-05-16,6.630000114440918,6.630000114440918,6.320000171661377,6.349999904632568,6.349999904632568,1154900,EXEL
2008-05-19,6.380000114440918,6.420000076293945,6.199999809265137,6.25,6.25,1419500,EXEL
2008-05-20,6.210000038146973,6.349999904632568,6.139999866485596,6.21999979019165,6.21999979019165,1068600,EXEL
2008-05-21,6.21999979019165,6.320000171661377,6.03000020980835,6.090000152587891,6.090000152587891,701500,EXEL
2008-05-22,6.099999904632568,6.28000020980835,6.050000190734863,6.25,6.25,677700,EXEL
2008-05-23,6.25,6.300000190734863,6.059999942779541,6.110000133514404,6.110000133514404,620600,EXEL
2008-05-27,6.110000133514404,6.210000038146973,6.050000190734863,6.170000076293945,6.170000076293945,462100,EXEL
2008-05-28,6.199999809265137,6.28000020980835,6.059999942779541,6.159999847412109,6.159999847412109,416100,EXEL
2008-05-29,6.150000095367432,6.360000133514404,6.119999885559082,6.269999980926514,6.269999980926514,1067700,EXEL
2008-05-30,6.320000171661377,6.360000133514404,6.210000038146973,6.320000171661377,6.320000171661377,970200,EXEL
2008-06-02,6.449999809265137,6.489999771118164,6.050000190734863,6.110000133514404,6.110000133514404,1450400,EXEL
2008-06-03,6.090000152587891,6.199999809265137,5.949999809265137,6.059999942779541,6.059999942779541,1661100,EXEL
2008-06-04,6.010000228881836,6.269999980926514,6.010000228881836,6.159999847412109,6.159999847412109,996200,EXEL
2008-06-05,6.309999942779541,6.730000019073486,6.28000020980835,6.5,6.5,1610900,EXEL
2008-06-06,6.400000095367432,6.5,6.0,6.0,6.0,1662600,EXEL
2008-06-09,6.079999923706055,6.079999923706055,5.75,5.78000020980835,5.78000020980835,1424400,EXEL
2008-06-10,5.760000228881836,5.829999923706055,5.579999923706055,5.670000076293945,5.670000076293945,1058700,EXEL
2008-06-11,5.650000095367432,5.670000076293945,5.389999866485596,5.389999866485596,5.389999866485596,895800,EXEL
2008-06-12,5.489999771118164,5.650000095367432,5.449999809265137,5.570000171661377,5.570000171661377,694100,EXEL
2008-06-13,5.650000095367432,5.699999809265137,5.559999942779541,5.650000095367432,5.650000095367432,603300,EXEL
2008-06-16,5.639999866485596,5.880000114440918,5.599999904632568,5.880000114440918,5.880000114440918,1184500,EXEL
2008-06-17,5.900000095367432,6.019999980926514,5.869999885559082,5.869999885559082,5.869999885559082,813000,EXEL
2008-06-18,5.829999923706055,5.96999979019165,5.75,5.860000133514404,5.860000133514404,971000,EXEL
2008-06-19,5.860000133514404,5.940000057220459,5.800000190734863,5.929999828338623,5.929999828338623,1777900,EXEL
2008-06-20,5.860000133514404,5.909999847412109,5.539999961853027,5.619999885559082,5.619999885559082,1392500,EXEL
2008-06-23,5.679999828338623,5.849999904632568,5.420000076293945,5.46999979019165,5.46999979019165,1288100,EXEL
2008-06-24,5.440000057220459,5.650000095367432,5.349999904632568,5.409999847412109,5.409999847412109,954600,EXEL
2008-06-25,5.429999828338623,5.590000152587891,5.409999847412109,5.519999980926514,5.519999980926514,575800,EXEL
2008-06-26,5.440000057220459,5.440000057220459,5.210000038146973,5.21999979019165,5.21999979019165,934000,EXEL
2008-06-27,5.190000057220459,5.25,5.0,5.070000171661377,5.070000171661377,2027800,EXEL
2008-06-30,5.070000171661377,5.159999847412109,4.929999828338623,5.0,5.0,1307700,EXEL
2008-07-01,4.989999771118164,4.989999771118164,4.75,4.820000171661377,4.820000171661377,1372900,EXEL
2008-07-02,4.809999942779541,4.940000057220459,4.75,4.829999923706055,4.829999923706055,1195800,EXEL
2008-07-03,4.840000152587891,4.840000152587891,4.699999809265137,4.800000190734863,4.800000190734863,610100,EXEL
2008-07-07,4.800000190734863,4.889999866485596,4.639999866485596,4.699999809265137,4.699999809265137,1003800,EXEL
2008-07-08,4.690000057220459,5.349999904632568,4.670000076293945,5.320000171661377,5.320000171661377,2034400,EXEL
2008-07-09,5.329999923706055,5.840000152587891,5.199999809265137,5.550000190734863,5.550000190734863,2160900,EXEL
2008-07-10,5.53000020980835,5.739999771118164,5.449999809265137,5.53000020980835,5.53000020980835,1025700,EXEL
2008-07-11,5.46999979019165,5.5,5.25,5.409999847412109,5.409999847412109,1285800,EXEL
2008-07-14,5.460000038146973,5.550000190734863,5.369999885559082,5.46999979019165,5.46999979019165,1214800,EXEL
2008-07-15,5.389999866485596,5.980000019073486,5.300000190734863,5.869999885559082,5.869999885559082,1593200,EXEL
2008-07-16,5.920000076293945,6.230000019073486,5.809999942779541,6.099999904632568,6.099999904632568,1266700,EXEL
2008-07-17,6.150000095367432,6.230000019073486,5.989999771118164,6.150000095367432,6.150000095367432,855000,EXEL
2008-07-18,6.159999847412109,6.21999979019165,6.059999942779541,6.150000095367432,6.150000095367432,663500,EXEL
2008-07-21,6.190000057220459,6.519999980926514,6.190000057220459,6.429999828338623,6.429999828338623,1180400,EXEL
2008-07-22,6.46999979019165,6.789999961853027,6.409999847412109,6.510000228881836,6.510000228881836,1704000,EXEL
2008-07-23,6.539999961853027,6.71999979019165,6.449999809265137,6.699999809265137,6.699999809265137,1374700,EXEL
2008-07-24,6.730000019073486,6.730000019073486,6.5,6.599999904632568,6.599999904632568,763700,EXEL
2008-07-25,6.659999847412109,6.75,6.510000228881836,6.670000076293945,6.670000076293945,574500,EXEL
2008-07-28,6.659999847412109,6.849999904632568,6.53000020980835,6.610000133514404,6.610000133514404,690600,EXEL
2008-07-29,6.630000114440918,6.940000057220459,6.550000190734863,6.690000057220459,6.690000057220459,1045700,EXEL
2008-07-30,6.739999771118164,6.809999942779541,6.559999942779541,6.710000038146973,6.710000038146973,744400,EXEL
2008-07-31,6.570000171661377,7.239999771118164,6.570000171661377,7.0,7.0,1406000,EXEL
2008-08-01,7.019999980926514,7.300000190734863,7.0,7.119999885559082,7.119999885559082,1122700,EXEL
2008-08-04,7.099999904632568,7.110000133514404,6.840000152587891,7.0,7.0,865800,EXEL
2008-08-05,7.079999923706055,7.150000095367432,6.960000038146973,7.110000133514404,7.110000133514404,1189200,EXEL
2008-08-06,6.53000020980835,6.579999923706055,5.699999809265137,5.96999979019165,5.96999979019165,4473200,EXEL
2008-08-07,5.849999904632568,5.880000114440918,5.570000171661377,5.590000152587891,5.590000152587891,2050800,EXEL
2008-08-08,5.550000190734863,5.889999866485596,5.519999980926514,5.809999942779541,5.809999942779541,1186500,EXEL
2008-08-11,5.829999923706055,6.289999961853027,5.78000020980835,6.239999771118164,6.239999771118164,1117800,EXEL
2008-08-12,6.21999979019165,6.539999961853027,6.150000095367432,6.329999923706055,6.329999923706055,814800,EXEL
2008-08-13,6.329999923706055,6.710000038146973,6.300000190734863,6.630000114440918,6.630000114440918,946900,EXEL
2008-08-14,6.570000171661377,6.900000095367432,6.53000020980835,6.78000020980835,6.78000020980835,693100,EXEL
2008-08-15,6.860000133514404,6.900000095367432,6.639999866485596,6.659999847412109,6.659999847412109,950000,EXEL
2008-08-18,6.690000057220459,6.690000057220459,6.409999847412109,6.460000038146973,6.460000038146973,948400,EXEL
2008-08-19,6.460000038146973,6.46999979019165,6.070000171661377,6.110000133514404,6.110000133514404,673800,EXEL
2008-08-20,6.110000133514404,6.139999866485596,5.869999885559082,6.050000190734863,6.050000190734863,1505000,EXEL
2008-08-21,5.989999771118164,6.0,5.539999961853027,5.710000038146973,5.710000038146973,1490100,EXEL
2008-08-22,5.730000019073486,6.039999961853027,5.639999866485596,6.039999961853027,6.039999961853027,912700,EXEL
2008-08-25,6.059999942779541,6.090000152587891,5.699999809265137,5.71999979019165,5.71999979019165,659300,EXEL
2008-08-26,5.800000190734863,5.849999904632568,5.610000133514404,5.710000038146973,5.710000038146973,684100,EXEL
2008-08-27,5.699999809265137,5.71999979019165,5.460000038146973,5.539999961853027,5.539999961853027,1051800,EXEL
2008-08-28,5.539999961853027,5.840000152587891,5.539999961853027,5.840000152587891,5.840000152587891,625900,EXEL
2008-08-29,5.840000152587891,5.869999885559082,5.650000095367432,5.690000057220459,5.690000057220459,566100,EXEL
2008-09-02,5.860000133514404,5.949999809265137,5.539999961853027,5.659999847412109,5.659999847412109,787100,EXEL
2008-09-03,5.659999847412109,5.900000095367432,5.539999961853027,5.900000095367432,5.900000095367432,791600,EXEL
2008-09-04,5.849999904632568,5.869999885559082,5.679999828338623,5.710000038146973,5.710000038146973,1153100,EXEL
2008-09-05,5.699999809265137,5.739999771118164,5.510000228881836,5.639999866485596,5.639999866485596,1462900,EXEL
2008-09-08,5.840000152587891,6.050000190734863,5.730000019073486,6.019999980926514,6.019999980926514,1220400,EXEL
2008-09-09,6.050000190734863,6.320000171661377,5.940000057220459,5.940000057220459,5.940000057220459,1009700,EXEL
2008-09-10,6.079999923706055,6.349999904632568,5.800000190734863,6.300000190734863,6.300000190734863,1139500,EXEL
2008-09-11,6.21999979019165,6.380000114440918,6.03000020980835,6.329999923706055,6.329999923706055,883700,EXEL
2008-09-12,6.269999980926514,6.320000171661377,6.050000190734863,6.260000228881836,6.260000228881836,554900,EXEL
2008-09-15,6.099999904632568,6.5,6.059999942779541,6.389999866485596,6.389999866485596,1467300,EXEL
2008-09-16,6.300000190734863,6.739999771118164,6.210000038146973,6.730000019073486,6.730000019073486,1344800,EXEL
2008-09-17,6.630000114440918,6.630000114440918,6.099999904632568,6.199999809265137,6.199999809265137,1432400,EXEL
2008-09-18,6.050000190734863,6.849999904632568,6.010000228881836,6.78000020980835,6.78000020980835,3111000,EXEL
2008-09-19,7.039999961853027,7.349999904632568,6.650000095367432,6.809999942779541,6.809999942779541,2651600,EXEL
2008-09-22,6.75,6.980000019073486,6.400000095367432,6.409999847412109,6.409999847412109,1727700,EXEL
2008-09-23,6.409999847412109,6.590000152587891,6.150000095367432,6.159999847412109,6.159999847412109,769000,EXEL
2008-09-24,6.179999828338623,6.25,6.0,6.0,6.0,775100,EXEL
2008-09-25,6.03000020980835,6.329999923706055,6.0,6.179999828338623,6.179999828338623,877800,EXEL
2008-09-26,6.03000020980835,6.360000133514404,6.0,6.269999980926514,6.269999980926514,1038300,EXEL
2008-09-29,6.159999847412109,6.300000190734863,6.039999961853027,6.090000152587891,6.090000152587891,1149200,EXEL
2008-09-30,6.139999866485596,6.260000228881836,5.960000038146973,6.079999923706055,6.079999923706055,859900,EXEL
2008-10-01,6.019999980926514,6.050000190734863,5.829999923706055,5.929999828338623,5.929999828338623,622300,EXEL
2008-10-02,5.880000114440918,5.940000057220459,5.429999828338623,5.429999828338623,5.429999828338623,791400,EXEL
2008-10-03,5.53000020980835,5.579999923706055,5.119999885559082,5.139999866485596,5.139999866485596,1105400,EXEL
2008-10-06,5.099999904632568,5.119999885559082,4.400000095367432,4.75,4.75,2067000,EXEL
2008-10-07,4.849999904632568,5.099999904632568,4.260000228881836,4.269999980926514,4.269999980926514,1011900,EXEL
2008-10-08,4.239999771118164,4.369999885559082,3.9600000381469727,4.050000190734863,4.050000190734863,1149900,EXEL
2008-10-09,4.150000095367432,4.320000171661377,3.5999999046325684,3.619999885559082,3.619999885559082,1747900,EXEL
2008-10-10,3.5299999713897705,4.010000228881836,3.109999895095825,4.010000228881836,4.010000228881836,2892100,EXEL
2008-10-13,4.260000228881836,4.849999904632568,4.019999980926514,4.840000152587891,4.840000152587891,1675000,EXEL
2008-10-14,5.0,5.210000038146973,4.369999885559082,4.650000095367432,4.650000095367432,1472900,EXEL
2008-10-15,4.579999923706055,4.860000133514404,4.070000171661377,4.150000095367432,4.150000095367432,762600,EXEL
2008-10-16,4.150000095367432,4.570000171661377,4.019999980926514,4.5,4.5,1416600,EXEL
2008-10-17,4.309999942779541,4.670000076293945,3.6600000858306885,4.380000114440918,4.380000114440918,968800,EXEL
2008-10-20,4.5,4.760000228881836,4.400000095367432,4.760000228881836,4.760000228881836,790900,EXEL
2008-10-21,4.670000076293945,4.949999809265137,4.550000190734863,4.570000171661377,4.570000171661377,557800,EXEL
2008-10-22,4.460000038146973,4.71999979019165,4.400000095367432,4.5,4.5,519500,EXEL
2008-10-23,4.0,4.179999828338623,3.359999895095825,3.5299999713897705,3.5299999713897705,3230800,EXEL
2008-10-24,3.369999885559082,3.7100000381469727,3.299999952316284,3.4700000286102295,3.4700000286102295,2455400,EXEL
2008-10-27,3.4800000190734863,3.5299999713897705,3.0299999713897705,3.0299999713897705,3.0299999713897705,1247800,EXEL
2008-10-28,3.1600000858306885,3.200000047683716,2.930000066757202,3.009999990463257,3.009999990463257,2519200,EXEL
2008-10-29,3.0199999809265137,3.180000066757202,2.890000104904175,2.9600000381469727,2.9600000381469727,2354600,EXEL
2008-10-30,3.109999895095825,3.299999952316284,3.0899999141693115,3.25,3.25,2110800,EXEL
2008-10-31,3.3299999237060547,3.4700000286102295,3.2899999618530273,3.440000057220459,3.440000057220459,1667400,EXEL
2008-11-03,3.450000047683716,3.7200000286102295,3.450000047683716,3.7200000286102295,3.7200000286102295,938700,EXEL
2008-11-04,3.7699999809265137,3.930000066757202,3.700000047683716,3.799999952316284,3.799999952316284,921800,EXEL
2008-11-05,3.930000066757202,3.930000066757202,3.3499999046325684,3.4000000953674316,3.4000000953674316,1077000,EXEL
2008-11-06,3.380000114440918,3.5,3.369999885559082,3.4700000286102295,3.4700000286102295,730100,EXEL
2008-11-07,3.5199999809265137,3.549999952316284,3.4000000953674316,3.490000009536743,3.490000009536743,790000,EXEL
2008-11-10,3.569999933242798,3.680000066757202,3.4000000953674316,3.4600000381469727,3.4600000381469727,992100,EXEL
2008-11-11,3.440000057220459,3.5,3.2899999618530273,3.369999885559082,3.369999885559082,947100,EXEL
2008-11-12,3.3299999237060547,3.4600000381469727,3.0299999713897705,3.069999933242798,3.069999933242798,977000,EXEL
2008-11-13,3.0899999141693115,3.3399999141693115,2.930000066757202,3.309999942779541,3.309999942779541,753200,EXEL
2008-11-14,3.25,3.299999952316284,3.049999952316284,3.049999952316284,3.049999952316284,593700,EXEL
2008-11-17,3.009999990463257,3.2699999809265137,2.9700000286102295,3.0,3.0,862000,EXEL
2008-11-18,3.0,3.25,2.9200000762939453,2.9800000190734863,2.9800000190734863,824700,EXEL
2008-11-19,2.9800000190734863,3.1600000858306885,2.880000114440918,2.880000114440918,2.880000114440918,680600,EXEL
2008-11-20,2.8499999046325684,2.880000114440918,2.5899999141693115,2.7100000381469727,2.7100000381469727,1497800,EXEL
2008-11-21,2.759999990463257,2.9200000762939453,2.109999895095825,2.4000000953674316,2.4000000953674316,2313900,EXEL
2008-11-24,2.7100000381469727,2.930000066757202,2.4200000762939453,2.859999895095825,2.859999895095825,1500700,EXEL
2008-11-25,2.9100000858306885,2.9700000286102295,2.5,2.619999885559082,2.619999885559082,1335900,EXEL
2008-11-26,2.559999942779541,3.0399999618530273,2.5299999713897705,3.0299999713897705,3.0299999713897705,643600,EXEL
2008-11-28,2.990000009536743,3.0899999141693115,2.950000047683716,3.0899999141693115,3.0899999141693115,188400,EXEL
2008-12-01,3.0,3.0299999713897705,2.759999990463257,2.7799999713897705,2.7799999713897705,1225900,EXEL
2008-12-02,2.9100000858306885,3.4000000953674316,2.799999952316284,3.299999952316284,3.299999952316284,1602600,EXEL
2008-12-03,3.2200000286102295,3.4800000190734863,3.0999999046325684,3.440000057220459,3.440000057220459,1055200,EXEL
2008-12-04,3.390000104904175,3.640000104904175,3.109999895095825,3.3399999141693115,3.3399999141693115,1113800,EXEL
2008-12-05,3.2699999809265137,3.5999999046325684,3.119999885559082,3.5399999618530273,3.5399999618530273,1004000,EXEL
2008-12-08,3.6500000953674316,3.740000009536743,3.4800000190734863,3.700000047683716,3.700000047683716,874000,EXEL
2008-12-09,3.7200000286102295,3.9000000953674316,3.5,3.549999952316284,3.549999952316284,804500,EXEL
2008-12-10,3.609999895095825,3.8399999141693115,3.5899999141693115,3.799999952316284,3.799999952316284,786500,EXEL
2008-12-11,3.799999952316284,4.039999961853027,3.690000057220459,3.7300000190734863,3.7300000190734863,1011600,EXEL
2008-12-12,4.5,5.0,4.0,4.949999809265137,4.949999809265137,5317100,EXEL
2008-12-15,5.389999866485596,5.400000095367432,4.449999809265137,4.519999980926514,4.519999980926514,2227500,EXEL
2008-12-16,4.690000057220459,5.039999961853027,4.659999847412109,5.039999961853027,5.039999961853027,1699300,EXEL
2008-12-17,4.949999809265137,5.5,4.900000095367432,5.289999961853027,5.289999961853027,1272800,EXEL
2008-12-18,5.329999923706055,5.449999809265137,5.019999980926514,5.110000133514404,5.110000133514404,993700,EXEL
2008-12-19,5.25,5.349999904632568,5.059999942779541,5.119999885559082,5.119999885559082,1629400,EXEL
2008-12-22,5.21999979019165,5.349999904632568,4.800000190734863,5.079999923706055,5.079999923706055,1222500,EXEL
2008-12-23,5.110000133514404,5.21999979019165,4.909999847412109,4.940000057220459,4.940000057220459,627200,EXEL
2008-12-24,4.960000038146973,5.019999980926514,4.840000152587891,4.869999885559082,4.869999885559082,202400,EXEL
2008-12-26,4.900000095367432,4.940000057220459,4.699999809265137,4.929999828338623,4.929999828338623,290800,EXEL
2008-12-29,4.929999828338623,4.940000057220459,4.579999923706055,4.659999847412109,4.659999847412109,427300,EXEL
2008-12-30,4.739999771118164,4.920000076293945,4.650000095367432,4.920000076293945,4.920000076293945,781000,EXEL
2008-12-31,4.949999809265137,5.079999923706055,4.840000152587891,5.019999980926514,5.019999980926514,754500,EXEL
2009-01-02,5.03000020980835,5.25,4.940000057220459,5.21999979019165,5.21999979019165,398600,EXEL
2009-01-05,5.21999979019165,5.230000019073486,4.929999828338623,5.159999847412109,5.159999847412109,516300,EXEL
2009-01-06,5.25,5.300000190734863,5.119999885559082,5.210000038146973,5.210000038146973,765400,EXEL
2009-01-07,5.090000152587891,5.119999885559082,4.840000152587891,4.929999828338623,4.929999828338623,710900,EXEL
2009-01-08,4.809999942779541,5.170000076293945,4.800000190734863,5.170000076293945,5.170000076293945,551500,EXEL
2009-01-09,5.150000095367432,5.21999979019165,4.849999904632568,4.849999904632568,4.849999904632568,614200,EXEL
2009-01-12,4.849999904632568,4.880000114440918,4.570000171661377,4.75,4.75,672200,EXEL
2009-01-13,4.730000019073486,5.059999942779541,4.630000114440918,4.900000095367432,4.900000095367432,606000,EXEL
2009-01-14,4.789999961853027,4.989999771118164,4.710000038146973,4.789999961853027,4.789999961853027,435300,EXEL
2009-01-15,4.789999961853027,4.860000133514404,4.340000152587891,4.599999904632568,4.599999904632568,1818900,EXEL
2009-01-16,4.639999866485596,4.760000228881836,4.460000038146973,4.730000019073486,4.730000019073486,561900,EXEL
2009-01-20,4.659999847412109,4.699999809265137,4.199999809265137,4.199999809265137,4.199999809265137,768600,EXEL
2009-01-21,4.269999980926514,4.699999809265137,4.239999771118164,4.639999866485596,4.639999866485596,684000,EXEL
2009-01-22,4.489999771118164,4.619999885559082,4.300000190734863,4.480000019073486,4.480000019073486,528400,EXEL
2009-01-23,4.309999942779541,4.639999866485596,4.300000190734863,4.449999809265137,4.449999809265137,506100,EXEL
2009-01-26,4.449999809265137,4.809999942779541,4.260000228881836,4.679999828338623,4.679999828338623,728000,EXEL
2009-01-27,4.690000057220459,5.0,4.5,4.929999828338623,4.929999828338623,501300,EXEL
2009-01-28,5.019999980926514,5.300000190734863,4.949999809265137,5.300000190734863,5.300000190734863,737200,EXEL
2009-01-29,5.230000019073486,5.25,4.880000114440918,4.949999809265137,4.949999809265137,711700,EXEL
2009-01-30,5.0,5.139999866485596,4.880000114440918,4.929999828338623,4.929999828338623,365800,EXEL
2009-02-02,4.820000171661377,5.210000038146973,4.820000171661377,5.159999847412109,5.159999847412109,681500,EXEL
2009-02-03,5.199999809265137,5.409999847412109,5.090000152587891,5.349999904632568,5.349999904632568,589700,EXEL
2009-02-04,5.340000152587891,5.639999866485596,5.119999885559082,5.380000114440918,5.380000114440918,670000,EXEL
2009-02-05,5.309999942779541,5.599999904632568,5.289999961853027,5.559999942779541,5.559999942779541,683900,EXEL
2009-02-06,5.539999961853027,5.880000114440918,5.510000228881836,5.849999904632568,5.849999904632568,932200,EXEL
2009-02-09,5.849999904632568,6.039999961853027,5.690000057220459,6.0,6.0,551900,EXEL
2009-02-10,5.929999828338623,6.110000133514404,5.460000038146973,5.489999771118164,5.489999771118164,715700,EXEL
2009-02-11,5.449999809265137,5.670000076293945,5.349999904632568,5.53000020980835,5.53000020980835,469500,EXEL
2009-02-12,5.429999828338623,5.599999904632568,5.28000020980835,5.539999961853027,5.539999961853027,408700,EXEL
2009-02-13,5.559999942779541,5.559999942779541,5.210000038146973,5.260000228881836,5.260000228881836,564600,EXEL
2009-02-17,5.0,5.119999885559082,4.900000095367432,4.96999979019165,4.96999979019165,479800,EXEL
2009-02-18,5.010000228881836,5.039999961853027,4.820000171661377,4.849999904632568,4.849999904632568,593400,EXEL
2009-02-19,4.920000076293945,5.010000228881836,4.78000020980835,4.78000020980835,4.78000020980835,657600,EXEL
2009-02-20,4.71999979019165,4.900000095367432,4.610000133514404,4.690000057220459,4.690000057220459,735700,EXEL
2009-02-23,4.679999828338623,4.760000228881836,4.599999904632568,4.610000133514404,4.610000133514404,637900,EXEL
2009-02-24,4.690000057220459,4.900000095367432,4.570000171661377,4.820000171661377,4.820000171661377,1193600,EXEL
2009-02-25,4.840000152587891,4.880000114440918,4.599999904632568,4.650000095367432,4.650000095367432,726600,EXEL
2009-02-26,4.730000019073486,4.739999771118164,4.389999866485596,4.420000076293945,4.420000076293945,940300,EXEL
2009-02-27,4.340000152587891,4.489999771118164,4.28000020980835,4.320000171661377,4.320000171661377,800000,EXEL
2009-03-02,4.199999809265137,5.119999885559082,4.199999809265137,4.329999923706055,4.329999923706055,1857300,EXEL
2009-03-03,4.409999847412109,4.590000152587891,4.260000228881836,4.409999847412109,4.409999847412109,1846300,EXEL
2009-03-04,4.46999979019165,4.730000019073486,4.349999904632568,4.630000114440918,4.630000114440918,1466700,EXEL
2009-03-05,4.5,4.690000057220459,4.320000171661377,4.329999923706055,4.329999923706055,1146100,EXEL
2009-03-06,4.389999866485596,4.5,4.309999942779541,4.340000152587891,4.340000152587891,849200,EXEL
2009-03-09,4.269999980926514,4.380000114440918,4.179999828338623,4.21999979019165,4.21999979019165,1247400,EXEL
2009-03-10,4.349999904632568,4.559999942779541,4.329999923706055,4.539999961853027,4.539999961853027,831100,EXEL
2009-03-11,4.739999771118164,4.760000228881836,4.389999866485596,4.46999979019165,4.46999979019165,845100,EXEL
2009-03-12,4.449999809265137,4.989999771118164,4.400000095367432,4.909999847412109,4.909999847412109,1267500,EXEL
2009-03-13,4.960000038146973,4.989999771118164,4.809999942779541,4.840000152587891,4.840000152587891,738500,EXEL
2009-03-16,4.900000095367432,5.0,4.650000095367432,4.650000095367432,4.650000095367432,492700,EXEL
2009-03-17,4.630000114440918,4.909999847412109,4.550000190734863,4.900000095367432,4.900000095367432,588400,EXEL
2009-03-18,4.880000114440918,5.019999980926514,4.730000019073486,4.949999809265137,4.949999809265137,1039400,EXEL
2009-03-19,5.010000228881836,5.010000228881836,4.539999961853027,4.579999923706055,4.579999923706055,1022600,EXEL
2009-03-20,4.639999866485596,4.949999809265137,4.559999942779541,4.559999942779541,4.559999942779541,858700,EXEL
2009-03-23,4.730000019073486,4.960000038146973,4.650000095367432,4.960000038146973,4.960000038146973,708500,EXEL
2009-03-24,4.880000114440918,4.949999809265137,4.619999885559082,4.619999885559082,4.619999885559082,648100,EXEL
2009-03-25,4.690000057220459,4.840000152587891,4.480000019073486,4.789999961853027,4.789999961853027,586600,EXEL
2009-03-26,4.900000095367432,4.989999771118164,4.760000228881836,4.889999866485596,4.889999866485596,648100,EXEL
2009-03-27,4.789999961853027,4.800000190734863,4.639999866485596,4.639999866485596,4.639999866485596,405500,EXEL
2009-03-30,4.5,4.610000133514404,4.400000095367432,4.5,4.5,444600,EXEL
2009-03-31,4.590000152587891,4.760000228881836,4.53000020980835,4.599999904632568,4.599999904632568,480300,EXEL
2009-04-01,4.389999866485596,4.619999885559082,4.389999866485596,4.550000190734863,4.550000190734863,499200,EXEL
2009-04-02,4.710000038146973,4.909999847412109,4.599999904632568,4.909999847412109,4.909999847412109,1020400,EXEL
2009-04-03,4.909999847412109,4.929999828338623,4.71999979019165,4.860000133514404,4.860000133514404,467700,EXEL
2009-04-06,4.789999961853027,5.099999904632568,4.75,4.989999771118164,4.989999771118164,766400,EXEL
2009-04-07,4.909999847412109,5.039999961853027,4.710000038146973,4.710000038146973,4.710000038146973,492700,EXEL
2009-04-08,4.739999771118164,4.889999866485596,4.730000019073486,4.869999885559082,4.869999885559082,675400,EXEL
2009-04-09,4.980000019073486,5.170000076293945,4.829999923706055,5.090000152587891,5.090000152587891,651800,EXEL
2009-04-13,5.0,5.099999904632568,4.880000114440918,4.989999771118164,4.989999771118164,496400,EXEL
2009-04-14,4.880000114440918,5.130000114440918,4.849999904632568,4.989999771118164,4.989999771118164,638500,EXEL
2009-04-15,4.929999828338623,5.159999847412109,4.920000076293945,5.150000095367432,5.150000095367432,350000,EXEL
2009-04-16,5.199999809265137,5.309999942779541,5.03000020980835,5.230000019073486,5.230000019073486,612800,EXEL
2009-04-17,5.260000228881836,5.5,5.010000228881836,5.409999847412109,5.409999847412109,683200,EXEL
2009-04-20,5.239999771118164,5.320000171661377,5.03000020980835,5.079999923706055,5.079999923706055,634800,EXEL
2009-04-21,5.039999961853027,5.420000076293945,4.980000019073486,5.25,5.25,927000,EXEL
2009-04-22,5.159999847412109,5.400000095367432,5.150000095367432,5.179999828338623,5.179999828338623,544200,EXEL
2009-04-23,5.170000076293945,5.260000228881836,4.949999809265137,4.989999771118164,4.989999771118164,748200,EXEL
2009-04-24,5.039999961853027,5.119999885559082,4.920000076293945,4.940000057220459,4.940000057220459,639600,EXEL
2009-04-27,4.820000171661377,4.909999847412109,4.739999771118164,4.78000020980835,4.78000020980835,701800,EXEL
2009-04-28,4.730000019073486,4.929999828338623,4.699999809265137,4.829999923706055,4.829999923706055,846200,EXEL
2009-04-29,4.909999847412109,5.139999866485596,4.880000114440918,4.989999771118164,4.989999771118164,1024000,EXEL
2009-04-30,5.03000020980835,5.179999828338623,4.929999828338623,4.929999828338623,4.929999828338623,650700,EXEL
2009-05-01,4.900000095367432,5.0,4.769999980926514,4.860000133514404,4.860000133514404,607300,EXEL
2009-05-04,4.940000057220459,4.989999771118164,4.860000133514404,4.909999847412109,4.909999847412109,734300,EXEL
2009-05-05,4.889999866485596,4.989999771118164,4.789999961853027,4.869999885559082,4.869999885559082,660500,EXEL
2009-05-06,4.940000057220459,5.039999961853027,4.570000171661377,4.579999923706055,4.579999923706055,696100,EXEL
2009-05-07,4.650000095367432,4.800000190734863,4.460000038146973,4.590000152587891,4.590000152587891,1075400,EXEL
2009-05-08,4.699999809265137,4.920000076293945,4.659999847412109,4.789999961853027,4.789999961853027,991000,EXEL
2009-05-11,4.659999847412109,4.880000114440918,4.630000114440918,4.699999809265137,4.699999809265137,1087500,EXEL
2009-05-12,4.75,4.75,4.420000076293945,4.429999828338623,4.429999828338623,643900,EXEL
2009-05-13,4.420000076293945,4.440000057220459,4.090000152587891,4.159999847412109,4.159999847412109,1442500,EXEL
2009-05-14,4.199999809265137,4.460000038146973,4.199999809265137,4.420000076293945,4.420000076293945,850000,EXEL
2009-05-15,5.449999809265137,5.449999809265137,4.610000133514404,4.670000076293945,4.670000076293945,3764000,EXEL
2009-05-18,4.789999961853027,4.880000114440918,4.519999980926514,4.75,4.75,1494400,EXEL
2009-05-19,4.78000020980835,4.840000152587891,4.590000152587891,4.670000076293945,4.670000076293945,807700,EXEL
2009-05-20,4.699999809265137,4.809999942779541,4.559999942779541,4.579999923706055,4.579999923706055,671300,EXEL
2009-05-21,4.539999961853027,4.710000038146973,4.349999904632568,4.489999771118164,4.489999771118164,950500,EXEL
2009-05-22,4.510000228881836,4.539999961853027,4.369999885559082,4.400000095367432,4.400000095367432,539300,EXEL
2009-05-26,4.300000190734863,4.650000095367432,4.28000020980835,4.570000171661377,4.570000171661377,721600,EXEL
2009-05-27,4.550000190734863,4.650000095367432,4.440000057220459,4.510000228881836,4.510000228881836,439100,EXEL
2009-05-28,5.699999809265137,6.099999904632568,5.21999979019165,5.360000133514404,5.360000133514404,28559600,EXEL
2009-05-29,5.539999961853027,5.739999771118164,5.360000133514404,5.550000190734863,5.550000190734863,7086300,EXEL
2009-06-01,5.210000038146973,5.360000133514404,5.03000020980835,5.130000114440918,5.130000114440918,5144900,EXEL
2009-06-02,5.130000114440918,5.199999809265137,4.949999809265137,5.0,5.0,2758300,EXEL
2009-06-03,4.949999809265137,5.179999828338623,4.849999904632568,5.090000152587891,5.090000152587891,2341400,EXEL
2009-06-04,5.150000095367432,5.170000076293945,4.960000038146973,5.03000020980835,5.03000020980835,1240900,EXEL
2009-06-05,5.059999942779541,5.119999885559082,4.880000114440918,4.980000019073486,4.980000019073486,886700,EXEL
2009-06-08,4.949999809265137,5.010000228881836,4.809999942779541,4.900000095367432,4.900000095367432,1044300,EXEL
2009-06-09,4.920000076293945,4.96999979019165,4.769999980926514,4.860000133514404,4.860000133514404,731500,EXEL
2009-06-10,4.889999866485596,4.900000095367432,4.570000171661377,4.710000038146973,4.710000038146973,1792300,EXEL
2009-06-11,4.889999866485596,5.070000171661377,4.809999942779541,4.929999828338623,4.929999828338623,1901600,EXEL
2009-06-12,4.949999809265137,5.03000020980835,4.869999885559082,4.960000038146973,4.960000038146973,931800,EXEL
2009-06-15,4.96999979019165,5.010000228881836,4.800000190734863,4.860000133514404,4.860000133514404,1341000,EXEL
2009-06-16,4.949999809265137,4.949999809265137,4.820000171661377,4.880000114440918,4.880000114440918,1339600,EXEL
2009-06-17,4.980000019073486,5.010000228881836,4.880000114440918,4.929999828338623,4.929999828338623,1090500,EXEL
2009-06-18,4.940000057220459,4.989999771118164,4.869999885559082,4.920000076293945,4.920000076293945,980100,EXEL
2009-06-19,5.0,5.170000076293945,4.989999771118164,5.090000152587891,5.090000152587891,1663300,EXEL
2009-06-22,5.059999942779541,5.099999904632568,4.940000057220459,4.960000038146973,4.960000038146973,1171100,EXEL
2009-06-23,4.929999828338623,5.0,4.820000171661377,4.869999885559082,4.869999885559082,593800,EXEL
2009-06-24,4.96999979019165,4.96999979019165,4.840000152587891,4.860000133514404,4.860000133514404,797800,EXEL
2009-06-25,4.840000152587891,4.989999771118164,4.800000190734863,4.989999771118164,4.989999771118164,902000,EXEL
2009-06-26,4.940000057220459,5.079999923706055,4.889999866485596,5.050000190734863,5.050000190734863,1293100,EXEL
2009-06-29,5.050000190734863,5.070000171661377,4.900000095367432,4.96999979019165,4.96999979019165,465100,EXEL
2009-06-30,4.989999771118164,5.03000020980835,4.849999904632568,4.869999885559082,4.869999885559082,645000,EXEL
2009-07-01,4.900000095367432,4.949999809265137,4.800000190734863,4.900000095367432,4.900000095367432,547000,EXEL
2009-07-02,4.820000171661377,4.900000095367432,4.710000038146973,4.71999979019165,4.71999979019165,676300,EXEL
2009-07-06,4.699999809265137,4.789999961853027,4.519999980926514,4.570000171661377,4.570000171661377,590400,EXEL
2009-07-07,4.559999942779541,4.619999885559082,4.510000228881836,4.519999980926514,4.519999980926514,354000,EXEL
2009-07-08,4.570000171661377,4.630000114440918,4.360000133514404,4.409999847412109,4.409999847412109,730400,EXEL
2009-07-09,4.460000038146973,4.5,4.360000133514404,4.400000095367432,4.400000095367432,422600,EXEL
2009-07-10,4.360000133514404,4.449999809265137,4.329999923706055,4.420000076293945,4.420000076293945,465100,EXEL
2009-07-13,4.309999942779541,4.449999809265137,4.25,4.449999809265137,4.449999809265137,645200,EXEL
2009-07-14,4.460000038146973,4.5,4.449999809265137,4.489999771118164,4.489999771118164,263400,EXEL
2009-07-15,4.489999771118164,4.650000095367432,4.460000038146973,4.650000095367432,4.650000095367432,772200,EXEL
2009-07-16,4.639999866485596,4.730000019073486,4.579999923706055,4.71999979019165,4.71999979019165,633300,EXEL
2009-07-17,4.730000019073486,4.820000171661377,4.579999923706055,4.760000228881836,4.760000228881836,992000,EXEL
2009-07-20,4.78000020980835,4.889999866485596,4.699999809265137,4.809999942779541,4.809999942779541,429900,EXEL
2009-07-21,4.820000171661377,4.820000171661377,4.670000076293945,4.760000228881836,4.760000228881836,313500,EXEL
2009-07-22,4.75,4.920000076293945,4.699999809265137,4.809999942779541,4.809999942779541,591600,EXEL
2009-07-23,4.820000171661377,5.090000152587891,4.809999942779541,5.039999961853027,5.039999961853027,1219900,EXEL
2009-07-24,5.0,5.849999904632568,5.0,5.739999771118164,5.739999771118164,3718400,EXEL
2009-07-27,5.809999942779541,6.050000190734863,5.5,5.739999771118164,5.739999771118164,2710200,EXEL
2009-07-28,5.679999828338623,6.010000228881836,5.610000133514404,5.869999885559082,5.869999885559082,1369800,EXEL
2009-07-29,6.0,6.010000228881836,5.699999809265137,5.820000171661377,5.820000171661377,1133600,EXEL
2009-07-30,5.900000095367432,5.96999979019165,5.690000057220459,5.900000095367432,5.900000095367432,1735400,EXEL
2009-07-31,5.840000152587891,5.840000152587891,5.309999942779541,5.349999904632568,5.349999904632568,2139900,EXEL
2009-08-03,5.349999904632568,5.650000095367432,5.329999923706055,5.650000095367432,5.650000095367432,1181100,EXEL
2009-08-04,5.590000152587891,5.820000171661377,5.5,5.809999942779541,5.809999942779541,719300,EXEL
2009-08-05,5.800000190734863,5.800000190734863,5.599999904632568,5.630000114440918,5.630000114440918,641600,EXEL
2009-08-06,5.639999866485596,5.679999828338623,5.449999809265137,5.449999809265137,5.449999809265137,665300,EXEL
2009-08-07,5.559999942779541,5.690000057220459,5.449999809265137,5.570000171661377,5.570000171661377,674700,EXEL
2009-08-10,5.510000228881836,5.630000114440918,5.460000038146973,5.610000133514404,5.610000133514404,537600,EXEL
2009-08-11,5.559999942779541,5.599999904632568,5.349999904632568,5.389999866485596,5.389999866485596,544700,EXEL
2009-08-12,5.409999847412109,5.739999771118164,5.409999847412109,5.619999885559082,5.619999885559082,764600,EXEL
2009-08-13,5.690000057220459,5.710000038146973,5.46999979019165,5.699999809265137,5.699999809265137,681400,EXEL
2009-08-14,5.679999828338623,5.679999828338623,5.5,5.610000133514404,5.610000133514404,555500,EXEL
2009-08-17,5.480000019073486,5.619999885559082,5.360000133514404,5.599999904632568,5.599999904632568,719800,EXEL
2009-08-18,5.619999885559082,5.619999885559082,5.440000057220459,5.489999771118164,5.489999771118164,429800,EXEL
2009-08-19,5.400000095367432,5.710000038146973,5.360000133514404,5.710000038146973,5.710000038146973,605800,EXEL
2009-08-20,5.679999828338623,5.699999809265137,5.480000019073486,5.659999847412109,5.659999847412109,374300,EXEL
2009-08-21,5.71999979019165,5.800000190734863,5.639999866485596,5.690000057220459,5.690000057220459,646100,EXEL
2009-08-24,5.699999809265137,5.75,5.619999885559082,5.670000076293945,5.670000076293945,410200,EXEL
2009-08-25,5.690000057220459,5.880000114440918,5.619999885559082,5.730000019073486,5.730000019073486,662000,EXEL
2009-08-26,5.730000019073486,5.949999809265137,5.730000019073486,5.78000020980835,5.78000020980835,570100,EXEL
2009-08-27,5.820000171661377,5.840000152587891,5.599999904632568,5.829999923706055,5.829999923706055,367600,EXEL
2009-08-28,5.889999866485596,5.889999866485596,5.619999885559082,5.710000038146973,5.710000038146973,438400,EXEL
2009-08-31,5.659999847412109,5.71999979019165,5.559999942779541,5.71999979019165,5.71999979019165,670300,EXEL
2009-09-01,5.730000019073486,6.190000057220459,5.71999979019165,5.960000038146973,5.960000038146973,2125900,EXEL
2009-09-02,5.920000076293945,6.25,5.760000228881836,6.110000133514404,6.110000133514404,1946100,EXEL
2009-09-03,6.119999885559082,6.179999828338623,5.900000095367432,6.110000133514404,6.110000133514404,828000,EXEL
2009-09-04,6.090000152587891,6.25,5.960000038146973,6.25,6.25,922900,EXEL
2009-09-08,6.260000228881836,6.329999923706055,6.159999847412109,6.269999980926514,6.269999980926514,858600,EXEL
2009-09-09,6.239999771118164,6.460000038146973,6.170000076293945,6.380000114440918,6.380000114440918,623900,EXEL
2009-09-10,6.349999904632568,6.46999979019165,6.179999828338623,6.440000057220459,6.440000057220459,481700,EXEL
2009-09-11,6.440000057220459,6.579999923706055,6.360000133514404,6.380000114440918,6.380000114440918,513800,EXEL
2009-09-14,6.320000171661377,6.550000190734863,6.21999979019165,6.53000020980835,6.53000020980835,535700,EXEL
2009-09-15,6.53000020980835,6.679999828338623,6.480000019073486,6.610000133514404,6.610000133514404,706500,EXEL
2009-09-16,6.269999980926514,6.739999771118164,6.039999961853027,6.690000057220459,6.690000057220459,574000,EXEL
2009-09-17,6.699999809265137,6.920000076293945,6.650000095367432,6.760000228881836,6.760000228881836,951500,EXEL
2009-09-18,6.789999961853027,6.920000076293945,6.599999904632568,6.809999942779541,6.809999942779541,1061000,EXEL
2009-09-21,6.75,7.070000171661377,6.699999809265137,6.989999771118164,6.989999771118164,915800,EXEL
2009-09-22,7.03000020980835,7.25,6.820000171661377,6.849999904632568,6.849999904632568,697700,EXEL
2009-09-23,6.860000133514404,6.920000076293945,6.670000076293945,6.710000038146973,6.710000038146973,695500,EXEL
2009-09-24,6.71999979019165,6.71999979019165,6.260000228881836,6.309999942779541,6.309999942779541,1211000,EXEL
2009-09-25,6.309999942779541,6.849999904632568,6.28000020980835,6.480000019073486,6.480000019073486,905000,EXEL
2009-09-28,6.539999961853027,6.670000076293945,6.309999942779541,6.5,6.5,566300,EXEL
2009-09-29,6.489999771118164,6.650000095367432,6.46999979019165,6.489999771118164,6.489999771118164,424900,EXEL
2009-09-30,6.510000228881836,6.539999961853027,6.170000076293945,6.380000114440918,6.380000114440918,800000,EXEL
2009-10-01,6.329999923706055,6.329999923706055,5.96999979019165,5.96999979019165,5.96999979019165,1160900,EXEL
2009-10-02,5.920000076293945,6.139999866485596,5.900000095367432,5.989999771118164,5.989999771118164,536100,EXEL
2009-10-05,6.010000228881836,6.150000095367432,5.960000038146973,6.130000114440918,6.130000114440918,415800,EXEL
2009-10-06,6.210000038146973,6.380000114440918,6.070000171661377,6.369999885559082,6.369999885559082,951000,EXEL
2009-10-07,6.349999904632568,6.489999771118164,6.349999904632568,6.460000038146973,6.460000038146973,700200,EXEL
2009-10-08,6.480000019073486,6.559999942779541,6.389999866485596,6.409999847412109,6.409999847412109,633300,EXEL
2009-10-09,6.429999828338623,6.5,6.369999885559082,6.5,6.5,375100,EXEL
2009-10-12,6.480000019073486,6.480000019073486,6.329999923706055,6.360000133514404,6.360000133514404,396800,EXEL
2009-10-13,6.329999923706055,6.420000076293945,6.059999942779541,6.21999979019165,6.21999979019165,475400,EXEL
2009-10-14,6.309999942779541,6.380000114440918,6.179999828338623,6.309999942779541,6.309999942779541,453000,EXEL
2009-10-15,6.239999771118164,6.389999866485596,6.21999979019165,6.300000190734863,6.300000190734863,443600,EXEL
2009-10-16,6.260000228881836,6.300000190734863,6.110000133514404,6.25,6.25,632700,EXEL
2009-10-19,6.28000020980835,6.5,6.25,6.429999828338623,6.429999828338623,867400,EXEL
2009-10-20,6.429999828338623,6.440000057220459,6.039999961853027,6.090000152587891,6.090000152587891,564200,EXEL
2009-10-21,6.050000190734863,6.269999980926514,5.929999828338623,5.960000038146973,5.960000038146973,542700,EXEL
2009-10-22,5.940000057220459,6.090000152587891,5.809999942779541,6.0,6.0,471500,EXEL
2009-10-23,6.050000190734863,6.090000152587891,5.809999942779541,5.840000152587891,5.840000152587891,374100,EXEL
2009-10-26,5.860000133514404,6.050000190734863,5.679999828338623,5.789999961853027,5.789999961853027,596600,EXEL
2009-10-27,5.829999923706055,5.889999866485596,5.690000057220459,5.769999980926514,5.769999980926514,580600,EXEL
2009-10-28,5.739999771118164,5.739999771118164,5.309999942779541,5.329999923706055,5.329999923706055,797400,EXEL
2009-10-29,5.300000190734863,5.710000038146973,5.300000190734863,5.710000038146973,5.710000038146973,1272700,EXEL
2009-10-30,5.710000038146973,6.349999904632568,5.650000095367432,6.079999923706055,6.079999923706055,2247800,EXEL
2009-11-02,6.090000152587891,6.440000057220459,5.989999771118164,6.349999904632568,6.349999904632568,1499900,EXEL
2009-11-03,6.289999961853027,6.789999961853027,6.28000020980835,6.789999961853027,6.789999961853027,1648600,EXEL
2009-11-04,6.849999904632568,6.900000095367432,6.46999979019165,6.489999771118164,6.489999771118164,2357100,EXEL
2009-11-05,6.590000152587891,6.739999771118164,6.460000038146973,6.710000038146973,6.710000038146973,1740000,EXEL
2009-11-06,6.610000133514404,6.809999942779541,6.550000190734863,6.800000190734863,6.800000190734863,815900,EXEL
2009-11-09,7.03000020980835,7.25,7.010000228881836,7.050000190734863,7.050000190734863,1681800,EXEL
2009-11-10,7.079999923706055,7.239999771118164,6.960000038146973,7.159999847412109,7.159999847412109,1279700,EXEL
2009-11-11,7.25,7.25,7.139999866485596,7.190000057220459,7.190000057220459,1026700,EXEL
2009-11-12,7.199999809265137,7.230000019073486,7.150000095367432,7.199999809265137,7.199999809265137,1098800,EXEL
2009-11-13,7.210000038146973,7.210000038146973,7.119999885559082,7.210000038146973,7.210000038146973,664800,EXEL
2009-11-16,7.289999961853027,8.0,7.159999847412109,7.489999771118164,7.489999771118164,1647400,EXEL
2009-11-17,7.489999771118164,7.78000020980835,7.400000095367432,7.690000057220459,7.690000057220459,993400,EXEL
2009-11-18,7.099999904632568,7.21999979019165,6.730000019073486,6.900000095367432,6.900000095367432,2351500,EXEL
2009-11-19,6.869999885559082,6.869999885559082,6.5,6.630000114440918,6.630000114440918,1467600,EXEL
2009-11-20,6.559999942779541,6.71999979019165,6.449999809265137,6.710000038146973,6.710000038146973,1137900,EXEL
2009-11-23,6.78000020980835,6.920000076293945,6.699999809265137,6.809999942779541,6.809999942779541,737900,EXEL
2009-11-24,6.840000152587891,6.860000133514404,6.599999904632568,6.849999904632568,6.849999904632568,467400,EXEL
2009-11-25,6.860000133514404,6.909999847412109,6.820000171661377,6.840000152587891,6.840000152587891,358100,EXEL
2009-11-27,6.610000133514404,6.860000133514404,6.610000133514404,6.639999866485596,6.639999866485596,331900,EXEL
2009-11-30,6.630000114440918,6.849999904632568,6.539999961853027,6.840000152587891,6.840000152587891,884400,EXEL
2009-12-01,6.909999847412109,6.960000038146973,6.820000171661377,6.940000057220459,6.940000057220459,992100,EXEL
2009-12-02,6.960000038146973,7.010000228881836,6.900000095367432,7.0,7.0,594800,EXEL
2009-12-03,7.0,7.119999885559082,6.880000114440918,6.889999866485596,6.889999866485596,645700,EXEL
2009-12-04,7.0,7.090000152587891,6.829999923706055,6.909999847412109,6.909999847412109,890900,EXEL
2009-12-07,6.889999866485596,7.0,6.800000190734863,6.889999866485596,6.889999866485596,465800,EXEL
2009-12-08,6.820000171661377,7.159999847412109,6.730000019073486,7.119999885559082,7.119999885559082,1126900,EXEL
2009-12-09,7.150000095367432,7.269999980926514,7.03000020980835,7.179999828338623,7.179999828338623,680500,EXEL
2009-12-10,7.190000057220459,7.289999961853027,7.099999904632568,7.210000038146973,7.210000038146973,592000,EXEL
2009-12-11,7.269999980926514,7.869999885559082,7.199999809265137,7.650000095367432,7.650000095367432,1856300,EXEL
2009-12-14,7.679999828338623,7.760000228881836,7.510000228881836,7.730000019073486,7.730000019073486,710700,EXEL
2009-12-15,7.400000095367432,7.769999980926514,7.400000095367432,7.510000228881836,7.510000228881836,801700,EXEL
2009-12-16,7.559999942779541,7.860000133514404,7.5,7.599999904632568,7.599999904632568,1263500,EXEL
2009-12-17,7.579999923706055,7.579999923706055,7.25,7.340000152587891,7.340000152587891,1891800,EXEL
2009-12-18,7.429999828338623,7.440000057220459,7.090000152587891,7.170000076293945,7.170000076293945,6113000,EXEL
2009-12-21,7.190000057220459,7.599999904632568,7.150000095367432,7.539999961853027,7.539999961853027,1164200,EXEL
2009-12-22,7.590000152587891,7.860000133514404,7.519999980926514,7.840000152587891,7.840000152587891,1114300,EXEL
2009-12-23,7.860000133514404,7.889999866485596,7.71999979019165,7.869999885559082,7.869999885559082,810500,EXEL
2009-12-24,7.900000095367432,8.0,7.809999942779541,8.0,8.0,282000,EXEL
2009-12-28,8.0,8.0,7.820000171661377,7.880000114440918,7.880000114440918,536400,EXEL
2009-12-29,7.300000190734863,7.880000114440918,7.300000190734863,7.769999980926514,7.769999980926514,553800,EXEL
2009-12-30,7.760000228881836,7.760000228881836,7.53000020980835,7.570000171661377,7.570000171661377,893800,EXEL
2009-12-31,7.539999961853027,7.559999942779541,7.369999885559082,7.369999885559082,7.369999885559082,880300,EXEL
2010-01-04,7.480000019073486,7.53000020980835,7.409999847412109,7.5,7.5,568900,EXEL
2010-01-05,7.46999979019165,7.53000020980835,7.369999885559082,7.380000114440918,7.380000114440918,711800,EXEL
2010-01-06,7.389999866485596,7.460000038146973,7.349999904632568,7.360000133514404,7.360000133514404,628900,EXEL
2010-01-07,7.380000114440918,7.440000057220459,7.320000171661377,7.329999923706055,7.329999923706055,663100,EXEL
2010-01-08,7.21999979019165,7.320000171661377,7.0,7.309999942779541,7.309999942779541,1619600,EXEL
2010-01-11,7.349999904632568,7.400000095367432,7.130000114440918,7.159999847412109,7.159999847412109,474100,EXEL
2010-01-12,7.119999885559082,7.28000020980835,7.010000228881836,7.070000171661377,7.070000171661377,797100,EXEL
2010-01-13,7.119999885559082,7.230000019073486,7.050000190734863,7.159999847412109,7.159999847412109,466500,EXEL
2010-01-14,7.139999866485596,7.210000038146973,7.099999904632568,7.139999866485596,7.139999866485596,361600,EXEL
2010-01-15,7.179999828338623,7.179999828338623,6.760000228881836,6.78000020980835,6.78000020980835,1050300,EXEL
2010-01-19,6.78000020980835,7.119999885559082,6.78000020980835,7.099999904632568,7.099999904632568,808900,EXEL
2010-01-20,7.019999980926514,7.050000190734863,6.75,6.800000190734863,6.800000190734863,774200,EXEL
2010-01-21,6.829999923706055,6.880000114440918,6.510000228881836,6.510000228881836,6.510000228881836,622600,EXEL
2010-01-22,6.510000228881836,6.619999885559082,6.349999904632568,6.380000114440918,6.380000114440918,550100,EXEL
2010-01-25,6.440000057220459,6.5,6.340000152587891,6.360000133514404,6.360000133514404,840300,EXEL
2010-01-26,6.369999885559082,6.849999904632568,6.369999885559082,6.690000057220459,6.690000057220459,985800,EXEL
2010-01-27,6.659999847412109,6.96999979019165,6.639999866485596,6.96999979019165,6.96999979019165,874000,EXEL
2010-01-28,7.0,7.090000152587891,6.519999980926514,6.559999942779541,6.559999942779541,765600,EXEL
2010-01-29,6.599999904632568,6.800000190734863,6.5,6.630000114440918,6.630000114440918,1033500,EXEL
2010-02-01,6.650000095367432,6.679999828338623,6.440000057220459,6.579999923706055,6.579999923706055,540500,EXEL
2010-02-02,6.570000171661377,6.710000038146973,6.449999809265137,6.670000076293945,6.670000076293945,556400,EXEL
2010-02-03,6.659999847412109,6.760000228881836,6.510000228881836,6.679999828338623,6.679999828338623,545300,EXEL
2010-02-04,6.650000095367432,6.659999847412109,6.159999847412109,6.190000057220459,6.190000057220459,811200,EXEL
2010-02-05,6.150000095367432,6.260000228881836,6.010000228881836,6.21999979019165,6.21999979019165,648900,EXEL
2010-02-08,6.199999809265137,6.230000019073486,6.090000152587891,6.099999904632568,6.099999904632568,383300,EXEL
2010-02-09,6.190000057220459,6.429999828338623,6.119999885559082,6.420000076293945,6.420000076293945,743400,EXEL
2010-02-10,6.380000114440918,6.429999828338623,6.28000020980835,6.300000190734863,6.300000190734863,338200,EXEL
2010-02-11,6.260000228881836,6.579999923706055,6.150000095367432,6.570000171661377,6.570000171661377,643800,EXEL
2010-02-12,6.489999771118164,6.550000190734863,6.309999942779541,6.550000190734863,6.550000190734863,530800,EXEL
2010-02-16,6.579999923706055,6.630000114440918,6.349999904632568,6.619999885559082,6.619999885559082,591400,EXEL
2010-02-17,6.659999847412109,6.820000171661377,6.570000171661377,6.699999809265137,6.699999809265137,549300,EXEL
2010-02-18,6.699999809265137,6.739999771118164,6.610000133514404,6.710000038146973,6.710000038146973,412600,EXEL
2010-02-19,6.710000038146973,6.809999942779541,6.570000171661377,6.75,6.75,459400,EXEL
2010-02-22,6.75,6.769999980926514,6.519999980926514,6.670000076293945,6.670000076293945,342700,EXEL
2010-02-23,6.659999847412109,6.659999847412109,6.440000057220459,6.53000020980835,6.53000020980835,478800,EXEL
2010-02-24,6.53000020980835,6.659999847412109,6.480000019073486,6.53000020980835,6.53000020980835,417300,EXEL
2010-02-25,6.420000076293945,6.449999809265137,6.28000020980835,6.360000133514404,6.360000133514404,650100,EXEL
2010-02-26,6.380000114440918,6.5,6.320000171661377,6.46999979019165,6.46999979019165,520000,EXEL
2010-03-01,6.519999980926514,6.860000133514404,6.519999980926514,6.849999904632568,6.849999904632568,781000,EXEL
2010-03-02,6.829999923706055,6.900000095367432,6.710000038146973,6.760000228881836,6.760000228881836,1170000,EXEL
2010-03-03,6.800000190734863,6.900000095367432,6.730000019073486,6.789999961853027,6.789999961853027,444300,EXEL
2010-03-04,6.789999961853027,6.880000114440918,6.75,6.820000171661377,6.820000171661377,265000,EXEL
2010-03-05,6.849999904632568,6.980000019073486,6.800000190734863,6.960000038146973,6.960000038146973,584100,EXEL
2010-03-08,6.960000038146973,6.980000019073486,6.710000038146973,6.809999942779541,6.809999942779541,1109700,EXEL
2010-03-09,6.820000171661377,6.860000133514404,6.21999979019165,6.309999942779541,6.309999942779541,2059100,EXEL
2010-03-10,6.289999961853027,6.409999847412109,6.130000114440918,6.179999828338623,6.179999828338623,1980200,EXEL
2010-03-11,6.190000057220459,6.389999866485596,6.119999885559082,6.119999885559082,6.119999885559082,2426600,EXEL
2010-03-12,6.150000095367432,6.619999885559082,6.150000095367432,6.460000038146973,6.460000038146973,1886200,EXEL
2010-03-15,6.420000076293945,6.510000228881836,6.21999979019165,6.269999980926514,6.269999980926514,786800,EXEL
2010-03-16,6.340000152587891,6.539999961853027,6.269999980926514,6.309999942779541,6.309999942779541,859300,EXEL
2010-03-17,6.300000190734863,6.349999904632568,6.260000228881836,6.289999961853027,6.289999961853027,601400,EXEL
2010-03-18,6.289999961853027,6.340000152587891,6.170000076293945,6.199999809265137,6.199999809265137,839500,EXEL
2010-03-19,6.25,6.300000190734863,5.820000171661377,5.840000152587891,5.840000152587891,6993600,EXEL
2010-03-22,5.809999942779541,6.070000171661377,5.769999980926514,5.820000171661377,5.820000171661377,1538600,EXEL
2010-03-23,5.840000152587891,6.179999828338623,5.820000171661377,6.170000076293945,6.170000076293945,1029200,EXEL
2010-03-24,6.150000095367432,6.230000019073486,6.010000228881836,6.079999923706055,6.079999923706055,795600,EXEL
2010-03-25,6.110000133514404,6.260000228881836,6.039999961853027,6.039999961853027,6.039999961853027,627000,EXEL
2010-03-26,6.050000190734863,6.199999809265137,5.960000038146973,6.010000228881836,6.010000228881836,670900,EXEL
2010-03-29,6.010000228881836,6.099999904632568,5.960000038146973,6.019999980926514,6.019999980926514,620500,EXEL
2010-03-30,6.019999980926514,6.190000057220459,6.0,6.010000228881836,6.010000228881836,808600,EXEL
2010-03-31,5.980000019073486,6.210000038146973,5.949999809265137,6.070000171661377,6.070000171661377,1144600,EXEL
2010-04-01,6.099999904632568,6.78000020980835,6.090000152587891,6.659999847412109,6.659999847412109,3862100,EXEL
2010-04-05,6.989999771118164,7.0,6.5,6.550000190734863,6.550000190734863,1729200,EXEL
2010-04-06,6.710000038146973,6.710000038146973,6.539999961853027,6.659999847412109,6.659999847412109,1168500,EXEL
2010-04-07,6.670000076293945,6.679999828338623,6.5,6.550000190734863,6.550000190734863,775800,EXEL
2010-04-08,6.539999961853027,6.550000190734863,6.269999980926514,6.480000019073486,6.480000019073486,1055100,EXEL
2010-04-09,6.480000019073486,6.5,6.269999980926514,6.320000171661377,6.320000171661377,675500,EXEL
2010-04-12,6.349999904632568,6.400000095367432,6.28000020980835,6.309999942779541,6.309999942779541,823800,EXEL
2010-04-13,6.320000171661377,6.329999923706055,6.25,6.260000228881836,6.260000228881836,807500,EXEL
2010-04-14,6.320000171661377,6.369999885559082,6.210000038146973,6.340000152587891,6.340000152587891,691400,EXEL
2010-04-15,6.340000152587891,6.400000095367432,6.199999809265137,6.28000020980835,6.28000020980835,1027900,EXEL
2010-04-16,6.28000020980835,6.28000020980835,5.960000038146973,6.03000020980835,6.03000020980835,1690400,EXEL
2010-04-19,6.0,6.059999942779541,5.860000133514404,5.889999866485596,5.889999866485596,1369600,EXEL
2010-04-20,5.909999847412109,6.150000095367432,5.849999904632568,6.139999866485596,6.139999866485596,1739200,EXEL
2010-04-21,6.159999847412109,6.199999809265137,5.96999979019165,6.03000020980835,6.03000020980835,1136800,EXEL
2010-04-22,6.059999942779541,6.210000038146973,5.869999885559082,5.900000095367432,5.900000095367432,2234300,EXEL
2010-04-23,5.929999828338623,6.019999980926514,5.840000152587891,5.889999866485596,5.889999866485596,937000,EXEL
2010-04-26,5.900000095367432,5.980000019073486,5.809999942779541,5.809999942779541,5.809999942779541,610200,EXEL
2010-04-27,5.769999980926514,5.860000133514404,5.619999885559082,5.679999828338623,5.679999828338623,1136500,EXEL
2010-04-28,5.699999809265137,5.880000114440918,5.650000095367432,5.860000133514404,5.860000133514404,1206100,EXEL
2010-04-29,5.880000114440918,5.900000095367432,5.760000228881836,5.900000095367432,5.900000095367432,1065400,EXEL
2010-04-30,5.869999885559082,5.900000095367432,5.710000038146973,5.800000190734863,5.800000190734863,1052700,EXEL
2010-05-03,5.789999961853027,5.949999809265137,5.739999771118164,5.909999847412109,5.909999847412109,1042300,EXEL
2010-05-04,5.809999942779541,5.900000095367432,5.670000076293945,5.820000171661377,5.820000171661377,1737900,EXEL
2010-05-05,5.739999771118164,5.800000190734863,5.519999980926514,5.659999847412109,5.659999847412109,1034700,EXEL
2010-05-06,5.639999866485596,5.670000076293945,4.510000228881836,5.170000076293945,5.170000076293945,2267800,EXEL
2010-05-07,5.170000076293945,5.239999771118164,4.800000190734863,4.889999866485596,4.889999866485596,1708000,EXEL
2010-05-10,5.21999979019165,5.480000019073486,5.130000114440918,5.320000171661377,5.320000171661377,1509900,EXEL
2010-05-11,5.25,5.460000038146973,5.139999866485596,5.329999923706055,5.329999923706055,1045100,EXEL
2010-05-12,5.739999771118164,6.28000020980835,5.570000171661377,6.269999980926514,6.269999980926514,4097200,EXEL
2010-05-13,6.269999980926514,6.349999904632568,6.070000171661377,6.139999866485596,6.139999866485596,1603600,EXEL
2010-05-14,6.110000133514404,6.199999809265137,5.860000133514404,5.929999828338623,5.929999828338623,1619800,EXEL
2010-05-17,5.920000076293945,6.070000171661377,5.800000190734863,5.960000038146973,5.960000038146973,1330200,EXEL
2010-05-18,6.059999942779541,6.059999942779541,5.860000133514404,5.920000076293945,5.920000076293945,1154600,EXEL
2010-05-19,5.840000152587891,5.96999979019165,5.400000095367432,5.639999866485596,5.639999866485596,2264300,EXEL
2010-05-20,5.429999828338623,5.46999979019165,5.190000057220459,5.21999979019165,5.21999979019165,1660500,EXEL
2010-05-21,5.110000133514404,5.269999980926514,5.03000020980835,5.070000171661377,5.070000171661377,1881400,EXEL
2010-05-24,5.079999923706055,5.199999809265137,4.989999771118164,5.050000190734863,5.050000190734863,700500,EXEL
2010-05-25,4.869999885559082,5.090000152587891,4.769999980926514,5.050000190734863,5.050000190734863,1374400,EXEL
2010-05-26,5.090000152587891,5.230000019073486,4.889999866485596,4.909999847412109,4.909999847412109,1248300,EXEL
2010-05-27,5.070000171661377,5.170000076293945,4.980000019073486,5.170000076293945,5.170000076293945,1015700,EXEL
2010-05-28,5.150000095367432,5.300000190734863,5.050000190734863,5.179999828338623,5.179999828338623,836700,EXEL
2010-06-01,5.119999885559082,5.170000076293945,4.889999866485596,4.889999866485596,4.889999866485596,947500,EXEL
2010-06-02,4.909999847412109,5.139999866485596,4.900000095367432,5.099999904632568,5.099999904632568,1860800,EXEL
2010-06-03,5.130000114440918,5.619999885559082,5.130000114440918,5.539999961853027,5.539999961853027,2068800,EXEL
2010-06-04,5.320000171661377,5.449999809265137,5.079999923706055,5.079999923706055,5.079999923706055,1554700,EXEL
2010-06-07,5.099999904632568,5.199999809265137,4.809999942779541,4.809999942779541,4.809999942779541,1662900,EXEL
2010-06-08,4.78000020980835,4.889999866485596,4.630000114440918,4.690000057220459,4.690000057220459,1008100,EXEL
2010-06-09,4.75,4.840000152587891,4.559999942779541,4.579999923706055,4.579999923706055,622200,EXEL
2010-06-10,4.670000076293945,4.760000228881836,4.619999885559082,4.75,4.75,694000,EXEL
2010-06-11,4.78000020980835,4.820000171661377,4.599999904632568,4.809999942779541,4.809999942779541,483700,EXEL
2010-06-14,4.900000095367432,4.900000095367432,4.690000057220459,4.710000038146973,4.710000038146973,546400,EXEL
2010-06-15,4.75,4.860000133514404,4.710000038146973,4.860000133514404,4.860000133514404,703300,EXEL
2010-06-16,4.800000190734863,4.840000152587891,4.699999809265137,4.699999809265137,4.699999809265137,468800,EXEL
2010-06-17,4.75,4.75,4.579999923706055,4.699999809265137,4.699999809265137,457100,EXEL
2010-06-18,4.739999771118164,4.769999980926514,4.579999923706055,4.579999923706055,4.579999923706055,978700,EXEL
2010-06-21,4.449999809265137,4.5,3.7100000381469727,3.8399999141693115,3.8399999141693115,4613100,EXEL
2010-06-22,3.859999895095825,3.869999885559082,3.5799999237060547,3.6600000858306885,3.6600000858306885,1646500,EXEL
2010-06-23,3.6500000953674316,3.859999895095825,3.619999885559082,3.7699999809265137,3.7699999809265137,2222300,EXEL
2010-06-24,3.75,3.859999895095825,3.7100000381469727,3.7799999713897705,3.7799999713897705,1108000,EXEL
2010-06-25,3.7799999713897705,4.019999980926514,3.7300000190734863,4.010000228881836,4.010000228881836,4212700,EXEL
2010-06-28,4.0,4.110000133514404,3.8299999237060547,3.859999895095825,3.859999895095825,843700,EXEL
2010-06-29,3.75,3.799999952316284,3.5899999141693115,3.609999895095825,3.609999895095825,1108900,EXEL
2010-06-30,3.609999895095825,3.690000057220459,3.4700000286102295,3.4700000286102295,3.4700000286102295,1107500,EXEL
2010-07-01,3.3399999141693115,3.369999885559082,3.109999895095825,3.2799999713897705,3.2799999713897705,1266900,EXEL
2010-07-02,3.2899999618530273,3.5799999237060547,3.259999990463257,3.549999952316284,3.549999952316284,1991700,EXEL
2010-07-06,3.7200000286102295,3.759999990463257,3.390000104904175,3.4000000953674316,3.4000000953674316,1419000,EXEL
2010-07-07,3.450000047683716,3.5899999141693115,3.4100000858306885,3.5799999237060547,3.5799999237060547,1146100,EXEL
2010-07-08,3.640000104904175,3.690000057220459,3.509999990463257,3.6600000858306885,3.6600000858306885,783400,EXEL
2010-07-09,3.640000104904175,3.6700000762939453,3.5,3.5999999046325684,3.5999999046325684,760100,EXEL
2010-07-12,3.619999885559082,3.630000114440918,3.450000047683716,3.450000047683716,3.450000047683716,664500,EXEL
2010-07-13,3.5,3.640000104904175,3.4800000190734863,3.619999885559082,3.619999885559082,1295900,EXEL
2010-07-14,3.609999895095825,3.6500000953674316,3.490000009536743,3.5299999713897705,3.5299999713897705,707200,EXEL
2010-07-15,3.559999942779541,3.5799999237060547,3.4100000858306885,3.4600000381469727,3.4600000381469727,527400,EXEL
2010-07-16,3.4200000762939453,3.440000057220459,3.0999999046325684,3.109999895095825,3.109999895095825,1431600,EXEL
2010-07-19,3.140000104904175,3.240000009536743,3.0999999046325684,3.180000066757202,3.180000066757202,865300,EXEL
2010-07-20,3.130000114440918,3.2300000190734863,3.0999999046325684,3.1500000953674316,3.1500000953674316,732900,EXEL
2010-07-21,3.200000047683716,3.240000009536743,3.0399999618530273,3.069999933242798,3.069999933242798,740100,EXEL
2010-07-22,3.140000104904175,3.190000057220459,3.119999885559082,3.1600000858306885,3.1600000858306885,707400,EXEL
2010-07-23,3.140000104904175,3.299999952316284,3.049999952316284,3.2100000381469727,3.2100000381469727,1099800,EXEL
2010-07-26,3.2100000381469727,3.380000114440918,3.190000057220459,3.369999885559082,3.369999885559082,825800,EXEL
2010-07-27,3.4100000858306885,3.5,3.2100000381469727,3.2300000190734863,3.2300000190734863,883400,EXEL
2010-07-28,3.2300000190734863,3.380000114440918,3.1700000762939453,3.2100000381469727,3.2100000381469727,514900,EXEL
2010-07-29,3.240000009536743,3.359999895095825,3.0799999237060547,3.0799999237060547,3.0799999237060547,785100,EXEL
2010-07-30,3.059999942779541,3.240000009536743,3.059999942779541,3.119999885559082,3.119999885559082,819700,EXEL
2010-08-02,3.190000057220459,3.2799999713897705,3.1600000858306885,3.2100000381469727,3.2100000381469727,754000,EXEL
2010-08-03,3.180000066757202,3.299999952316284,3.1500000953674316,3.1700000762939453,3.1700000762939453,760700,EXEL
2010-08-04,3.200000047683716,3.2699999809265137,3.190000057220459,3.259999990463257,3.259999990463257,406500,EXEL
2010-08-05,3.2200000286102295,3.299999952316284,3.0999999046325684,3.119999885559082,3.119999885559082,675200,EXEL
2010-08-06,3.069999933242798,3.2200000286102295,3.069999933242798,3.0899999141693115,3.0899999141693115,547800,EXEL
2010-08-09,3.130000114440918,3.2799999713897705,3.0899999141693115,3.259999990463257,3.259999990463257,781300,EXEL
2010-08-10,3.2200000286102295,3.259999990463257,3.109999895095825,3.140000104904175,3.140000104904175,915600,EXEL
2010-08-11,3.069999933242798,3.0899999141693115,3.009999990463257,3.009999990463257,3.009999990463257,832900,EXEL
2010-08-12,3.009999990463257,3.049999952316284,2.890000104904175,2.9200000762939453,2.9200000762939453,973100,EXEL
2010-08-13,2.890000104904175,3.0,2.859999895095825,2.880000114440918,2.880000114440918,608200,EXEL
2010-08-16,2.869999885559082,2.9200000762939453,2.859999895095825,2.9000000953674316,2.9000000953674316,488600,EXEL
2010-08-17,2.9200000762939453,2.930000066757202,2.869999885559082,2.890000104904175,2.890000104904175,501400,EXEL
2010-08-18,2.9200000762939453,3.2799999713897705,2.9000000953674316,3.2100000381469727,3.2100000381469727,1405800,EXEL
2010-08-19,3.200000047683716,3.2300000190734863,2.9600000381469727,2.9800000190734863,2.9800000190734863,1030700,EXEL
2010-08-20,2.950000047683716,3.130000114440918,2.950000047683716,3.119999885559082,3.119999885559082,852700,EXEL
2010-08-23,3.130000114440918,3.1600000858306885,3.009999990463257,3.0199999809265137,3.0199999809265137,763500,EXEL
2010-08-24,2.9800000190734863,3.109999895095825,2.9600000381469727,3.069999933242798,3.069999933242798,1012400,EXEL
2010-08-25,3.0299999713897705,3.0399999618530273,2.950000047683716,3.009999990463257,3.009999990463257,666900,EXEL
2010-08-26,3.240000009536743,3.3299999237060547,3.1500000953674316,3.2200000286102295,3.2200000286102295,1116400,EXEL
2010-08-27,3.2799999713897705,3.299999952316284,3.1600000858306885,3.259999990463257,3.259999990463257,978600,EXEL
2010-08-30,3.2899999618530273,3.309999942779541,3.0999999046325684,3.0999999046325684,3.0999999046325684,1081800,EXEL
2010-08-31,3.0899999141693115,3.140000104904175,2.9600000381469727,2.9700000286102295,2.9700000286102295,2495900,EXEL
2010-09-01,3.25,3.3399999141693115,3.0799999237060547,3.319999933242798,3.319999933242798,2468400,EXEL
2010-09-02,3.359999895095825,3.5899999141693115,3.2200000286102295,3.5,3.5,2104200,EXEL
2010-09-03,3.549999952316284,3.819999933242798,3.4800000190734863,3.799999952316284,3.799999952316284,2188200,EXEL
2010-09-07,3.799999952316284,3.8299999237060547,3.559999942779541,3.569999933242798,3.569999933242798,1493500,EXEL
2010-09-08,3.5999999046325684,3.759999990463257,3.5999999046325684,3.740000009536743,3.740000009536743,1001100,EXEL
2010-09-09,3.880000114440918,3.940000057220459,3.7100000381469727,3.740000009536743,3.740000009536743,1938900,EXEL
2010-09-10,3.5999999046325684,3.799999952316284,3.5999999046325684,3.7699999809265137,3.7699999809265137,1180400,EXEL
2010-09-13,3.809999942779541,3.950000047683716,3.7799999713897705,3.9200000762939453,3.9200000762939453,975500,EXEL
2010-09-14,3.9100000858306885,4.03000020980835,3.8299999237060547,4.010000228881836,4.010000228881836,1192700,EXEL
2010-09-15,3.990000009536743,4.070000171661377,3.880000114440918,4.0,4.0,799000,EXEL
2010-09-16,4.010000228881836,4.050000190734863,3.9100000858306885,3.930000066757202,3.930000066757202,858800,EXEL
2010-09-17,4.0,4.019999980926514,3.8299999237060547,4.0,4.0,1655100,EXEL
2010-09-20,4.03000020980835,4.210000038146973,3.9600000381469727,4.210000038146973,4.210000038146973,1367300,EXEL
2010-09-21,4.239999771118164,4.28000020980835,4.179999828338623,4.269999980926514,4.269999980926514,1109900,EXEL
2010-09-22,4.260000228881836,4.289999961853027,4.179999828338623,4.199999809265137,4.199999809265137,1018000,EXEL
2010-09-23,4.170000076293945,4.170000076293945,3.9700000286102295,4.019999980926514,4.019999980926514,1048000,EXEL
2010-09-24,4.110000133514404,4.190000057220459,4.03000020980835,4.170000076293945,4.170000076293945,828300,EXEL
2010-09-27,4.179999828338623,4.199999809265137,4.079999923706055,4.090000152587891,4.090000152587891,427300,EXEL
2010-09-28,4.070000171661377,4.079999923706055,3.950000047683716,4.0,4.0,772600,EXEL
2010-09-29,3.9600000381469727,4.0,3.869999885559082,3.940000057220459,3.940000057220459,626300,EXEL
2010-09-30,3.990000009536743,4.010000228881836,3.880000114440918,3.9200000762939453,3.9200000762939453,633400,EXEL
2010-10-01,3.9700000286102295,4.010000228881836,3.880000114440918,3.9700000286102295,3.9700000286102295,535400,EXEL
2010-10-04,3.940000057220459,3.990000009536743,3.8399999141693115,3.9800000190734863,3.9800000190734863,809000,EXEL
2010-10-05,4.03000020980835,4.110000133514404,3.890000104904175,4.099999904632568,4.099999904632568,920200,EXEL
2010-10-06,4.079999923706055,4.110000133514404,4.0,4.0,4.0,607000,EXEL
2010-10-07,4.03000020980835,4.090000152587891,4.0,4.039999961853027,4.039999961853027,382300,EXEL
2010-10-08,4.039999961853027,4.269999980926514,4.019999980926514,4.230000019073486,4.230000019073486,894700,EXEL
2010-10-11,4.480000019073486,4.579999923706055,4.260000228881836,4.269999980926514,4.269999980926514,2094200,EXEL
2010-10-12,4.300000190734863,4.429999828338623,4.269999980926514,4.329999923706055,4.329999923706055,850600,EXEL
2010-10-13,4.369999885559082,4.480000019073486,4.329999923706055,4.389999866485596,4.389999866485596,895800,EXEL
2010-10-14,4.369999885559082,4.480000019073486,4.340000152587891,4.449999809265137,4.449999809265137,687200,EXEL
2010-10-15,4.53000020980835,4.679999828338623,4.409999847412109,4.599999904632568,4.599999904632568,1533600,EXEL
2010-10-18,4.599999904632568,4.989999771118164,4.5,4.809999942779541,4.809999942779541,1792600,EXEL
2010-10-19,4.71999979019165,4.78000020980835,4.579999923706055,4.610000133514404,4.610000133514404,1300700,EXEL
2010-10-20,4.659999847412109,4.820000171661377,4.610000133514404,4.75,4.75,708000,EXEL
2010-10-21,4.800000190734863,4.820000171661377,4.519999980926514,4.619999885559082,4.619999885559082,1086000,EXEL
2010-10-22,4.630000114440918,4.739999771118164,4.610000133514404,4.730000019073486,4.730000019073486,472000,EXEL
2010-10-25,4.760000228881836,4.880000114440918,4.730000019073486,4.75,4.75,654700,EXEL
2010-10-26,4.710000038146973,4.75,4.5,4.619999885559082,4.619999885559082,889700,EXEL
2010-10-27,4.570000171661377,4.630000114440918,4.460000038146973,4.489999771118164,4.489999771118164,871300,EXEL
2010-10-28,4.559999942779541,4.679999828338623,4.5,4.510000228881836,4.510000228881836,608300,EXEL
2010-10-29,4.46999979019165,4.539999961853027,4.420000076293945,4.46999979019165,4.46999979019165,561100,EXEL
2010-11-01,4.46999979019165,4.489999771118164,4.110000133514404,4.119999885559082,4.119999885559082,1492600,EXEL
2010-11-02,4.190000057220459,4.409999847412109,4.190000057220459,4.369999885559082,4.369999885559082,1193900,EXEL
2010-11-03,4.389999866485596,4.480000019073486,4.349999904632568,4.480000019073486,4.480000019073486,803500,EXEL
2010-11-04,4.53000020980835,4.599999904632568,4.389999866485596,4.449999809265137,4.449999809265137,822700,EXEL
2010-11-05,4.300000190734863,4.550000190734863,4.300000190734863,4.360000133514404,4.360000133514404,792900,EXEL
2010-11-08,4.349999904632568,4.349999904632568,4.190000057220459,4.199999809265137,4.199999809265137,987600,EXEL
2010-11-09,4.21999979019165,4.25,4.110000133514404,4.139999866485596,4.139999866485596,966200,EXEL
2010-11-10,4.170000076293945,4.489999771118164,4.090000152587891,4.489999771118164,4.489999771118164,1623900,EXEL
2010-11-11,4.429999828338623,4.559999942779541,4.340000152587891,4.510000228881836,4.510000228881836,1004100,EXEL
2010-11-12,4.449999809265137,4.46999979019165,4.260000228881836,4.260000228881836,4.260000228881836,1185800,EXEL
2010-11-15,4.340000152587891,4.570000171661377,4.300000190734863,4.519999980926514,4.519999980926514,1054600,EXEL
2010-11-16,4.480000019073486,4.550000190734863,4.349999904632568,4.389999866485596,4.389999866485596,1205400,EXEL
2010-11-17,4.409999847412109,4.71999979019165,4.409999847412109,4.71999979019165,4.71999979019165,1451400,EXEL
2010-11-18,5.820000171661377,6.489999771118164,5.599999904632568,6.230000019073486,6.230000019073486,15563500,EXEL
2010-11-19,6.150000095367432,6.150000095367432,5.53000020980835,5.559999942779541,5.559999942779541,4847900,EXEL
2010-11-22,5.699999809265137,5.889999866485596,5.559999942779541,5.789999961853027,5.789999961853027,2821000,EXEL
2010-11-23,5.800000190734863,5.900000095367432,5.670000076293945,5.690000057220459,5.690000057220459,1412300,EXEL
2010-11-24,5.840000152587891,6.0,5.699999809265137,5.739999771118164,5.739999771118164,1724500,EXEL
2010-11-26,5.789999961853027,5.980000019073486,5.78000020980835,5.829999923706055,5.829999923706055,854100,EXEL
2010-11-29,5.829999923706055,5.889999866485596,5.630000114440918,5.710000038146973,5.710000038146973,1598700,EXEL
2010-11-30,5.699999809265137,5.900000095367432,5.619999885559082,5.789999961853027,5.789999961853027,1830000,EXEL
2010-12-01,5.900000095367432,6.079999923706055,5.800000190734863,5.96999979019165,5.96999979019165,1670000,EXEL
2010-12-02,6.0,6.039999961853027,5.75,5.909999847412109,5.909999847412109,2242200,EXEL
2010-12-03,5.840000152587891,5.960000038146973,5.650000095367432,5.900000095367432,5.900000095367432,1411100,EXEL
2010-12-06,5.869999885559082,5.989999771118164,5.78000020980835,5.869999885559082,5.869999885559082,1105500,EXEL
2010-12-07,6.019999980926514,6.090000152587891,5.869999885559082,5.929999828338623,5.929999828338623,1703000,EXEL
2010-12-08,5.980000019073486,5.980000019073486,5.800000190734863,5.820000171661377,5.820000171661377,1061300,EXEL
2010-12-09,5.860000133514404,6.599999904632568,5.800000190734863,6.510000228881836,6.510000228881836,4216400,EXEL
2010-12-10,6.46999979019165,6.769999980926514,6.260000228881836,6.639999866485596,6.639999866485596,2431100,EXEL
2010-12-13,6.699999809265137,6.849999904632568,6.579999923706055,6.809999942779541,6.809999942779541,2043100,EXEL
2010-12-14,6.849999904632568,7.409999847412109,6.800000190734863,7.210000038146973,7.210000038146973,3293400,EXEL
2010-12-15,7.159999847412109,8.270000457763672,7.119999885559082,8.210000038146973,8.210000038146973,5779200,EXEL
2010-12-16,8.029999732971191,8.359999656677246,7.730000019073486,8.210000038146973,8.210000038146973,3238800,EXEL
2010-12-17,8.199999809265137,8.850000381469727,8.010000228881836,8.779999732971191,8.779999732971191,4167500,EXEL
2010-12-20,8.779999732971191,8.779999732971191,8.449999809265137,8.710000038146973,8.710000038146973,2037500,EXEL
2010-12-21,8.710000038146973,9.199999809265137,8.600000381469727,9.079999923706055,9.079999923706055,2371500,EXEL
2010-12-22,9.069999694824219,9.119999885559082,8.609999656677246,8.670000076293945,8.670000076293945,1585500,EXEL
2010-12-23,8.75,8.899999618530273,8.649999618530273,8.720000267028809,8.720000267028809,1023300,EXEL
2010-12-27,8.680000305175781,8.850000381469727,8.619999885559082,8.779999732971191,8.779999732971191,795000,EXEL
2010-12-28,8.770000457763672,8.890000343322754,8.729999542236328,8.850000381469727,8.850000381469727,984800,EXEL
2010-12-29,8.859999656677246,8.880000114440918,8.65999984741211,8.710000038146973,8.710000038146973,620200,EXEL
2010-12-30,8.670000076293945,8.789999961853027,8.539999961853027,8.59000015258789,8.59000015258789,628100,EXEL
2010-12-31,8.569999694824219,8.619999885559082,8.15999984741211,8.210000038146973,8.210000038146973,1383800,EXEL
2011-01-03,8.319999694824219,8.770000457763672,8.319999694824219,8.5,8.5,1518000,EXEL
2011-01-04,8.40999984741211,8.520000457763672,7.650000095367432,7.769999980926514,7.769999980926514,2731600,EXEL
2011-01-05,7.75,8.0600004196167,7.650000095367432,7.960000038146973,7.960000038146973,1800000,EXEL
2011-01-06,8.0,8.270000457763672,8.0,8.1899995803833,8.1899995803833,1279800,EXEL
2011-01-07,8.199999809265137,8.25,7.809999942779541,8.0,8.0,1027200,EXEL
2011-01-10,8.25,8.25,7.909999847412109,7.929999828338623,7.929999828338623,1281000,EXEL
2011-01-11,7.96999979019165,8.0,7.75,7.860000133514404,7.860000133514404,1239300,EXEL
2011-01-12,7.920000076293945,7.949999809265137,7.630000114440918,7.75,7.75,1241500,EXEL
2011-01-13,7.760000228881836,7.78000020980835,7.300000190734863,7.360000133514404,7.360000133514404,1996100,EXEL
2011-01-14,7.360000133514404,7.699999809265137,7.289999961853027,7.659999847412109,7.659999847412109,1205300,EXEL
2011-01-18,7.690000057220459,7.75,7.400000095367432,7.539999961853027,7.539999961853027,1121900,EXEL
2011-01-19,7.5,7.539999961853027,7.210000038146973,7.21999979019165,7.21999979019165,1298600,EXEL
2011-01-20,7.150000095367432,7.5,7.099999904632568,7.460000038146973,7.460000038146973,1150900,EXEL
2011-01-21,7.53000020980835,7.699999809265137,7.46999979019165,7.46999979019165,7.46999979019165,1089900,EXEL
2011-01-24,7.46999979019165,7.929999828338623,7.46999979019165,7.800000190734863,7.800000190734863,1056800,EXEL
2011-01-25,7.78000020980835,7.989999771118164,7.699999809265137,7.929999828338623,7.929999828338623,1050100,EXEL
2011-01-26,7.989999771118164,8.880000114440918,7.869999885559082,8.8100004196167,8.8100004196167,4259200,EXEL
2011-01-27,8.779999732971191,9.25,8.529999732971191,9.029999732971191,9.029999732971191,2700400,EXEL
2011-01-28,8.970000267028809,8.970000267028809,8.369999885559082,8.619999885559082,8.619999885559082,2885200,EXEL
2011-01-31,8.699999809265137,8.829999923706055,8.25,8.670000076293945,8.670000076293945,1421400,EXEL
2011-02-01,8.670000076293945,9.460000038146973,8.510000228881836,9.260000228881836,9.260000228881836,1881300,EXEL
2011-02-02,9.25,9.819999694824219,9.0,9.5600004196167,9.5600004196167,2050700,EXEL
2011-02-03,9.5,9.84000015258789,9.350000381469727,9.65999984741211,9.65999984741211,1212600,EXEL
2011-02-04,9.630000114440918,9.850000381469727,9.569999694824219,9.760000228881836,9.760000228881836,1146800,EXEL
2011-02-07,9.770000457763672,10.119999885559082,9.760000228881836,9.920000076293945,9.920000076293945,1541200,EXEL
2011-02-08,9.920000076293945,10.0,9.789999961853027,9.970000267028809,9.970000267028809,1044500,EXEL
2011-02-09,9.970000267028809,9.989999771118164,9.609999656677246,9.760000228881836,9.760000228881836,877800,EXEL
2011-02-10,9.670000076293945,9.880000114440918,9.399999618530273,9.670000076293945,9.670000076293945,1148100,EXEL
2011-02-11,9.649999618530273,9.949999809265137,9.569999694824219,9.880000114440918,9.880000114440918,1313700,EXEL
2011-02-14,9.9399995803833,10.850000381469727,9.819999694824219,10.09000015258789,10.09000015258789,4054000,EXEL
2011-02-15,10.079999923706055,10.210000038146973,9.779999732971191,10.039999961853027,10.039999961853027,1385100,EXEL
2011-02-16,9.649999618530273,10.210000038146973,9.460000038146973,9.6899995803833,9.6899995803833,3247500,EXEL
2011-02-17,9.630000114440918,10.100000381469727,9.569999694824219,9.890000343322754,9.890000343322754,1956800,EXEL
2011-02-18,10.600000381469727,10.800000190734863,10.229999542236328,10.760000228881836,10.760000228881836,7120600,EXEL
2011-02-22,10.510000228881836,10.899999618530273,10.3100004196167,10.550000190734863,10.550000190734863,3095700,EXEL
2011-02-23,10.510000228881836,12.0,10.399999618530273,11.520000457763672,11.520000457763672,7222100,EXEL
2011-02-24,11.4399995803833,11.770000457763672,11.260000228881836,11.569999694824219,11.569999694824219,2391100,EXEL
2011-02-25,11.619999885559082,11.850000381469727,11.479999542236328,11.819999694824219,11.819999694824219,1720800,EXEL
2011-02-28,11.949999809265137,12.6899995803833,11.850000381469727,12.449999809265137,12.449999809265137,3387100,EXEL
2011-03-01,12.479999542236328,12.710000038146973,11.680000305175781,11.829999923706055,11.829999923706055,1907700,EXEL
2011-03-02,12.199999809265137,12.359999656677246,11.520000457763672,12.289999961853027,12.289999961853027,1776800,EXEL
2011-03-03,12.5,12.819999694824219,11.760000228881836,11.84000015258789,11.84000015258789,2919500,EXEL
2011-03-04,11.8100004196167,11.9399995803833,11.529999732971191,11.75,11.75,1663400,EXEL
2011-03-07,11.789999961853027,11.949999809265137,10.9399995803833,11.34000015258789,11.34000015258789,3071100,EXEL
2011-03-08,10.930000305175781,11.569999694824219,10.8100004196167,11.34000015258789,11.34000015258789,2790100,EXEL
2011-03-09,11.279999732971191,11.539999961853027,11.029999732971191,11.279999732971191,11.279999732971191,1983500,EXEL
2011-03-10,11.399999618530273,11.539999961853027,11.0600004196167,11.3100004196167,11.3100004196167,6143000,EXEL
2011-03-11,11.119999885559082,11.489999771118164,11.100000381469727,11.239999771118164,11.239999771118164,1614300,EXEL
2011-03-14,11.140000343322754,11.279999732971191,10.989999771118164,11.199999809265137,11.199999809265137,1424100,EXEL
2011-03-15,10.829999923706055,11.239999771118164,10.819999694824219,11.149999618530273,11.149999618530273,1566300,EXEL
2011-03-16,11.15999984741211,11.25,10.899999618530273,10.9399995803833,10.9399995803833,3804400,EXEL
2011-03-17,10.989999771118164,11.09000015258789,10.880000114440918,10.899999618530273,10.899999618530273,1480900,EXEL
2011-03-18,11.029999732971191,11.390000343322754,10.869999885559082,11.350000381469727,11.350000381469727,4547500,EXEL
2011-03-21,11.4399995803833,11.649999618530273,11.380000114440918,11.550000190734863,11.550000190734863,1482100,EXEL
2011-03-22,11.539999961853027,11.579999923706055,11.0600004196167,11.130000114440918,11.130000114440918,1492100,EXEL
2011-03-23,11.270000457763672,11.329999923706055,11.029999732971191,11.25,11.25,1148400,EXEL
2011-03-24,11.289999961853027,11.819999694824219,11.239999771118164,11.670000076293945,11.670000076293945,1390000,EXEL
2011-03-25,11.8100004196167,11.869999885559082,11.529999732971191,11.529999732971191,11.529999732971191,868600,EXEL
2011-03-28,11.5600004196167,11.630000114440918,11.380000114440918,11.430000305175781,11.430000305175781,859300,EXEL
2011-03-29,11.399999618530273,11.829999923706055,11.369999885559082,11.819999694824219,11.819999694824219,1408300,EXEL
2011-03-30,11.770000457763672,11.880000114440918,11.34000015258789,11.380000114440918,11.380000114440918,2270200,EXEL
2011-03-31,11.300000190734863,11.359999656677246,11.079999923706055,11.329999923706055,11.329999923706055,3267300,EXEL
2011-04-01,11.40999984741211,11.5600004196167,11.319999694824219,11.470000267028809,11.470000267028809,1614500,EXEL
2011-04-04,11.5,11.5,11.069999694824219,11.119999885559082,11.119999885559082,1282100,EXEL
2011-04-05,11.069999694824219,11.5,11.0,11.380000114440918,11.380000114440918,2840800,EXEL
2011-04-06,11.420000076293945,11.420000076293945,10.979999542236328,11.100000381469727,11.100000381469727,2066500,EXEL
2011-04-07,11.079999923706055,11.149999618530273,10.930000305175781,11.0,11.0,1454400,EXEL
2011-04-08,11.100000381469727,11.25,10.9399995803833,11.09000015258789,11.09000015258789,700500,EXEL
2011-04-11,11.140000343322754,11.229999542236328,11.020000457763672,11.050000190734863,11.050000190734863,1102700,EXEL
2011-04-12,12.010000228881836,12.25,11.279999732971191,11.40999984741211,11.40999984741211,4423100,EXEL
2011-04-13,11.739999771118164,11.739999771118164,11.149999618530273,11.539999961853027,11.539999961853027,1520900,EXEL
2011-04-14,11.510000228881836,11.869999885559082,11.3100004196167,11.800000190734863,11.800000190734863,1981300,EXEL
2011-04-15,12.0,12.039999961853027,11.869999885559082,11.960000038146973,11.960000038146973,1650700,EXEL
2011-04-18,11.960000038146973,11.960000038146973,11.569999694824219,11.649999618530273,11.649999618530273,994800,EXEL
2011-04-19,11.59000015258789,11.75,11.170000076293945,11.289999961853027,11.289999961853027,1189900,EXEL
2011-04-20,11.390000343322754,11.739999771118164,11.210000038146973,11.649999618530273,11.649999618530273,1167800,EXEL
2011-04-21,11.75,11.869999885559082,11.5600004196167,11.779999732971191,11.779999732971191,1080400,EXEL
2011-04-25,11.8100004196167,12.239999771118164,11.8100004196167,12.079999923706055,12.079999923706055,1236100,EXEL
2011-04-26,12.140000343322754,12.59000015258789,12.029999732971191,12.350000381469727,12.350000381469727,1500000,EXEL
2011-04-27,12.399999618530273,12.609999656677246,11.949999809265137,12.369999885559082,12.369999885559082,1611400,EXEL
2011-04-28,12.369999885559082,12.399999618530273,12.09000015258789,12.359999656677246,12.359999656677246,891800,EXEL
2011-04-29,12.350000381469727,12.4399995803833,12.010000228881836,12.260000228881836,12.260000228881836,1400000,EXEL
2011-05-02,12.180000305175781,12.289999961853027,11.699999809265137,11.819999694824219,11.819999694824219,2074300,EXEL
2011-05-03,11.720000267028809,11.9399995803833,11.369999885559082,11.569999694824219,11.569999694824219,1800000,EXEL
2011-05-04,11.550000190734863,11.65999984741211,11.0600004196167,11.119999885559082,11.119999885559082,2481700,EXEL
2011-05-05,11.0,11.0,10.680000305175781,10.710000038146973,10.710000038146973,2200000,EXEL
2011-05-06,10.859999656677246,11.010000228881836,10.770000457763672,10.949999809265137,10.949999809265137,1528300,EXEL
2011-05-09,10.890000343322754,11.100000381469727,10.75,11.020000457763672,11.020000457763672,1104900,EXEL
2011-05-10,11.109999656677246,11.15999984741211,10.899999618530273,10.989999771118164,10.989999771118164,1091100,EXEL
2011-05-11,10.930000305175781,10.9399995803833,10.760000228881836,10.850000381469727,10.850000381469727,1100000,EXEL
2011-05-12,10.770000457763672,11.050000190734863,10.579999923706055,10.920000076293945,10.920000076293945,822000,EXEL
2011-05-13,10.960000038146973,11.1899995803833,10.819999694824219,10.949999809265137,10.949999809265137,1107700,EXEL
2011-05-16,11.0,11.34000015258789,10.949999809265137,11.0,11.0,1532100,EXEL
2011-05-17,10.880000114440918,11.199999809265137,10.8100004196167,11.149999618530273,11.149999618530273,920600,EXEL
2011-05-18,11.199999809265137,11.720000267028809,11.029999732971191,11.65999984741211,11.65999984741211,1669200,EXEL
2011-05-19,12.010000228881836,12.010000228881836,11.34000015258789,11.6899995803833,11.6899995803833,2071100,EXEL
2011-05-20,11.640000343322754,11.739999771118164,11.270000457763672,11.34000015258789,11.34000015258789,1135900,EXEL
2011-05-23,11.119999885559082,11.220000267028809,10.850000381469727,10.9399995803833,10.9399995803833,1000000,EXEL
2011-05-24,11.149999618530273,11.270000457763672,10.569999694824219,10.59000015258789,10.59000015258789,1416600,EXEL
2011-05-25,10.550000190734863,11.0,10.380000114440918,10.949999809265137,10.949999809265137,1283400,EXEL
2011-05-26,10.880000114440918,11.210000038146973,10.800000190734863,11.170000076293945,11.170000076293945,1005000,EXEL
2011-05-27,11.25,11.369999885559082,11.180000305175781,11.319999694824219,11.319999694824219,638000,EXEL
2011-05-31,11.489999771118164,11.630000114440918,11.130000114440918,11.630000114440918,11.630000114440918,1602300,EXEL
2011-06-01,11.630000114440918,11.680000305175781,11.140000343322754,11.15999984741211,11.15999984741211,932500,EXEL
2011-06-02,11.119999885559082,11.34000015258789,10.850000381469727,11.029999732971191,11.029999732971191,937000,EXEL
2011-06-03,10.8100004196167,11.149999618530273,10.789999961853027,10.890000343322754,10.890000343322754,1216500,EXEL
2011-06-06,10.279999732971191,10.279999732971191,8.029999732971191,8.6899995803833,8.6899995803833,13835000,EXEL
2011-06-07,9.020000457763672,10.170000076293945,8.989999771118164,9.760000228881836,9.760000228881836,5886400,EXEL
2011-06-08,9.710000038146973,9.779999732971191,9.390000343322754,9.489999771118164,9.489999771118164,2319300,EXEL
2011-06-09,9.5,9.899999618530273,9.279999732971191,9.399999618530273,9.399999618530273,1271400,EXEL
2011-06-10,9.350000381469727,9.430000305175781,8.869999885559082,9.119999885559082,9.119999885559082,1894300,EXEL
2011-06-13,9.109999656677246,9.279999732971191,8.800000190734863,8.869999885559082,8.869999885559082,1291400,EXEL
2011-06-14,8.979999542236328,9.369999885559082,8.960000038146973,9.270000457763672,9.270000457763672,1537200,EXEL
2011-06-15,9.119999885559082,9.420000076293945,9.010000228881836,9.229999542236328,9.229999542236328,1512100,EXEL
2011-06-16,9.220000267028809,9.479999542236328,9.130000114440918,9.319999694824219,9.319999694824219,1317900,EXEL
2011-06-17,9.4399995803833,9.609999656677246,9.260000228881836,9.350000381469727,9.350000381469727,2879200,EXEL
2011-06-20,9.220000267028809,9.34000015258789,9.109999656677246,9.149999618530273,9.149999618530273,1581300,EXEL
2011-06-21,9.25,9.420000076293945,9.109999656677246,9.229999542236328,9.229999542236328,1319300,EXEL
2011-06-22,9.140000343322754,9.199999809265137,8.949999809265137,8.960000038146973,8.960000038146973,807900,EXEL
2011-06-23,8.859999656677246,8.930000305175781,8.649999618530273,8.899999618530273,8.899999618530273,1248300,EXEL
2011-06-24,8.899999618530273,8.899999618530273,8.65999984741211,8.739999771118164,8.739999771118164,2779500,EXEL
2011-06-27,8.869999885559082,9.050000190734863,8.75,9.0,9.0,1099500,EXEL
2011-06-28,9.039999961853027,9.09000015258789,8.989999771118164,9.09000015258789,9.09000015258789,871500,EXEL
2011-06-29,9.09000015258789,9.239999771118164,8.9399995803833,9.149999618530273,9.149999618530273,488200,EXEL
2011-06-30,9.15999984741211,9.239999771118164,8.949999809265137,8.960000038146973,8.960000038146973,648200,EXEL
2011-07-01,9.010000228881836,9.220000267028809,8.90999984741211,9.170000076293945,9.170000076293945,766200,EXEL
2011-07-05,9.149999618530273,9.229999542236328,9.0600004196167,9.109999656677246,9.109999656677246,520500,EXEL
2011-07-06,9.079999923706055,9.199999809265137,9.020000457763672,9.199999809265137,9.199999809265137,700000,EXEL
2011-07-07,9.1899995803833,9.239999771118164,9.050000190734863,9.220000267028809,9.220000267028809,1016800,EXEL
2011-07-08,9.079999923706055,9.1899995803833,8.930000305175781,9.119999885559082,9.119999885559082,521800,EXEL
2011-07-11,9.0,9.109999656677246,8.630000114440918,8.670000076293945,8.670000076293945,1100600,EXEL
2011-07-12,8.59000015258789,9.0,8.510000228881836,8.84000015258789,8.84000015258789,1281700,EXEL
2011-07-13,8.90999984741211,9.119999885559082,8.800000190734863,8.869999885559082,8.869999885559082,923000,EXEL
2011-07-14,8.899999618530273,8.930000305175781,8.680000305175781,8.710000038146973,8.710000038146973,694400,EXEL
2011-07-15,8.729999542236328,8.960000038146973,8.649999618530273,8.890000343322754,8.890000343322754,1013500,EXEL
2011-07-18,8.829999923706055,8.949999809265137,8.40999984741211,8.550000190734863,8.550000190734863,850100,EXEL
2011-07-19,8.600000381469727,8.880000114440918,8.569999694824219,8.829999923706055,8.829999923706055,485100,EXEL
2011-07-20,8.800000190734863,8.819999694824219,8.470000267028809,8.550000190734863,8.550000190734863,494800,EXEL
2011-07-21,8.630000114440918,8.770000457763672,8.5,8.699999809265137,8.699999809265137,550200,EXEL
2011-07-22,8.75,8.75,8.569999694824219,8.680000305175781,8.680000305175781,343100,EXEL
2011-07-25,8.520000457763672,8.5600004196167,8.069999694824219,8.069999694824219,8.069999694824219,937600,EXEL
2011-07-26,8.020000457763672,8.119999885559082,7.679999828338623,7.889999866485596,7.889999866485596,1039000,EXEL
2011-07-27,7.800000190734863,7.860000133514404,7.130000114440918,7.599999904632568,7.599999904632568,1802000,EXEL
2011-07-28,7.590000152587891,8.09000015258789,7.539999961853027,7.75,7.75,1217300,EXEL
2011-07-29,7.679999828338623,8.0,7.519999980926514,7.699999809265137,7.699999809265137,1344500,EXEL
2011-08-01,7.96999979019165,8.100000381469727,7.760000228881836,7.889999866485596,7.889999866485596,1427600,EXEL
2011-08-02,7.860000133514404,8.119999885559082,7.610000133514404,7.619999885559082,7.619999885559082,1306500,EXEL
2011-08-03,7.659999847412109,7.760000228881836,7.269999980926514,7.659999847412109,7.659999847412109,756200,EXEL
2011-08-04,7.550000190734863,7.550000190734863,6.809999942779541,6.809999942779541,6.809999942779541,1909400,EXEL
2011-08-05,7.0,7.079999923706055,6.119999885559082,6.739999771118164,6.739999771118164,2111700,EXEL
2011-08-08,6.21999979019165,6.380000114440918,5.929999828338623,5.960000038146973,5.960000038146973,2177200,EXEL
2011-08-09,6.159999847412109,7.03000020980835,5.710000038146973,7.03000020980835,7.03000020980835,2934700,EXEL
2011-08-10,6.800000190734863,6.940000057220459,6.309999942779541,6.579999923706055,6.579999923706055,1593700,EXEL
2011-08-11,6.690000057220459,6.889999866485596,6.349999904632568,6.71999979019165,6.71999979019165,1437000,EXEL
2011-08-12,6.880000114440918,6.96999979019165,6.610000133514404,6.800000190734863,6.800000190734863,1077300,EXEL
2011-08-15,6.909999847412109,7.139999866485596,6.849999904632568,7.130000114440918,7.130000114440918,840100,EXEL
2011-08-16,7.0,7.059999942779541,6.650000095367432,6.820000171661377,6.820000171661377,1208200,EXEL
2011-08-17,6.860000133514404,7.0,6.550000190734863,6.670000076293945,6.670000076293945,723600,EXEL
2011-08-18,6.579999923706055,6.78000020980835,6.099999904632568,6.179999828338623,6.179999828338623,1657500,EXEL
2011-08-19,6.050000190734863,6.329999923706055,5.900000095367432,6.150000095367432,6.150000095367432,1380700,EXEL
2011-08-22,6.360000133514404,6.429999828338623,5.78000020980835,5.809999942779541,5.809999942779541,1362400,EXEL
2011-08-23,5.860000133514404,6.269999980926514,5.75,6.269999980926514,6.269999980926514,991500,EXEL
2011-08-24,6.260000228881836,6.429999828338623,6.050000190734863,6.28000020980835,6.28000020980835,805500,EXEL
2011-08-25,6.400000095367432,6.400000095367432,6.010000228881836,6.019999980926514,6.019999980926514,913200,EXEL
2011-08-26,5.96999979019165,6.449999809265137,5.860000133514404,6.440000057220459,6.440000057220459,840000,EXEL
2011-08-29,6.539999961853027,7.099999904632568,6.53000020980835,7.090000152587891,7.090000152587891,1522600,EXEL
2011-08-30,7.039999961853027,7.559999942779541,6.960000038146973,7.429999828338623,7.429999828338623,2119900,EXEL
2011-08-31,7.510000228881836,7.869999885559082,7.329999923706055,7.480000019073486,7.480000019073486,1366600,EXEL
2011-09-01,7.53000020980835,7.710000038146973,7.099999904632568,7.159999847412109,7.159999847412109,751000,EXEL
2011-09-02,6.940000057220459,7.170000076293945,6.670000076293945,6.809999942779541,6.809999942779541,1037200,EXEL
2011-09-06,6.510000228881836,6.78000020980835,6.440000057220459,6.769999980926514,6.769999980926514,712000,EXEL
2011-09-07,6.909999847412109,7.409999847412109,6.809999942779541,7.400000095367432,7.400000095367432,1135500,EXEL
2011-09-08,7.300000190734863,7.519999980926514,7.050000190734863,7.210000038146973,7.210000038146973,1047100,EXEL
2011-09-09,7.099999904632568,7.269999980926514,6.880000114440918,7.010000228881836,7.010000228881836,1065100,EXEL
2011-09-12,6.840000152587891,7.139999866485596,6.769999980926514,7.019999980926514,7.019999980926514,731300,EXEL
2011-09-13,7.070000171661377,7.400000095367432,7.0,7.340000152587891,7.340000152587891,985600,EXEL
2011-09-14,7.409999847412109,7.739999771118164,7.269999980926514,7.28000020980835,7.28000020980835,1444500,EXEL
2011-09-15,7.389999866485596,7.400000095367432,6.96999979019165,7.059999942779541,7.059999942779541,1678600,EXEL
2011-09-16,7.139999866485596,7.21999979019165,6.320000171661377,6.909999847412109,6.909999847412109,2629800,EXEL
2011-09-19,6.75,7.090000152587891,6.699999809265137,6.909999847412109,6.909999847412109,924900,EXEL
2011-09-20,6.989999771118164,7.019999980926514,6.360000133514404,6.440000057220459,6.440000057220459,2036100,EXEL
2011-09-21,6.409999847412109,6.5,6.0,6.03000020980835,6.03000020980835,1767700,EXEL
2011-09-22,5.960000038146973,6.429999828338623,5.789999961853027,6.150000095367432,6.150000095367432,2078200,EXEL
2011-09-23,6.150000095367432,6.269999980926514,6.050000190734863,6.190000057220459,6.190000057220459,1094300,EXEL
2011-09-26,6.239999771118164,6.329999923706055,5.789999961853027,6.039999961853027,6.039999961853027,1463800,EXEL
2011-09-27,6.090000152587891,6.329999923706055,5.96999979019165,5.989999771118164,5.989999771118164,1800400,EXEL
2011-09-28,6.03000020980835,6.179999828338623,5.46999979019165,5.5,5.5,1538700,EXEL
2011-09-29,5.699999809265137,5.840000152587891,5.5,5.670000076293945,5.670000076293945,1145500,EXEL
2011-09-30,5.519999980926514,5.710000038146973,5.449999809265137,5.460000038146973,5.460000038146973,908500,EXEL
2011-10-03,5.46999979019165,5.550000190734863,4.889999866485596,4.889999866485596,4.889999866485596,1343000,EXEL
2011-10-04,4.820000171661377,5.510000228881836,4.820000171661377,5.480000019073486,5.480000019073486,1493800,EXEL
2011-10-05,5.46999979019165,5.690000057220459,5.269999980926514,5.659999847412109,5.659999847412109,995000,EXEL
2011-10-06,5.630000114440918,5.96999979019165,5.420000076293945,5.960000038146973,5.960000038146973,1112800,EXEL
2011-10-07,5.889999866485596,5.889999866485596,5.559999942779541,5.579999923706055,5.579999923706055,1081300,EXEL
2011-10-10,5.730000019073486,5.940000057220459,5.670000076293945,5.849999904632568,5.849999904632568,658900,EXEL
2011-10-11,5.760000228881836,5.840000152587891,5.559999942779541,5.630000114440918,5.630000114440918,675100,EXEL
2011-10-12,5.699999809265137,5.769999980926514,5.550000190734863,5.670000076293945,5.670000076293945,1018600,EXEL
2011-10-13,5.599999904632568,5.690000057220459,5.429999828338623,5.630000114440918,5.630000114440918,481400,EXEL
2011-10-14,5.71999979019165,6.010000228881836,5.639999866485596,5.960000038146973,5.960000038146973,813600,EXEL
2011-10-17,5.880000114440918,6.050000190734863,5.510000228881836,5.550000190734863,5.550000190734863,1057800,EXEL
2011-10-18,5.570000171661377,5.929999828338623,5.380000114440918,5.869999885559082,5.869999885559082,800500,EXEL
2011-10-19,5.869999885559082,5.869999885559082,5.550000190734863,5.570000171661377,5.570000171661377,647300,EXEL
2011-10-20,5.559999942779541,5.599999904632568,5.289999961853027,5.46999979019165,5.46999979019165,556700,EXEL
2011-10-21,5.630000114440918,6.0,5.630000114440918,5.989999771118164,5.989999771118164,844800,EXEL
2011-10-24,7.150000095367432,7.53000020980835,6.860000133514404,7.440000057220459,7.440000057220459,5868500,EXEL
2011-10-25,7.329999923706055,7.630000114440918,7.130000114440918,7.28000020980835,7.28000020980835,1911300,EXEL
2011-10-26,7.429999828338623,7.5,6.820000171661377,7.320000171661377,7.320000171661377,1537100,EXEL
2011-10-27,7.690000057220459,7.829999923706055,7.25,7.809999942779541,7.809999942779541,2301400,EXEL
2011-10-28,7.730000019073486,7.840000152587891,7.429999828338623,7.599999904632568,7.599999904632568,1672900,EXEL
2011-10-31,7.449999809265137,8.25,7.449999809265137,7.730000019073486,7.730000019073486,3552900,EXEL
2011-11-01,4.800000190734863,4.949999809265137,4.53000020980835,4.619999885559082,4.619999885559082,12343000,EXEL
2011-11-02,4.849999904632568,4.860000133514404,4.309999942779541,4.360000133514404,4.360000133514404,6135300,EXEL
2011-11-03,4.460000038146973,4.619999885559082,4.340000152587891,4.53000020980835,4.53000020980835,3175400,EXEL
2011-11-04,4.440000057220459,4.489999771118164,4.150000095367432,4.260000228881836,4.260000228881836,4292900,EXEL
2011-11-07,4.289999961853027,4.300000190734863,4.019999980926514,4.170000076293945,4.170000076293945,4299100,EXEL
2011-11-08,4.239999771118164,4.320000171661377,4.170000076293945,4.260000228881836,4.260000228881836,2846900,EXEL
2011-11-09,4.199999809265137,4.440000057220459,4.170000076293945,4.260000228881836,4.260000228881836,2278500,EXEL
2011-11-10,4.369999885559082,4.460000038146973,4.210000038146973,4.260000228881836,4.260000228881836,1865300,EXEL
2011-11-11,4.369999885559082,4.460000038146973,4.320000171661377,4.409999847412109,4.409999847412109,1182700,EXEL
2011-11-14,4.440000057220459,4.440000057220459,4.170000076293945,4.260000228881836,4.260000228881836,1766700,EXEL
2011-11-15,4.239999771118164,4.300000190734863,4.159999847412109,4.269999980926514,4.269999980926514,1119500,EXEL
2011-11-16,4.190000057220459,4.349999904632568,4.159999847412109,4.159999847412109,4.159999847412109,1719400,EXEL
2011-11-17,4.150000095367432,4.349999904632568,4.130000114440918,4.150000095367432,4.150000095367432,1465500,EXEL
2011-11-18,4.199999809265137,4.230000019073486,4.059999942779541,4.079999923706055,4.079999923706055,915600,EXEL
2011-11-21,4.050000190734863,4.170000076293945,4.0,4.139999866485596,4.139999866485596,1273800,EXEL
2011-11-22,4.150000095367432,4.289999961853027,4.110000133514404,4.130000114440918,4.130000114440918,805600,EXEL
2011-11-23,4.079999923706055,4.099999904632568,4.0,4.0,4.0,857900,EXEL
2011-11-25,4.0,4.050000190734863,3.940000057220459,3.950000047683716,3.950000047683716,441700,EXEL
2011-11-28,4.099999904632568,4.170000076293945,4.019999980926514,4.130000114440918,4.130000114440918,1662900,EXEL
2011-11-29,4.150000095367432,4.199999809265137,4.039999961853027,4.139999866485596,4.139999866485596,2119100,EXEL
2011-11-30,4.369999885559082,4.639999866485596,4.320000171661377,4.610000133514404,4.610000133514404,2267400,EXEL
2011-12-01,4.519999980926514,4.650000095367432,4.440000057220459,4.539999961853027,4.539999961853027,1184500,EXEL
2011-12-02,4.369999885559082,4.420000076293945,4.150000095367432,4.210000038146973,4.210000038146973,2124100,EXEL
2011-12-05,4.25,4.28000020980835,4.070000171661377,4.150000095367432,4.150000095367432,1415000,EXEL
2011-12-06,4.139999866485596,4.21999979019165,4.070000171661377,4.210000038146973,4.210000038146973,1165100,EXEL
2011-12-07,4.139999866485596,4.28000020980835,4.110000133514404,4.28000020980835,4.28000020980835,1084700,EXEL
2011-12-08,4.300000190734863,4.349999904632568,4.21999979019165,4.25,4.25,1621400,EXEL
2011-12-09,4.260000228881836,4.480000019073486,4.239999771118164,4.449999809265137,4.449999809265137,1341800,EXEL
2011-12-12,4.380000114440918,4.420000076293945,4.28000020980835,4.369999885559082,4.369999885559082,1473000,EXEL
2011-12-13,4.429999828338623,4.429999828338623,4.179999828338623,4.190000057220459,4.190000057220459,1055800,EXEL
2011-12-14,4.130000114440918,4.21999979019165,4.050000190734863,4.059999942779541,4.059999942779541,1164000,EXEL
2011-12-15,4.150000095367432,4.179999828338623,4.099999904632568,4.119999885559082,4.119999885559082,863300,EXEL
2011-12-16,4.150000095367432,4.349999904632568,4.110000133514404,4.179999828338623,4.179999828338623,2742100,EXEL
2011-12-19,4.21999979019165,4.329999923706055,4.170000076293945,4.260000228881836,4.260000228881836,1617900,EXEL
2011-12-20,4.340000152587891,4.400000095367432,4.28000020980835,4.369999885559082,4.369999885559082,1738100,EXEL
2011-12-21,4.380000114440918,4.659999847412109,4.380000114440918,4.550000190734863,4.550000190734863,1747000,EXEL
2011-12-22,4.590000152587891,4.760000228881836,4.449999809265137,4.760000228881836,4.760000228881836,1398000,EXEL
2011-12-23,4.760000228881836,4.760000228881836,4.619999885559082,4.639999866485596,4.639999866485596,638000,EXEL
2011-12-27,4.599999904632568,5.119999885559082,4.570000171661377,4.960000038146973,4.960000038146973,2169200,EXEL
2011-12-28,4.96999979019165,5.0,4.699999809265137,4.800000190734863,4.800000190734863,1424300,EXEL
2011-12-29,4.820000171661377,4.869999885559082,4.699999809265137,4.75,4.75,1624000,EXEL
2011-12-30,4.71999979019165,4.840000152587891,4.699999809265137,4.739999771118164,4.739999771118164,995900,EXEL
2012-01-03,4.860000133514404,4.940000057220459,4.599999904632568,4.659999847412109,4.659999847412109,960400,EXEL
2012-01-04,4.619999885559082,4.690000057220459,4.46999979019165,4.489999771118164,4.489999771118164,843900,EXEL
2012-01-05,4.489999771118164,4.730000019073486,4.489999771118164,4.650000095367432,4.650000095367432,1761000,EXEL
2012-01-06,4.650000095367432,4.849999904632568,4.619999885559082,4.789999961853027,4.789999961853027,1008800,EXEL
2012-01-09,4.800000190734863,4.880000114440918,4.739999771118164,4.809999942779541,4.809999942779541,872100,EXEL
2012-01-10,4.889999866485596,4.900000095367432,4.75,4.869999885559082,4.869999885559082,754500,EXEL
2012-01-11,4.849999904632568,5.139999866485596,4.820000171661377,5.130000114440918,5.130000114440918,1518900,EXEL
2012-01-12,5.179999828338623,5.179999828338623,4.900000095367432,5.0,5.0,1379900,EXEL
2012-01-13,4.920000076293945,5.039999961853027,4.880000114440918,4.960000038146973,4.960000038146973,1035700,EXEL
2012-01-17,4.949999809265137,5.070000171661377,4.900000095367432,4.949999809265137,4.949999809265137,1136000,EXEL
2012-01-18,4.949999809265137,5.03000020980835,4.760000228881836,4.989999771118164,4.989999771118164,1474700,EXEL
2012-01-19,5.0,5.010000228881836,4.909999847412109,4.960000038146973,4.960000038146973,477800,EXEL
2012-01-20,4.960000038146973,5.269999980926514,4.900000095367432,5.0,5.0,3749100,EXEL
2012-01-23,5.059999942779541,5.079999923706055,4.809999942779541,4.869999885559082,4.869999885559082,1139700,EXEL
2012-01-24,4.840000152587891,4.949999809265137,4.75,4.909999847412109,4.909999847412109,770700,EXEL
2012-01-25,4.980000019073486,5.019999980926514,4.869999885559082,4.980000019073486,4.980000019073486,1098300,EXEL
2012-01-26,5.019999980926514,5.420000076293945,5.019999980926514,5.400000095367432,5.400000095367432,2192200,EXEL
2012-01-27,5.489999771118164,5.929999828338623,5.360000133514404,5.619999885559082,5.619999885559082,2733500,EXEL
2012-01-30,5.599999904632568,5.699999809265137,5.239999771118164,5.300000190734863,5.300000190734863,1687200,EXEL
2012-01-31,5.340000152587891,5.389999866485596,5.150000095367432,5.320000171661377,5.320000171661377,1529200,EXEL
2012-02-01,5.360000133514404,5.659999847412109,5.309999942779541,5.639999866485596,5.639999866485596,2004100,EXEL
2012-02-02,5.699999809265137,6.010000228881836,5.650000095367432,6.0,6.0,2322100,EXEL
2012-02-03,6.309999942779541,6.570000171661377,6.099999904632568,6.309999942779541,6.309999942779541,3786800,EXEL
2012-02-06,6.340000152587891,6.5,6.199999809265137,6.46999979019165,6.46999979019165,1948200,EXEL
2012-02-07,6.480000019073486,6.53000020980835,6.360000133514404,6.420000076293945,6.420000076293945,1926100,EXEL
2012-02-08,6.409999847412109,6.480000019073486,6.059999942779541,6.139999866485596,6.139999866485596,2223700,EXEL
2012-02-09,6.21999979019165,6.25,5.630000114440918,5.670000076293945,5.670000076293945,2665500,EXEL
2012-02-10,5.659999847412109,6.269999980926514,5.599999904632568,6.139999866485596,6.139999866485596,10419300,EXEL
2012-02-13,6.269999980926514,6.289999961853027,6.019999980926514,6.139999866485596,6.139999866485596,2871100,EXEL
2012-02-14,6.230000019073486,6.239999771118164,5.829999923706055,5.949999809265137,5.949999809265137,2157900,EXEL
2012-02-15,5.980000019073486,5.980000019073486,5.769999980926514,5.800000190734863,5.800000190734863,1287100,EXEL
2012-02-16,5.829999923706055,5.989999771118164,5.75,5.920000076293945,5.920000076293945,1162100,EXEL
2012-02-17,5.960000038146973,5.989999771118164,5.75,5.78000020980835,5.78000020980835,1016700,EXEL
2012-02-21,5.809999942779541,5.880000114440918,5.550000190734863,5.619999885559082,5.619999885559082,1743200,EXEL
2012-02-22,5.590000152587891,5.650000095367432,5.449999809265137,5.550000190734863,5.550000190734863,1777600,EXEL
2012-02-23,5.559999942779541,5.789999961853027,5.539999961853027,5.760000228881836,5.760000228881836,1399700,EXEL
2012-02-24,5.789999961853027,5.840000152587891,5.630000114440918,5.769999980926514,5.769999980926514,1239400,EXEL
2012-02-27,5.820000171661377,6.079999923706055,5.699999809265137,5.989999771118164,5.989999771118164,2947400,EXEL
2012-02-28,6.019999980926514,6.059999942779541,5.769999980926514,5.900000095367432,5.900000095367432,3385800,EXEL
2012-02-29,5.920000076293945,5.989999771118164,5.630000114440918,5.679999828338623,5.679999828338623,3695500,EXEL
2012-03-01,5.679999828338623,5.809999942779541,5.619999885559082,5.639999866485596,5.639999866485596,1457500,EXEL
2012-03-02,5.630000114440918,5.739999771118164,5.570000171661377,5.599999904632568,5.599999904632568,1824900,EXEL
2012-03-05,5.590000152587891,5.639999866485596,5.210000038146973,5.389999866485596,5.389999866485596,1698300,EXEL
2012-03-06,5.329999923706055,5.389999866485596,5.079999923706055,5.199999809265137,5.199999809265137,1314100,EXEL
2012-03-07,5.260000228881836,5.360000133514404,5.150000095367432,5.25,5.25,1030700,EXEL
2012-03-08,5.28000020980835,5.579999923706055,5.260000228881836,5.480000019073486,5.480000019073486,1185100,EXEL
2012-03-09,5.46999979019165,5.539999961853027,5.230000019073486,5.260000228881836,5.260000228881836,1437800,EXEL
2012-03-12,5.28000020980835,5.309999942779541,5.159999847412109,5.260000228881836,5.260000228881836,1002300,EXEL
2012-03-13,5.320000171661377,5.329999923706055,5.119999885559082,5.309999942779541,5.309999942779541,1017600,EXEL
2012-03-14,5.309999942779541,5.360000133514404,5.239999771118164,5.309999942779541,5.309999942779541,647000,EXEL
2012-03-15,5.420000076293945,5.46999979019165,5.28000020980835,5.460000038146973,5.460000038146973,1349500,EXEL
2012-03-16,5.46999979019165,5.679999828338623,5.429999828338623,5.639999866485596,5.639999866485596,2861300,EXEL
2012-03-19,5.650000095367432,5.789999961853027,5.559999942779541,5.699999809265137,5.699999809265137,1432400,EXEL
2012-03-20,5.670000076293945,5.670000076293945,5.400000095367432,5.420000076293945,5.420000076293945,1307800,EXEL
2012-03-21,5.420000076293945,5.659999847412109,5.409999847412109,5.650000095367432,5.650000095367432,1514700,EXEL
2012-03-22,5.619999885559082,5.650000095367432,5.460000038146973,5.489999771118164,5.489999771118164,1402400,EXEL
2012-03-23,5.489999771118164,5.570000171661377,5.429999828338623,5.539999961853027,5.539999961853027,1014700,EXEL
2012-03-26,5.599999904632568,5.880000114440918,5.550000190734863,5.860000133514404,5.860000133514404,1315000,EXEL
2012-03-27,5.889999866485596,5.900000095367432,5.679999828338623,5.690000057220459,5.690000057220459,1211200,EXEL
2012-03-28,5.690000057220459,5.789999961853027,5.360000133514404,5.559999942779541,5.559999942779541,2205800,EXEL
2012-03-29,5.489999771118164,5.53000020980835,5.21999979019165,5.230000019073486,5.230000019073486,2059100,EXEL
2012-03-30,5.320000171661377,5.320000171661377,5.150000095367432,5.179999828338623,5.179999828338623,2324700,EXEL
2012-04-02,5.190000057220459,5.260000228881836,5.119999885559082,5.210000038146973,5.210000038146973,2040900,EXEL
2012-04-03,5.179999828338623,5.25,5.0,5.03000020980835,5.03000020980835,1698800,EXEL
2012-04-04,5.010000228881836,5.019999980926514,4.880000114440918,4.960000038146973,4.960000038146973,2377200,EXEL
2012-04-05,4.929999828338623,5.159999847412109,4.929999828338623,5.079999923706055,5.079999923706055,1716700,EXEL
2012-04-09,4.949999809265137,5.0,4.829999923706055,4.96999979019165,4.96999979019165,1780600,EXEL
2012-04-10,4.989999771118164,5.039999961853027,4.809999942779541,4.820000171661377,4.820000171661377,1944800,EXEL
2012-04-11,4.900000095367432,5.019999980926514,4.849999904632568,5.019999980926514,5.019999980926514,1581300,EXEL
2012-04-12,5.019999980926514,5.150000095367432,4.96999979019165,4.980000019073486,4.980000019073486,4398200,EXEL
2012-04-13,4.980000019073486,4.989999771118164,4.760000228881836,4.769999980926514,4.769999980926514,1063000,EXEL
2012-04-16,4.809999942779541,4.889999866485596,4.610000133514404,4.670000076293945,4.670000076293945,1405000,EXEL
2012-04-17,4.730000019073486,4.840000152587891,4.690000057220459,4.75,4.75,1111600,EXEL
2012-04-18,4.699999809265137,4.760000228881836,4.619999885559082,4.630000114440918,4.630000114440918,1135200,EXEL
2012-04-19,4.659999847412109,4.829999923706055,4.659999847412109,4.679999828338623,4.679999828338623,3291600,EXEL
2012-04-20,4.880000114440918,4.940000057220459,4.760000228881836,4.829999923706055,4.829999923706055,2376300,EXEL
2012-04-23,4.71999979019165,4.820000171661377,4.659999847412109,4.800000190734863,4.800000190734863,2091500,EXEL
2012-04-24,4.820000171661377,4.889999866485596,4.769999980926514,4.78000020980835,4.78000020980835,1557300,EXEL
2012-04-25,4.849999904632568,4.880000114440918,4.78000020980835,4.849999904632568,4.849999904632568,1497800,EXEL
2012-04-26,4.820000171661377,4.860000133514404,4.789999961853027,4.809999942779541,4.809999942779541,925500,EXEL
2012-04-27,4.75,4.829999923706055,4.670000076293945,4.800000190734863,4.800000190734863,1330100,EXEL
2012-04-30,4.789999961853027,4.849999904632568,4.75,4.800000190734863,4.800000190734863,1680900,EXEL
2012-05-01,4.800000190734863,4.880000114440918,4.71999979019165,4.71999979019165,4.71999979019165,2442000,EXEL
2012-05-02,4.739999771118164,4.789999961853027,4.690000057220459,4.699999809265137,4.699999809265137,1102800,EXEL
2012-05-03,4.71999979019165,4.889999866485596,4.550000190734863,4.579999923706055,4.579999923706055,1829800,EXEL
2012-05-04,4.510000228881836,4.630000114440918,4.369999885559082,4.519999980926514,4.519999980926514,2338900,EXEL
2012-05-07,4.489999771118164,4.699999809265137,4.449999809265137,4.579999923706055,4.579999923706055,1145800,EXEL
2012-05-08,4.559999942779541,4.860000133514404,4.550000190734863,4.840000152587891,4.840000152587891,2059700,EXEL
2012-05-09,4.769999980926514,5.139999866485596,4.769999980926514,5.110000133514404,5.110000133514404,2571900,EXEL
2012-05-10,5.130000114440918,5.199999809265137,5.059999942779541,5.119999885559082,5.119999885559082,1232100,EXEL
2012-05-11,5.079999923706055,5.260000228881836,5.039999961853027,5.099999904632568,5.099999904632568,1906100,EXEL
2012-05-14,5.010000228881836,5.150000095367432,5.0,5.059999942779541,5.059999942779541,989600,EXEL
2012-05-15,5.050000190734863,5.090000152587891,4.980000019073486,4.989999771118164,4.989999771118164,938900,EXEL
2012-05-16,5.050000190734863,5.099999904632568,4.909999847412109,4.920000076293945,4.920000076293945,957600,EXEL
2012-05-17,4.909999847412109,4.96999979019165,4.670000076293945,4.690000057220459,4.690000057220459,1629800,EXEL
2012-05-18,4.659999847412109,4.75,4.579999923706055,4.610000133514404,4.610000133514404,2012200,EXEL
2012-05-21,4.619999885559082,4.840000152587891,4.619999885559082,4.829999923706055,4.829999923706055,1117400,EXEL
2012-05-22,4.840000152587891,4.900000095367432,4.570000171661377,4.619999885559082,4.619999885559082,1461200,EXEL
2012-05-23,4.590000152587891,4.670000076293945,4.460000038146973,4.570000171661377,4.570000171661377,1523700,EXEL
2012-05-24,4.539999961853027,4.619999885559082,4.5,4.579999923706055,4.579999923706055,806000,EXEL
2012-05-25,4.570000171661377,4.699999809265137,4.570000171661377,4.610000133514404,4.610000133514404,1123800,EXEL
2012-05-29,4.619999885559082,4.690000057220459,4.480000019073486,4.619999885559082,4.619999885559082,1421900,EXEL
2012-05-30,4.659999847412109,4.820000171661377,4.579999923706055,4.590000152587891,4.590000152587891,2284100,EXEL
2012-05-31,4.579999923706055,4.659999847412109,4.389999866485596,4.630000114440918,4.630000114440918,2441600,EXEL
2012-06-01,4.510000228881836,4.590000152587891,4.400000095367432,4.480000019073486,4.480000019073486,1212100,EXEL
2012-06-04,4.590000152587891,4.679999828338623,4.380000114440918,4.5,4.5,2445700,EXEL
2012-06-05,4.53000020980835,4.800000190734863,4.489999771118164,4.769999980926514,4.769999980926514,1768800,EXEL
2012-06-06,4.829999923706055,4.96999979019165,4.800000190734863,4.860000133514404,4.860000133514404,1436400,EXEL
2012-06-07,4.929999828338623,4.989999771118164,4.789999961853027,4.800000190734863,4.800000190734863,1591300,EXEL
2012-06-08,4.78000020980835,5.0,4.710000038146973,5.0,5.0,1210100,EXEL
2012-06-11,5.050000190734863,5.050000190734863,4.610000133514404,4.619999885559082,4.619999885559082,1859600,EXEL
2012-06-12,4.639999866485596,4.809999942779541,4.599999904632568,4.800000190734863,4.800000190734863,941000,EXEL
2012-06-13,4.78000020980835,5.179999828338623,4.78000020980835,5.099999904632568,5.099999904632568,2952100,EXEL
2012-06-14,5.099999904632568,5.21999979019165,5.03000020980835,5.199999809265137,5.199999809265137,2057100,EXEL
2012-06-15,5.230000019073486,5.25,5.090000152587891,5.159999847412109,5.159999847412109,1509400,EXEL
2012-06-18,5.099999904632568,5.190000057220459,5.050000190734863,5.130000114440918,5.130000114440918,1030100,EXEL
2012-06-19,5.139999866485596,5.230000019073486,5.079999923706055,5.110000133514404,5.110000133514404,1099700,EXEL
2012-06-20,5.090000152587891,5.28000020980835,5.03000020980835,5.210000038146973,5.210000038146973,1104900,EXEL
2012-06-21,5.230000019073486,5.320000171661377,5.110000133514404,5.199999809265137,5.199999809265137,1412800,EXEL
2012-06-22,5.25,5.309999942779541,5.199999809265137,5.300000190734863,5.300000190734863,1235900,EXEL
2012-06-25,5.25,5.289999961853027,5.110000133514404,5.199999809265137,5.199999809265137,918500,EXEL
2012-06-26,5.210000038146973,5.300000190734863,5.199999809265137,5.260000228881836,5.260000228881836,885000,EXEL
2012-06-27,5.28000020980835,5.539999961853027,5.230000019073486,5.539999961853027,5.539999961853027,1766100,EXEL
2012-06-28,5.46999979019165,5.519999980926514,5.329999923706055,5.460000038146973,5.460000038146973,2903600,EXEL
2012-06-29,5.539999961853027,5.590000152587891,5.460000038146973,5.53000020980835,5.53000020980835,1138800,EXEL
2012-07-02,5.559999942779541,6.019999980926514,5.510000228881836,6.019999980926514,6.019999980926514,1957800,EXEL
2012-07-03,6.039999961853027,6.050000190734863,5.829999923706055,5.889999866485596,5.889999866485596,1324500,EXEL
2012-07-05,5.889999866485596,6.070000171661377,5.880000114440918,5.909999847412109,5.909999847412109,1754700,EXEL
2012-07-06,5.880000114440918,5.920000076293945,5.71999979019165,5.829999923706055,5.829999923706055,1376400,EXEL
2012-07-09,5.829999923706055,5.940000057220459,5.78000020980835,5.800000190734863,5.800000190734863,1148100,EXEL
2012-07-10,5.880000114440918,5.909999847412109,5.730000019073486,5.760000228881836,5.760000228881836,1027400,EXEL
2012-07-11,5.730000019073486,5.869999885559082,5.659999847412109,5.820000171661377,5.820000171661377,1360700,EXEL
2012-07-12,5.739999771118164,5.960000038146973,5.650000095367432,5.929999828338623,5.929999828338623,1397700,EXEL
2012-07-13,5.920000076293945,6.050000190734863,5.900000095367432,5.989999771118164,5.989999771118164,1320900,EXEL
2012-07-16,5.929999828338623,6.070000171661377,5.900000095367432,6.010000228881836,6.010000228881836,1252300,EXEL
2012-07-17,6.039999961853027,6.119999885559082,5.949999809265137,6.050000190734863,6.050000190734863,1224400,EXEL
2012-07-18,6.070000171661377,6.369999885559082,6.019999980926514,6.199999809265137,6.199999809265137,1719100,EXEL
2012-07-19,6.25,6.269999980926514,6.119999885559082,6.190000057220459,6.190000057220459,1287600,EXEL
2012-07-20,6.119999885559082,6.21999979019165,6.050000190734863,6.170000076293945,6.170000076293945,1130000,EXEL
2012-07-23,6.039999961853027,6.150000095367432,5.900000095367432,6.110000133514404,6.110000133514404,1774800,EXEL
2012-07-24,6.159999847412109,6.170000076293945,5.860000133514404,5.889999866485596,5.889999866485596,1547500,EXEL
2012-07-25,5.960000038146973,6.059999942779541,5.900000095367432,5.989999771118164,5.989999771118164,1029400,EXEL
2012-07-26,6.090000152587891,6.199999809265137,6.019999980926514,6.170000076293945,6.170000076293945,1262800,EXEL
2012-07-27,6.190000057220459,6.440000057220459,6.179999828338623,6.400000095367432,6.400000095367432,1794700,EXEL
2012-07-30,6.78000020980835,6.949999809265137,6.400000095367432,6.449999809265137,6.449999809265137,3283800,EXEL
2012-07-31,6.440000057220459,6.480000019073486,6.230000019073486,6.25,6.25,2383400,EXEL
2012-08-01,6.300000190734863,6.300000190734863,6.019999980926514,6.03000020980835,6.03000020980835,3160800,EXEL
2012-08-02,6.039999961853027,6.050000190734863,5.769999980926514,5.920000076293945,5.920000076293945,2127100,EXEL
2012-08-03,5.900000095367432,5.989999771118164,5.570000171661377,5.579999923706055,5.579999923706055,2934800,EXEL
2012-08-06,4.989999771118164,5.199999809265137,4.840000152587891,4.849999904632568,4.849999904632568,7919200,EXEL
2012-08-07,4.849999904632568,4.889999866485596,4.570000171661377,4.579999923706055,4.579999923706055,5523100,EXEL
2012-08-08,4.619999885559082,4.639999866485596,4.269999980926514,4.28000020980835,4.28000020980835,9940700,EXEL
2012-08-09,4.340000152587891,4.570000171661377,4.300000190734863,4.340000152587891,4.340000152587891,55134400,EXEL
2012-08-10,4.389999866485596,4.539999961853027,4.340000152587891,4.460000038146973,4.460000038146973,11615700,EXEL
2012-08-13,4.460000038146973,4.550000190734863,4.420000076293945,4.46999979019165,4.46999979019165,5290000,EXEL
2012-08-14,4.460000038146973,4.460000038146973,4.329999923706055,4.400000095367432,4.400000095367432,5331500,EXEL
2012-08-15,4.380000114440918,4.46999979019165,4.369999885559082,4.440000057220459,4.440000057220459,1640600,EXEL
2012-08-16,4.449999809265137,4.480000019073486,4.28000020980835,4.389999866485596,4.389999866485596,4399400,EXEL
2012-08-17,4.400000095367432,4.409999847412109,4.309999942779541,4.380000114440918,4.380000114440918,2324400,EXEL
2012-08-20,4.360000133514404,4.369999885559082,4.190000057220459,4.300000190734863,4.300000190734863,2572600,EXEL
2012-08-21,4.329999923706055,4.409999847412109,4.25,4.300000190734863,4.300000190734863,2259400,EXEL
2012-08-22,4.309999942779541,4.400000095367432,4.300000190734863,4.340000152587891,4.340000152587891,1724600,EXEL
2012-08-23,4.349999904632568,4.380000114440918,4.25,4.289999961853027,4.289999961853027,1680800,EXEL
2012-08-24,4.289999961853027,4.320000171661377,4.25,4.300000190734863,4.300000190734863,1218100,EXEL
2012-08-27,4.309999942779541,4.349999904632568,4.25,4.309999942779541,4.309999942779541,1331500,EXEL
2012-08-28,4.329999923706055,4.400000095367432,4.28000020980835,4.389999866485596,4.389999866485596,1866000,EXEL
2012-08-29,4.409999847412109,4.599999904632568,4.409999847412109,4.590000152587891,4.590000152587891,4297400,EXEL
2012-08-30,4.650000095367432,4.730000019073486,4.260000228881836,4.329999923706055,4.329999923706055,6297200,EXEL
2012-08-31,4.380000114440918,4.449999809265137,4.269999980926514,4.429999828338623,4.429999828338623,7062000,EXEL
2012-09-04,4.460000038146973,4.710000038146973,4.449999809265137,4.670000076293945,4.670000076293945,4719100,EXEL
2012-09-05,4.699999809265137,4.829999923706055,4.670000076293945,4.75,4.75,8087300,EXEL
2012-09-06,4.800000190734863,5.0,4.760000228881836,4.940000057220459,4.940000057220459,4526300,EXEL
2012-09-07,4.96999979019165,5.119999885559082,4.920000076293945,5.079999923706055,5.079999923706055,3501800,EXEL
2012-09-10,5.050000190734863,5.070000171661377,4.789999961853027,4.940000057220459,4.940000057220459,2272100,EXEL
2012-09-11,4.929999828338623,5.099999904632568,4.900000095367432,5.03000020980835,5.03000020980835,1616800,EXEL
2012-09-12,5.03000020980835,5.320000171661377,4.949999809265137,5.110000133514404,5.110000133514404,4495100,EXEL
2012-09-13,5.139999866485596,5.300000190734863,5.050000190734863,5.139999866485596,5.139999866485596,2634900,EXEL
2012-09-14,5.199999809265137,5.320000171661377,5.119999885559082,5.239999771118164,5.239999771118164,2497000,EXEL
2012-09-17,5.25,5.440000057220459,5.210000038146973,5.420000076293945,5.420000076293945,4826800,EXEL
2012-09-18,5.400000095367432,5.539999961853027,5.309999942779541,5.340000152587891,5.340000152587891,2299000,EXEL
2012-09-19,5.340000152587891,5.400000095367432,5.289999961853027,5.349999904632568,5.349999904632568,2285800,EXEL
2012-09-20,5.309999942779541,5.380000114440918,5.230000019073486,5.349999904632568,5.349999904632568,2115100,EXEL
2012-09-21,5.400000095367432,5.559999942779541,5.360000133514404,5.559999942779541,5.559999942779541,6625500,EXEL
2012-09-24,5.53000020980835,5.550000190734863,5.309999942779541,5.440000057220459,5.440000057220459,2422200,EXEL
2012-09-25,5.449999809265137,5.489999771118164,4.869999885559082,4.980000019073486,4.980000019073486,4412000,EXEL
2012-09-26,5.019999980926514,5.03000020980835,4.510000228881836,4.590000152587891,4.590000152587891,5774700,EXEL
2012-09-27,4.599999904632568,5.079999923706055,4.440000057220459,4.909999847412109,4.909999847412109,5189000,EXEL
2012-09-28,4.849999904632568,5.039999961853027,4.809999942779541,4.829999923706055,4.829999923706055,3105900,EXEL
2012-10-01,4.900000095367432,5.090000152587891,4.710000038146973,4.75,4.75,2863900,EXEL
2012-10-02,4.769999980926514,4.829999923706055,4.699999809265137,4.820000171661377,4.820000171661377,1403400,EXEL
2012-10-03,4.829999923706055,4.840000152587891,4.699999809265137,4.760000228881836,4.760000228881836,1465800,EXEL
2012-10-04,4.769999980926514,4.809999942779541,4.699999809265137,4.800000190734863,4.800000190734863,1396700,EXEL
2012-10-05,4.820000171661377,5.059999942779541,4.809999942779541,4.980000019073486,4.980000019073486,1785700,EXEL
2012-10-08,4.949999809265137,5.010000228881836,4.860000133514404,4.869999885559082,4.869999885559082,1140600,EXEL
2012-10-09,4.860000133514404,4.869999885559082,4.650000095367432,4.769999980926514,4.769999980926514,2086300,EXEL
2012-10-10,4.760000228881836,4.769999980926514,4.599999904632568,4.71999979019165,4.71999979019165,4182200,EXEL
2012-10-11,4.75,4.820000171661377,4.650000095367432,4.809999942779541,4.809999942779541,2838700,EXEL
2012-10-12,4.800000190734863,4.849999904632568,4.699999809265137,4.75,4.75,1313200,EXEL
2012-10-15,4.760000228881836,4.889999866485596,4.75,4.840000152587891,4.840000152587891,1206200,EXEL
2012-10-16,4.860000133514404,4.940000057220459,4.809999942779541,4.860000133514404,4.860000133514404,1464100,EXEL
2012-10-17,4.900000095367432,5.050000190734863,4.849999904632568,4.949999809265137,4.949999809265137,2259700,EXEL
2012-10-18,4.980000019073486,5.090000152587891,4.900000095367432,4.940000057220459,4.940000057220459,2012800,EXEL
2012-10-19,4.920000076293945,4.929999828338623,4.599999904632568,4.71999979019165,4.71999979019165,3556700,EXEL
2012-10-22,4.690000057220459,4.730000019073486,4.539999961853027,4.730000019073486,4.730000019073486,2141400,EXEL
2012-10-23,4.670000076293945,4.929999828338623,4.550000190734863,4.800000190734863,4.800000190734863,1604700,EXEL
2012-10-24,4.820000171661377,4.920000076293945,4.679999828338623,4.75,4.75,1304500,EXEL
2012-10-25,4.78000020980835,4.869999885559082,4.71999979019165,4.860000133514404,4.860000133514404,1250400,EXEL
2012-10-26,4.869999885559082,4.920000076293945,4.789999961853027,4.809999942779541,4.809999942779541,1151900,EXEL
2012-10-31,4.809999942779541,4.849999904632568,4.559999942779541,4.739999771118164,4.739999771118164,2309600,EXEL
2012-11-01,4.769999980926514,4.96999979019165,4.71999979019165,4.809999942779541,4.809999942779541,1935900,EXEL
2012-11-02,4.820000171661377,4.820000171661377,4.659999847412109,4.699999809265137,4.699999809265137,1852700,EXEL
2012-11-05,4.699999809265137,4.800000190734863,4.599999904632568,4.78000020980835,4.78000020980835,1408800,EXEL
2012-11-06,4.789999961853027,4.900000095367432,4.710000038146973,4.880000114440918,4.880000114440918,1235900,EXEL
2012-11-07,4.820000171661377,4.829999923706055,4.650000095367432,4.710000038146973,4.710000038146973,3202000,EXEL
2012-11-08,4.699999809265137,4.800000190734863,4.539999961853027,4.579999923706055,4.579999923706055,4957200,EXEL
2012-11-09,4.559999942779541,4.900000095367432,4.550000190734863,4.880000114440918,4.880000114440918,3630400,EXEL
2012-11-12,4.900000095367432,5.03000020980835,4.78000020980835,4.960000038146973,4.960000038146973,2439100,EXEL
2012-11-13,4.949999809265137,5.010000228881836,4.880000114440918,4.909999847412109,4.909999847412109,1564900,EXEL
2012-11-14,4.96999979019165,5.050000190734863,4.860000133514404,5.010000228881836,5.010000228881836,2267700,EXEL
2012-11-15,5.0,5.0,4.699999809265137,4.710000038146973,4.710000038146973,2235300,EXEL
2012-11-16,4.690000057220459,4.769999980926514,4.559999942779541,4.730000019073486,4.730000019073486,2834400,EXEL
2012-11-19,4.78000020980835,4.949999809265137,4.71999979019165,4.820000171661377,4.820000171661377,1821000,EXEL
2012-11-20,4.829999923706055,4.940000057220459,4.800000190734863,4.909999847412109,4.909999847412109,2185600,EXEL
2012-11-21,4.900000095367432,5.239999771118164,4.849999904632568,5.239999771118164,5.239999771118164,2654900,EXEL
2012-11-23,5.269999980926514,5.380000114440918,5.119999885559082,5.269999980926514,5.269999980926514,1722600,EXEL
2012-11-26,5.269999980926514,5.380000114440918,5.190000057220459,5.199999809265137,5.199999809265137,2467700,EXEL
2012-11-27,5.269999980926514,5.389999866485596,5.199999809265137,5.320000171661377,5.320000171661377,3649300,EXEL
2012-11-28,5.360000133514404,5.380000114440918,5.119999885559082,5.28000020980835,5.28000020980835,3492500,EXEL
2012-11-29,5.300000190734863,5.300000190734863,5.090000152587891,5.239999771118164,5.239999771118164,3691300,EXEL
2012-11-30,5.110000133514404,5.119999885559082,4.71999979019165,4.880000114440918,4.880000114440918,8721300,EXEL
2012-12-03,4.929999828338623,4.949999809265137,4.550000190734863,4.559999942779541,4.559999942779541,5872900,EXEL
2012-12-04,4.550000190734863,4.650000095367432,4.420000076293945,4.539999961853027,4.539999961853027,5201200,EXEL
2012-12-05,4.539999961853027,4.559999942779541,4.300000190734863,4.360000133514404,4.360000133514404,4646700,EXEL
2012-12-06,4.360000133514404,4.449999809265137,4.289999961853027,4.329999923706055,4.329999923706055,2293300,EXEL
2012-12-07,4.309999942779541,4.539999961853027,4.300000190734863,4.369999885559082,4.369999885559082,1830300,EXEL
2012-12-10,4.369999885559082,4.480000019073486,4.360000133514404,4.420000076293945,4.420000076293945,1605100,EXEL
2012-12-11,4.539999961853027,4.75,4.460000038146973,4.739999771118164,4.739999771118164,2409400,EXEL
2012-12-12,4.769999980926514,4.929999828338623,4.679999828338623,4.889999866485596,4.889999866485596,3727800,EXEL
2012-12-13,4.909999847412109,5.119999885559082,4.900000095367432,5.0,5.0,3331600,EXEL
2012-12-14,4.940000057220459,5.0,4.599999904632568,4.710000038146973,4.710000038146973,2592900,EXEL
2012-12-17,4.71999979019165,4.739999771118164,4.550000190734863,4.599999904632568,4.599999904632568,1943000,EXEL
2012-12-18,4.630000114440918,4.860000133514404,4.579999923706055,4.820000171661377,4.820000171661377,2661000,EXEL
2012-12-19,4.829999923706055,4.849999904632568,4.650000095367432,4.670000076293945,4.670000076293945,1567200,EXEL
2012-12-20,4.869999885559082,4.869999885559082,4.610000133514404,4.690000057220459,4.690000057220459,1534500,EXEL
2012-12-21,4.730000019073486,4.730000019073486,4.5,4.590000152587891,4.590000152587891,3261200,EXEL
2012-12-24,4.550000190734863,4.590000152587891,4.5,4.579999923706055,4.579999923706055,1166300,EXEL
2012-12-26,4.579999923706055,4.639999866485596,4.5,4.590000152587891,4.590000152587891,1215400,EXEL
2012-12-27,4.570000171661377,4.630000114440918,4.440000057220459,4.550000190734863,4.550000190734863,2003600,EXEL
2012-12-28,4.5,4.579999923706055,4.489999771118164,4.510000228881836,4.510000228881836,1524900,EXEL
2012-12-31,4.5,4.579999923706055,4.449999809265137,4.570000171661377,4.570000171661377,1666900,EXEL
2013-01-02,4.699999809265137,4.840000152587891,4.579999923706055,4.829999923706055,4.829999923706055,2653900,EXEL
2013-01-03,4.829999923706055,4.940000057220459,4.730000019073486,4.800000190734863,4.800000190734863,1383600,EXEL
2013-01-04,4.869999885559082,4.940000057220459,4.809999942779541,4.829999923706055,4.829999923706055,1032000,EXEL
2013-01-07,4.820000171661377,4.900000095367432,4.769999980926514,4.820000171661377,4.820000171661377,957100,EXEL
2013-01-08,4.829999923706055,4.889999866485596,4.78000020980835,4.860000133514404,4.860000133514404,1044000,EXEL
2013-01-09,4.880000114440918,5.059999942779541,4.829999923706055,5.03000020980835,5.03000020980835,2344800,EXEL
2013-01-10,5.059999942779541,5.059999942779541,4.860000133514404,4.860000133514404,4.860000133514404,1475900,EXEL
2013-01-11,4.889999866485596,4.920000076293945,4.789999961853027,4.820000171661377,4.820000171661377,1545100,EXEL
2013-01-14,4.809999942779541,4.849999904632568,4.630000114440918,4.659999847412109,4.659999847412109,4313400,EXEL
2013-01-15,4.650000095367432,4.739999771118164,4.610000133514404,4.71999979019165,4.71999979019165,1238000,EXEL
2013-01-16,4.699999809265137,4.71999979019165,4.619999885559082,4.639999866485596,4.639999866485596,1007200,EXEL
2013-01-17,4.650000095367432,4.699999809265137,4.579999923706055,4.630000114440918,4.630000114440918,1695300,EXEL
2013-01-18,4.659999847412109,4.730000019073486,4.579999923706055,4.630000114440918,4.630000114440918,1173800,EXEL
2013-01-22,4.619999885559082,4.690000057220459,4.590000152587891,4.650000095367432,4.650000095367432,926400,EXEL
2013-01-23,4.659999847412109,4.699999809265137,4.610000133514404,4.619999885559082,4.619999885559082,1021200,EXEL
2013-01-24,4.610000133514404,4.730000019073486,4.570000171661377,4.590000152587891,4.590000152587891,1534300,EXEL
2013-01-25,4.630000114440918,4.78000020980835,4.579999923706055,4.78000020980835,4.78000020980835,1776100,EXEL
2013-01-28,4.800000190734863,4.849999904632568,4.71999979019165,4.760000228881836,4.760000228881836,1592500,EXEL
2013-01-29,4.78000020980835,4.800000190734863,4.690000057220459,4.789999961853027,4.789999961853027,1149600,EXEL
2013-01-30,4.769999980926514,4.800000190734863,4.690000057220459,4.739999771118164,4.739999771118164,1908900,EXEL
2013-01-31,4.710000038146973,4.769999980926514,4.659999847412109,4.659999847412109,4.659999847412109,1115600,EXEL
2013-02-01,4.690000057220459,4.820000171661377,4.659999847412109,4.769999980926514,4.769999980926514,1572700,EXEL
2013-02-04,4.75,4.78000020980835,4.659999847412109,4.730000019073486,4.730000019073486,1615600,EXEL
2013-02-05,4.739999771118164,4.820000171661377,4.710000038146973,4.789999961853027,4.789999961853027,901400,EXEL
2013-02-06,4.760000228881836,4.809999942779541,4.659999847412109,4.699999809265137,4.699999809265137,1175900,EXEL
2013-02-07,4.699999809265137,4.739999771118164,4.619999885559082,4.699999809265137,4.699999809265137,1056500,EXEL
2013-02-08,4.699999809265137,4.75,4.670000076293945,4.739999771118164,4.739999771118164,858000,EXEL
2013-02-11,4.75,4.840000152587891,4.699999809265137,4.769999980926514,4.769999980926514,1062900,EXEL
2013-02-12,4.789999961853027,4.829999923706055,4.670000076293945,4.690000057220459,4.690000057220459,1046800,EXEL
2013-02-13,4.679999828338623,4.75,4.650000095367432,4.75,4.75,860000,EXEL
2013-02-14,4.71999979019165,4.760000228881836,4.699999809265137,4.710000038146973,4.710000038146973,787400,EXEL
2013-02-15,4.75,4.75,4.670000076293945,4.710000038146973,4.710000038146973,936200,EXEL
2013-02-19,4.739999771118164,4.809999942779541,4.690000057220459,4.800000190734863,4.800000190734863,2005800,EXEL
2013-02-20,4.820000171661377,4.840000152587891,4.71999979019165,4.71999979019165,4.71999979019165,1904300,EXEL
2013-02-21,4.710000038146973,4.710000038146973,4.619999885559082,4.650000095367432,4.650000095367432,1748900,EXEL
2013-02-22,4.559999942779541,4.559999942779541,4.400000095367432,4.409999847412109,4.409999847412109,3506800,EXEL
2013-02-25,4.420000076293945,4.579999923706055,4.349999904632568,4.480000019073486,4.480000019073486,2076000,EXEL
2013-02-26,4.5,4.53000020980835,4.320000171661377,4.460000038146973,4.460000038146973,1420400,EXEL
2013-02-27,4.389999866485596,4.460000038146973,4.380000114440918,4.409999847412109,4.409999847412109,1328300,EXEL
2013-02-28,4.400000095367432,4.599999904632568,4.369999885559082,4.559999942779541,4.559999942779541,1085100,EXEL
2013-03-01,4.550000190734863,4.570000171661377,4.480000019073486,4.539999961853027,4.539999961853027,818100,EXEL
2013-03-04,4.510000228881836,4.610000133514404,4.46999979019165,4.539999961853027,4.539999961853027,1280200,EXEL
2013-03-05,4.590000152587891,4.78000020980835,4.570000171661377,4.769999980926514,4.769999980926514,1752400,EXEL
2013-03-06,4.800000190734863,4.809999942779541,4.679999828338623,4.730000019073486,4.730000019073486,683000,EXEL
2013-03-07,4.71999979019165,4.769999980926514,4.690000057220459,4.71999979019165,4.71999979019165,731800,EXEL
2013-03-08,4.78000020980835,4.840000152587891,4.739999771118164,4.800000190734863,4.800000190734863,1172600,EXEL
2013-03-11,4.789999961853027,4.809999942779541,4.679999828338623,4.699999809265137,4.699999809265137,809100,EXEL
2013-03-12,4.699999809265137,4.769999980926514,4.630000114440918,4.739999771118164,4.739999771118164,716800,EXEL
2013-03-13,4.730000019073486,4.789999961853027,4.670000076293945,4.739999771118164,4.739999771118164,719300,EXEL
2013-03-14,4.769999980926514,4.769999980926514,4.659999847412109,4.75,4.75,881700,EXEL
2013-03-15,4.75,4.75,4.599999904632568,4.610000133514404,4.610000133514404,3577200,EXEL
2013-03-18,4.570000171661377,4.690000057220459,4.539999961853027,4.679999828338623,4.679999828338623,1103800,EXEL
2013-03-19,4.679999828338623,4.679999828338623,4.590000152587891,4.639999866485596,4.639999866485596,939600,EXEL
2013-03-20,4.670000076293945,4.679999828338623,4.610000133514404,4.630000114440918,4.630000114440918,414100,EXEL
2013-03-21,4.610000133514404,4.639999866485596,4.550000190734863,4.559999942779541,4.559999942779541,820900,EXEL
2013-03-22,4.559999942779541,4.650000095367432,4.510000228881836,4.650000095367432,4.650000095367432,782700,EXEL
2013-03-25,4.659999847412109,4.670000076293945,4.550000190734863,4.639999866485596,4.639999866485596,749500,EXEL
2013-03-26,4.659999847412109,4.659999847412109,4.449999809265137,4.550000190734863,4.550000190734863,943800,EXEL
2013-03-27,4.5,4.610000133514404,4.409999847412109,4.590000152587891,4.590000152587891,958000,EXEL
2013-03-28,4.619999885559082,4.679999828338623,4.5,4.619999885559082,4.619999885559082,933000,EXEL
2013-04-01,4.599999904632568,4.619999885559082,4.5,4.559999942779541,4.559999942779541,1156900,EXEL
2013-04-02,4.590000152587891,4.650000095367432,4.519999980926514,4.53000020980835,4.53000020980835,740600,EXEL
2013-04-03,4.53000020980835,4.599999904632568,4.389999866485596,4.440000057220459,4.440000057220459,1481400,EXEL
2013-04-04,4.460000038146973,4.46999979019165,4.349999904632568,4.400000095367432,4.400000095367432,741100,EXEL
2013-04-05,4.349999904632568,4.429999828338623,4.329999923706055,4.420000076293945,4.420000076293945,1019600,EXEL
2013-04-08,4.460000038146973,4.650000095367432,4.360000133514404,4.619999885559082,4.619999885559082,1093300,EXEL
2013-04-09,4.650000095367432,4.650000095367432,4.489999771118164,4.510000228881836,4.510000228881836,836700,EXEL
2013-04-10,4.53000020980835,4.800000190734863,4.519999980926514,4.800000190734863,4.800000190734863,1542300,EXEL
2013-04-11,4.800000190734863,4.96999979019165,4.78000020980835,4.929999828338623,4.929999828338623,1718400,EXEL
2013-04-12,4.909999847412109,5.039999961853027,4.889999866485596,5.019999980926514,5.019999980926514,1870200,EXEL
2013-04-15,4.960000038146973,5.039999961853027,4.820000171661377,4.840000152587891,4.840000152587891,1763500,EXEL
2013-04-16,4.900000095367432,5.039999961853027,4.820000171661377,5.019999980926514,5.019999980926514,1301100,EXEL
2013-04-17,4.980000019073486,5.0,4.760000228881836,4.840000152587891,4.840000152587891,1597600,EXEL
2013-04-18,4.849999904632568,4.880000114440918,4.650000095367432,4.739999771118164,4.739999771118164,1276600,EXEL
2013-04-19,4.730000019073486,4.849999904632568,4.710000038146973,4.840000152587891,4.840000152587891,745900,EXEL
2013-04-22,4.860000133514404,5.079999923706055,4.840000152587891,5.039999961853027,5.039999961853027,2096600,EXEL
2013-04-23,5.050000190734863,5.230000019073486,5.039999961853027,5.210000038146973,5.210000038146973,2936700,EXEL
2013-04-24,5.190000057220459,5.210000038146973,5.010000228881836,5.159999847412109,5.159999847412109,1780800,EXEL
2013-04-25,5.199999809265137,5.25,5.139999866485596,5.239999771118164,5.239999771118164,1142600,EXEL
2013-04-26,5.199999809265137,5.260000228881836,5.110000133514404,5.21999979019165,5.21999979019165,1270300,EXEL
2013-04-29,5.269999980926514,5.269999980926514,5.139999866485596,5.190000057220459,5.190000057220459,2033400,EXEL
2013-04-30,5.210000038146973,5.300000190734863,5.150000095367432,5.190000057220459,5.190000057220459,2268400,EXEL
2013-05-01,5.179999828338623,5.190000057220459,4.730000019073486,4.739999771118164,4.739999771118164,1931900,EXEL
2013-05-02,4.760000228881836,4.849999904632568,4.619999885559082,4.690000057220459,4.690000057220459,2424600,EXEL
2013-05-03,4.78000020980835,4.849999904632568,4.690000057220459,4.690000057220459,4.690000057220459,957200,EXEL
2013-05-06,4.679999828338623,4.699999809265137,4.599999904632568,4.639999866485596,4.639999866485596,616300,EXEL
2013-05-07,4.639999866485596,4.659999847412109,4.579999923706055,4.590000152587891,4.590000152587891,1067200,EXEL
2013-05-08,4.670000076293945,4.940000057220459,4.650000095367432,4.929999828338623,4.929999828338623,1430900,EXEL
2013-05-09,4.940000057220459,4.96999979019165,4.809999942779541,4.820000171661377,4.820000171661377,709100,EXEL
2013-05-10,4.840000152587891,4.949999809265137,4.829999923706055,4.849999904632568,4.849999904632568,1201100,EXEL
2013-05-13,4.849999904632568,4.860000133514404,4.78000020980835,4.849999904632568,4.849999904632568,1856000,EXEL
2013-05-14,4.869999885559082,4.920000076293945,4.800000190734863,4.860000133514404,4.860000133514404,3427000,EXEL
2013-05-15,4.860000133514404,4.869999885559082,4.699999809265137,4.699999809265137,4.699999809265137,2232200,EXEL
2013-05-16,4.670000076293945,4.739999771118164,4.510000228881836,4.550000190734863,4.550000190734863,1866200,EXEL
2013-05-17,4.570000171661377,4.610000133514404,4.53000020980835,4.550000190734863,4.550000190734863,1370400,EXEL
2013-05-20,4.550000190734863,4.650000095367432,4.460000038146973,4.489999771118164,4.489999771118164,1679400,EXEL
2013-05-21,4.5,4.630000114440918,4.5,4.610000133514404,4.610000133514404,922200,EXEL
2013-05-22,4.630000114440918,4.760000228881836,4.510000228881836,4.579999923706055,4.579999923706055,1293200,EXEL
2013-05-23,4.53000020980835,4.78000020980835,4.510000228881836,4.769999980926514,4.769999980926514,1167100,EXEL
2013-05-24,4.769999980926514,4.800000190734863,4.670000076293945,4.739999771118164,4.739999771118164,773600,EXEL
2013-05-28,4.699999809265137,4.829999923706055,4.679999828338623,4.769999980926514,4.769999980926514,1166900,EXEL
2013-05-29,4.710000038146973,4.820000171661377,4.679999828338623,4.710000038146973,4.710000038146973,927300,EXEL
2013-05-30,4.71999979019165,4.820000171661377,4.690000057220459,4.820000171661377,4.820000171661377,773200,EXEL
2013-05-31,4.78000020980835,4.980000019073486,4.739999771118164,4.840000152587891,4.840000152587891,2029200,EXEL
2013-06-03,4.920000076293945,4.929999828338623,4.519999980926514,4.800000190734863,4.800000190734863,2046500,EXEL
2013-06-04,4.789999961853027,4.829999923706055,4.610000133514404,4.670000076293945,4.670000076293945,1202700,EXEL
2013-06-05,4.650000095367432,4.699999809265137,4.559999942779541,4.590000152587891,4.590000152587891,1957700,EXEL
2013-06-06,4.579999923706055,4.760000228881836,4.559999942779541,4.760000228881836,4.760000228881836,1403400,EXEL
2013-06-07,4.789999961853027,4.809999942779541,4.739999771118164,4.789999961853027,4.789999961853027,1005400,EXEL
2013-06-10,4.800000190734863,4.809999942779541,4.690000057220459,4.800000190734863,4.800000190734863,615700,EXEL
2013-06-11,4.739999771118164,4.840000152587891,4.650000095367432,4.769999980926514,4.769999980926514,753800,EXEL
2013-06-12,4.829999923706055,4.829999923706055,4.610000133514404,4.619999885559082,4.619999885559082,1016800,EXEL
2013-06-13,4.610000133514404,4.710000038146973,4.579999923706055,4.670000076293945,4.670000076293945,1670100,EXEL
2013-06-14,4.650000095367432,4.760000228881836,4.650000095367432,4.699999809265137,4.699999809265137,762400,EXEL
2013-06-17,4.730000019073486,4.75,4.590000152587891,4.670000076293945,4.670000076293945,1137000,EXEL
2013-06-18,4.679999828338623,4.820000171661377,4.610000133514404,4.820000171661377,4.820000171661377,1902100,EXEL
2013-06-19,4.800000190734863,4.840000152587891,4.710000038146973,4.71999979019165,4.71999979019165,1047200,EXEL
2013-06-20,4.699999809265137,4.710000038146973,4.519999980926514,4.559999942779541,4.559999942779541,2364100,EXEL
2013-06-21,4.590000152587891,4.619999885559082,4.5,4.510000228881836,4.510000228881836,4275600,EXEL
2013-06-24,4.5,4.570000171661377,4.360000133514404,4.449999809265137,4.449999809265137,1736400,EXEL
2013-06-25,4.510000228881836,4.53000020980835,4.389999866485596,4.460000038146973,4.460000038146973,1167000,EXEL
2013-06-26,4.5,4.53000020980835,4.409999847412109,4.420000076293945,4.420000076293945,1069500,EXEL
2013-06-27,4.519999980926514,4.53000020980835,4.440000057220459,4.46999979019165,4.46999979019165,933500,EXEL
2013-06-28,4.46999979019165,4.599999904632568,4.429999828338623,4.539999961853027,4.539999961853027,1370800,EXEL
2013-07-01,4.619999885559082,4.75,4.579999923706055,4.659999847412109,4.659999847412109,1386100,EXEL
2013-07-02,4.650000095367432,4.71999979019165,4.630000114440918,4.710000038146973,4.710000038146973,962700,EXEL
2013-07-03,4.699999809265137,4.739999771118164,4.650000095367432,4.659999847412109,4.659999847412109,437600,EXEL
2013-07-05,4.75,4.889999866485596,4.710000038146973,4.880000114440918,4.880000114440918,2249100,EXEL
2013-07-08,4.889999866485596,4.900000095367432,4.789999961853027,4.840000152587891,4.840000152587891,970000,EXEL
2013-07-09,4.860000133514404,4.889999866485596,4.739999771118164,4.78000020980835,4.78000020980835,717000,EXEL
2013-07-10,4.760000228881836,4.849999904632568,4.75,4.820000171661377,4.820000171661377,667300,EXEL
2013-07-11,4.880000114440918,4.909999847412109,4.829999923706055,4.880000114440918,4.880000114440918,1855800,EXEL
2013-07-12,4.900000095367432,4.980000019073486,4.860000133514404,4.909999847412109,4.909999847412109,1693400,EXEL
2013-07-15,4.929999828338623,5.0,4.880000114440918,4.96999979019165,4.96999979019165,1487400,EXEL
2013-07-16,4.989999771118164,5.050000190734863,4.960000038146973,5.010000228881836,5.010000228881836,2191000,EXEL
2013-07-17,5.03000020980835,5.179999828338623,5.019999980926514,5.090000152587891,5.090000152587891,2046900,EXEL
2013-07-18,5.130000114440918,5.269999980926514,5.090000152587891,5.269999980926514,5.269999980926514,5955300,EXEL
2013-07-19,5.260000228881836,5.480000019073486,5.199999809265137,5.440000057220459,5.440000057220459,3359700,EXEL
2013-07-22,5.429999828338623,5.510000228881836,5.400000095367432,5.489999771118164,5.489999771118164,3083900,EXEL
2013-07-23,5.5,5.550000190734863,5.380000114440918,5.440000057220459,5.440000057220459,5285400,EXEL
2013-07-24,5.480000019073486,5.510000228881836,5.119999885559082,5.159999847412109,5.159999847412109,2923600,EXEL
2013-07-25,5.139999866485596,5.170000076293945,5.0,5.159999847412109,5.159999847412109,1715400,EXEL
2013-07-26,5.099999904632568,5.110000133514404,4.889999866485596,4.900000095367432,4.900000095367432,3206000,EXEL
2013-07-29,4.889999866485596,4.889999866485596,4.760000228881836,4.809999942779541,4.809999942779541,1037900,EXEL
2013-07-30,4.840000152587891,5.050000190734863,4.800000190734863,5.050000190734863,5.050000190734863,1479600,EXEL
2013-07-31,5.070000171661377,5.099999904632568,4.96999979019165,5.059999942779541,5.059999942779541,1893900,EXEL
2013-08-01,5.090000152587891,5.179999828338623,5.010000228881836,5.179999828338623,5.179999828338623,1168700,EXEL
2013-08-02,5.199999809265137,5.380000114440918,5.199999809265137,5.25,5.25,4449400,EXEL
2013-08-05,5.260000228881836,5.300000190734863,5.170000076293945,5.210000038146973,5.210000038146973,1158900,EXEL
2013-08-06,5.190000057220459,5.25,5.079999923706055,5.110000133514404,5.110000133514404,1244400,EXEL
2013-08-07,5.070000171661377,5.199999809265137,4.710000038146973,4.980000019073486,4.980000019073486,3654500,EXEL
2013-08-08,5.03000020980835,5.070000171661377,4.880000114440918,4.940000057220459,4.940000057220459,1276000,EXEL
2013-08-09,4.909999847412109,5.019999980926514,4.880000114440918,4.949999809265137,4.949999809265137,664100,EXEL
2013-08-12,4.929999828338623,4.940000057220459,4.869999885559082,4.920000076293945,4.920000076293945,737700,EXEL
2013-08-13,4.929999828338623,4.980000019073486,4.860000133514404,4.889999866485596,4.889999866485596,516700,EXEL
2013-08-14,4.889999866485596,4.929999828338623,4.820000171661377,4.880000114440918,4.880000114440918,660000,EXEL
2013-08-15,4.820000171661377,4.920000076293945,4.800000190734863,4.809999942779541,4.809999942779541,903100,EXEL
2013-08-16,4.789999961853027,4.949999809265137,4.789999961853027,4.909999847412109,4.909999847412109,963800,EXEL
2013-08-19,4.900000095367432,5.050000190734863,4.880000114440918,4.880000114440918,4.880000114440918,1745200,EXEL
2013-08-20,4.869999885559082,5.099999904632568,4.869999885559082,5.079999923706055,5.079999923706055,1144500,EXEL
2013-08-21,5.059999942779541,5.199999809265137,5.050000190734863,5.079999923706055,5.079999923706055,1147100,EXEL
2013-08-22,5.110000133514404,5.179999828338623,5.050000190734863,5.159999847412109,5.159999847412109,631700,EXEL
2013-08-23,5.159999847412109,5.170000076293945,5.119999885559082,5.159999847412109,5.159999847412109,745600,EXEL
2013-08-26,5.139999866485596,5.25,5.110000133514404,5.150000095367432,5.150000095367432,1258100,EXEL
2013-08-27,5.110000133514404,5.170000076293945,4.989999771118164,4.989999771118164,4.989999771118164,919000,EXEL
2013-08-28,4.96999979019165,5.079999923706055,4.909999847412109,5.03000020980835,5.03000020980835,1077200,EXEL
2013-08-29,5.039999961853027,5.21999979019165,5.039999961853027,5.159999847412109,5.159999847412109,1444800,EXEL
2013-08-30,5.159999847412109,5.21999979019165,4.980000019073486,5.010000228881836,5.010000228881836,1792400,EXEL
2013-09-03,5.130000114440918,5.309999942779541,5.110000133514404,5.239999771118164,5.239999771118164,2412200,EXEL
2013-09-04,5.230000019073486,5.429999828338623,5.21999979019165,5.420000076293945,5.420000076293945,4669100,EXEL
2013-09-05,5.420000076293945,5.550000190734863,5.320000171661377,5.369999885559082,5.369999885559082,1203500,EXEL
2013-09-06,5.389999866485596,5.46999979019165,5.309999942779541,5.409999847412109,5.409999847412109,1508100,EXEL
2013-09-09,5.449999809265137,5.590000152587891,5.420000076293945,5.489999771118164,5.489999771118164,1944200,EXEL
2013-09-10,5.599999904632568,5.639999866485596,5.460000038146973,5.579999923706055,5.579999923706055,2013500,EXEL
2013-09-11,5.590000152587891,5.619999885559082,5.400000095367432,5.429999828338623,5.429999828338623,1076900,EXEL
2013-09-12,5.429999828338623,5.489999771118164,5.360000133514404,5.389999866485596,5.389999866485596,700500,EXEL
2013-09-13,5.409999847412109,5.409999847412109,5.289999961853027,5.349999904632568,5.349999904632568,2626400,EXEL
2013-09-16,5.409999847412109,5.429999828338623,5.289999961853027,5.309999942779541,5.309999942779541,1168100,EXEL
2013-09-17,5.289999961853027,5.400000095367432,5.269999980926514,5.380000114440918,5.380000114440918,650100,EXEL
2013-09-18,5.400000095367432,5.53000020980835,5.320000171661377,5.510000228881836,5.510000228881836,2550000,EXEL
2013-09-19,5.510000228881836,5.619999885559082,5.449999809265137,5.610000133514404,5.610000133514404,2159300,EXEL
2013-09-20,5.619999885559082,5.730000019073486,5.570000171661377,5.679999828338623,5.679999828338623,6133500,EXEL
2013-09-23,5.699999809265137,5.739999771118164,5.570000171661377,5.670000076293945,5.670000076293945,2725300,EXEL
2013-09-24,5.670000076293945,5.71999979019165,5.590000152587891,5.610000133514404,5.610000133514404,2122100,EXEL
2013-09-25,5.610000133514404,5.730000019073486,5.559999942779541,5.650000095367432,5.650000095367432,4865800,EXEL
2013-09-26,5.699999809265137,5.880000114440918,5.639999866485596,5.789999961853027,5.789999961853027,3683500,EXEL
2013-09-27,5.760000228881836,5.829999923706055,5.75,5.78000020980835,5.78000020980835,1067900,EXEL
2013-09-30,5.71999979019165,5.960000038146973,5.71999979019165,5.820000171661377,5.820000171661377,2545500,EXEL
2013-10-01,5.840000152587891,5.920000076293945,5.78000020980835,5.920000076293945,5.920000076293945,2249400,EXEL
2013-10-02,5.909999847412109,5.949999809265137,5.860000133514404,5.889999866485596,5.889999866485596,1791200,EXEL
2013-10-03,5.869999885559082,5.900000095367432,5.619999885559082,5.75,5.75,2033700,EXEL
2013-10-04,5.730000019073486,5.880000114440918,5.71999979019165,5.769999980926514,5.769999980926514,843400,EXEL
2013-10-07,5.71999979019165,5.730000019073486,5.510000228881836,5.550000190734863,5.550000190734863,1567900,EXEL
2013-10-08,5.53000020980835,5.570000171661377,5.230000019073486,5.25,5.25,2540800,EXEL
2013-10-09,5.260000228881836,5.340000152587891,5.099999904632568,5.210000038146973,5.210000038146973,2533600,EXEL
2013-10-10,5.260000228881836,5.369999885559082,5.21999979019165,5.28000020980835,5.28000020980835,1690900,EXEL
2013-10-11,5.309999942779541,5.409999847412109,5.25,5.300000190734863,5.300000190734863,2231700,EXEL
2013-10-14,5.269999980926514,5.340000152587891,5.199999809265137,5.340000152587891,5.340000152587891,1924000,EXEL
2013-10-15,5.349999904632568,5.440000057220459,5.21999979019165,5.239999771118164,5.239999771118164,1250000,EXEL
2013-10-16,5.269999980926514,5.440000057220459,5.239999771118164,5.429999828338623,5.429999828338623,1176100,EXEL
2013-10-17,5.409999847412109,5.5,5.360000133514404,5.420000076293945,5.420000076293945,1607800,EXEL
2013-10-18,5.5,5.510000228881836,5.320000171661377,5.389999866485596,5.389999866485596,1300600,EXEL
2013-10-21,5.389999866485596,5.449999809265137,5.260000228881836,5.329999923706055,5.329999923706055,1397800,EXEL
2013-10-22,5.329999923706055,5.420000076293945,5.300000190734863,5.349999904632568,5.349999904632568,1032400,EXEL
2013-10-23,5.309999942779541,5.5,5.300000190734863,5.449999809265137,5.449999809265137,936800,EXEL
2013-10-24,5.480000019073486,5.5,5.369999885559082,5.389999866485596,5.389999866485596,2653500,EXEL
2013-10-25,5.420000076293945,5.440000057220459,5.320000171661377,5.349999904632568,5.349999904632568,1290600,EXEL
2013-10-28,5.349999904632568,5.409999847412109,5.309999942779541,5.389999866485596,5.389999866485596,1295000,EXEL
2013-10-29,5.420000076293945,5.489999771118164,5.329999923706055,5.340000152587891,5.340000152587891,2417800,EXEL
2013-10-30,5.329999923706055,5.420000076293945,5.03000020980835,5.079999923706055,5.079999923706055,3162400,EXEL
2013-10-31,5.110000133514404,5.110000133514404,4.789999961853027,4.929999828338623,4.929999828338623,3025900,EXEL
2013-11-01,4.889999866485596,4.980000019073486,4.860000133514404,4.96999979019165,4.96999979019165,2923900,EXEL
2013-11-04,4.989999771118164,5.059999942779541,4.889999866485596,4.889999866485596,4.889999866485596,1550100,EXEL
2013-11-05,4.889999866485596,4.96999979019165,4.800000190734863,4.949999809265137,4.949999809265137,893200,EXEL
2013-11-06,4.96999979019165,4.989999771118164,4.78000020980835,4.789999961853027,4.789999961853027,1233500,EXEL
2013-11-07,4.820000171661377,4.869999885559082,4.659999847412109,4.730000019073486,4.730000019073486,1471100,EXEL
2013-11-08,4.71999979019165,5.090000152587891,4.71999979019165,5.0,5.0,1547000,EXEL
2013-11-11,5.110000133514404,5.110000133514404,4.949999809265137,5.0,5.0,1466500,EXEL
2013-11-12,5.239999771118164,5.349999904632568,4.900000095367432,4.96999979019165,4.96999979019165,1453900,EXEL
2013-11-13,4.949999809265137,5.190000057220459,4.920000076293945,5.190000057220459,5.190000057220459,1420500,EXEL
2013-11-14,5.210000038146973,5.369999885559082,5.139999866485596,5.340000152587891,5.340000152587891,1465500,EXEL
2013-11-15,5.340000152587891,5.369999885559082,5.239999771118164,5.289999961853027,5.289999961853027,1482800,EXEL
2013-11-18,5.289999961853027,5.429999828338623,5.21999979019165,5.289999961853027,5.289999961853027,1480400,EXEL
2013-11-19,5.269999980926514,5.340000152587891,5.210000038146973,5.28000020980835,5.28000020980835,652200,EXEL
2013-11-20,5.320000171661377,5.400000095367432,5.25,5.269999980926514,5.269999980926514,657800,EXEL
2013-11-21,5.300000190734863,5.590000152587891,5.289999961853027,5.579999923706055,5.579999923706055,1760800,EXEL
2013-11-22,5.619999885559082,5.690000057220459,5.550000190734863,5.610000133514404,5.610000133514404,940200,EXEL
2013-11-25,5.670000076293945,5.820000171661377,5.610000133514404,5.75,5.75,2753500,EXEL
2013-11-26,5.78000020980835,5.809999942779541,5.699999809265137,5.78000020980835,5.78000020980835,996700,EXEL
2013-11-27,5.78000020980835,5.820000171661377,5.590000152587891,5.630000114440918,5.630000114440918,2505700,EXEL
2013-11-29,5.679999828338623,5.900000095367432,5.650000095367432,5.829999923706055,5.829999923706055,779400,EXEL
2013-12-02,5.829999923706055,5.949999809265137,5.800000190734863,5.840000152587891,5.840000152587891,1783400,EXEL
2013-12-03,5.840000152587891,5.940000057220459,5.789999961853027,5.880000114440918,5.880000114440918,1134500,EXEL
2013-12-04,5.840000152587891,5.909999847412109,5.619999885559082,5.849999904632568,5.849999904632568,797900,EXEL
2013-12-05,5.840000152587891,5.929999828338623,5.820000171661377,5.820000171661377,5.820000171661377,640300,EXEL
2013-12-06,5.900000095367432,5.949999809265137,5.789999961853027,5.849999904632568,5.849999904632568,983800,EXEL
2013-12-09,5.860000133514404,6.0,5.860000133514404,6.0,6.0,3324900,EXEL
2013-12-10,6.0,6.03000020980835,5.849999904632568,5.869999885559082,5.869999885559082,1668300,EXEL
2013-12-11,5.960000038146973,5.960000038146973,5.639999866485596,5.730000019073486,5.730000019073486,1585900,EXEL
2013-12-12,5.710000038146973,5.889999866485596,5.699999809265137,5.820000171661377,5.820000171661377,913000,EXEL
2013-12-13,5.840000152587891,5.900000095367432,5.690000057220459,5.820000171661377,5.820000171661377,921000,EXEL
2013-12-16,5.889999866485596,5.909999847412109,5.690000057220459,5.71999979019165,5.71999979019165,1237500,EXEL
2013-12-17,5.739999771118164,5.760000228881836,5.539999961853027,5.659999847412109,5.659999847412109,1111300,EXEL
2013-12-18,5.690000057220459,5.730000019073486,5.5,5.630000114440918,5.630000114440918,2019400,EXEL
2013-12-19,5.610000133514404,5.829999923706055,5.610000133514404,5.800000190734863,5.800000190734863,1307700,EXEL
2013-12-20,5.840000152587891,5.940000057220459,5.599999904632568,5.860000133514404,5.860000133514404,3096800,EXEL
2013-12-23,5.889999866485596,6.139999866485596,5.889999866485596,5.96999979019165,5.96999979019165,1262300,EXEL
2013-12-24,5.949999809265137,6.019999980926514,5.929999828338623,5.980000019073486,5.980000019073486,409700,EXEL
2013-12-26,5.989999771118164,6.090000152587891,5.940000057220459,6.019999980926514,6.019999980926514,1014600,EXEL
2013-12-27,6.019999980926514,6.050000190734863,5.900000095367432,5.929999828338623,5.929999828338623,591400,EXEL
2013-12-30,5.960000038146973,5.989999771118164,5.829999923706055,5.949999809265137,5.949999809265137,900000,EXEL
2013-12-31,5.960000038146973,6.199999809265137,5.909999847412109,6.130000114440918,6.130000114440918,1348600,EXEL
2014-01-02,6.150000095367432,6.309999942779541,6.010000228881836,6.179999828338623,6.179999828338623,1747800,EXEL
2014-01-03,6.179999828338623,6.289999961853027,6.119999885559082,6.130000114440918,6.130000114440918,941700,EXEL
2014-01-06,6.380000114440918,6.840000152587891,6.239999771118164,6.809999942779541,6.809999942779541,6300400,EXEL
2014-01-07,6.940000057220459,7.269999980926514,6.829999923706055,6.849999904632568,6.849999904632568,5114000,EXEL
2014-01-08,6.860000133514404,7.199999809265137,6.829999923706055,7.0,7.0,2916800,EXEL
2014-01-09,7.010000228881836,7.21999979019165,6.940000057220459,7.190000057220459,7.190000057220459,3955300,EXEL
2014-01-10,7.269999980926514,7.510000228881836,7.119999885559082,7.440000057220459,7.440000057220459,3336600,EXEL
2014-01-13,7.46999979019165,7.96999979019165,7.380000114440918,7.920000076293945,7.920000076293945,4621800,EXEL
2014-01-14,7.949999809265137,8.329999923706055,7.929999828338623,8.210000038146973,8.210000038146973,4908900,EXEL
2014-01-15,8.369999885559082,8.380000114440918,7.800000190734863,8.069999694824219,8.069999694824219,4116400,EXEL
2014-01-16,7.980000019073486,8.180000305175781,7.860000133514404,8.149999618530273,8.149999618530273,1991400,EXEL
2014-01-17,8.140000343322754,8.229999542236328,8.039999961853027,8.079999923706055,8.079999923706055,1628600,EXEL
2014-01-21,8.180000305175781,8.34000015258789,7.940000057220459,8.239999771118164,8.239999771118164,2609000,EXEL
2014-01-22,8.279999732971191,8.40999984741211,7.940000057220459,8.039999961853027,8.039999961853027,6140900,EXEL
2014-01-23,8.180000305175781,8.260000228881836,7.829999923706055,8.010000228881836,8.010000228881836,18667600,EXEL
2014-01-24,7.940000057220459,8.09000015258789,7.619999885559082,7.639999866485596,7.639999866485596,8206200,EXEL
2014-01-27,7.610000133514404,7.639999866485596,6.849999904632568,7.099999904632568,7.099999904632568,5999200,EXEL
2014-01-28,6.929999828338623,7.21999979019165,6.809999942779541,6.960000038146973,6.960000038146973,8426200,EXEL
2014-01-29,7.039999961853027,7.099999904632568,6.840000152587891,6.920000076293945,6.920000076293945,3323200,EXEL
2014-01-30,6.960000038146973,7.239999771118164,6.929999828338623,7.019999980926514,7.019999980926514,4509800,EXEL
2014-01-31,6.880000114440918,7.019999980926514,6.78000020980835,6.880000114440918,6.880000114440918,2659700,EXEL
2014-02-03,6.880000114440918,6.900000095367432,6.489999771118164,6.53000020980835,6.53000020980835,2718000,EXEL
2014-02-04,6.550000190734863,6.730000019073486,6.489999771118164,6.619999885559082,6.619999885559082,2103700,EXEL
2014-02-05,6.599999904632568,6.630000114440918,6.28000020980835,6.539999961853027,6.539999961853027,2941200,EXEL
2014-02-06,6.539999961853027,6.670000076293945,6.449999809265137,6.599999904632568,6.599999904632568,2043800,EXEL
2014-02-07,6.579999923706055,7.230000019073486,6.550000190734863,7.199999809265137,7.199999809265137,3215700,EXEL
2014-02-10,7.159999847412109,7.389999866485596,7.019999980926514,7.269999980926514,7.269999980926514,2850500,EXEL
2014-02-11,7.309999942779541,7.429999828338623,7.190000057220459,7.260000228881836,7.260000228881836,1615400,EXEL
2014-02-12,7.269999980926514,7.369999885559082,7.170000076293945,7.28000020980835,7.28000020980835,3568600,EXEL
2014-02-13,7.179999828338623,7.369999885559082,7.110000133514404,7.28000020980835,7.28000020980835,1745200,EXEL
2014-02-14,7.289999961853027,7.489999771118164,7.150000095367432,7.210000038146973,7.210000038146973,1595700,EXEL
2014-02-18,7.269999980926514,7.340000152587891,7.210000038146973,7.28000020980835,7.28000020980835,1923600,EXEL
2014-02-19,7.239999771118164,7.320000171661377,7.099999904632568,7.179999828338623,7.179999828338623,2199900,EXEL
2014-02-20,7.159999847412109,7.260000228881836,6.96999979019165,7.159999847412109,7.159999847412109,2746400,EXEL
2014-02-21,6.960000038146973,7.130000114440918,6.380000114440918,7.019999980926514,7.019999980926514,5245000,EXEL
2014-02-24,7.03000020980835,7.119999885559082,6.900000095367432,6.929999828338623,6.929999828338623,1738000,EXEL
2014-02-25,6.900000095367432,7.070000171661377,6.900000095367432,7.039999961853027,7.039999961853027,1838200,EXEL
2014-02-26,7.050000190734863,7.409999847412109,6.96999979019165,7.28000020980835,7.28000020980835,4577200,EXEL
2014-02-27,7.28000020980835,7.349999904632568,7.179999828338623,7.300000190734863,7.300000190734863,2089400,EXEL
2014-02-28,7.329999923706055,7.480000019073486,6.940000057220459,7.059999942779541,7.059999942779541,3071800,EXEL
2014-03-03,6.940000057220459,7.190000057220459,6.800000190734863,7.170000076293945,7.170000076293945,1855500,EXEL
2014-03-04,7.239999771118164,7.510000228881836,7.170000076293945,7.380000114440918,7.380000114440918,2487600,EXEL
2014-03-05,7.389999866485596,7.579999923706055,7.329999923706055,7.389999866485596,7.389999866485596,1737600,EXEL
2014-03-06,7.400000095367432,7.400000095367432,6.849999904632568,6.900000095367432,6.900000095367432,3135900,EXEL
2014-03-07,6.980000019073486,6.989999771118164,6.659999847412109,6.789999961853027,6.789999961853027,2491100,EXEL
2014-03-10,6.760000228881836,6.840000152587891,6.610000133514404,6.670000076293945,6.670000076293945,2963200,EXEL
2014-03-11,6.659999847412109,6.78000020980835,6.360000133514404,6.389999866485596,6.389999866485596,7097300,EXEL
2014-03-12,6.349999904632568,6.5,6.139999866485596,6.269999980926514,6.269999980926514,5091300,EXEL
2014-03-13,6.28000020980835,6.349999904632568,6.099999904632568,6.130000114440918,6.130000114440918,2780700,EXEL
2014-03-14,6.099999904632568,6.309999942779541,6.050000190734863,6.269999980926514,6.269999980926514,1856300,EXEL
2014-03-17,6.039999961853027,6.349999904632568,6.039999961853027,6.139999866485596,6.139999866485596,1452900,EXEL
2014-03-18,6.170000076293945,6.360000133514404,6.150000095367432,6.289999961853027,6.289999961853027,1206900,EXEL
2014-03-19,6.28000020980835,6.46999979019165,6.230000019073486,6.400000095367432,6.400000095367432,1842600,EXEL
2014-03-20,6.380000114440918,6.5,6.25,6.5,6.5,2342700,EXEL
2014-03-21,6.510000228881836,6.610000133514404,6.179999828338623,6.289999961853027,6.289999961853027,4100200,EXEL
2014-03-24,6.199999809265137,6.360000133514404,6.059999942779541,6.269999980926514,6.269999980926514,3369500,EXEL
2014-03-25,6.610000133514404,6.659999847412109,6.230000019073486,6.440000057220459,6.440000057220459,5342100,EXEL
2014-03-26,4.460000038146973,4.5,3.869999885559082,3.9100000858306885,3.9100000858306885,54477800,EXEL
2014-03-27,4.070000171661377,4.079999923706055,3.8499999046325684,3.859999895095825,3.859999895095825,10767200,EXEL
2014-03-28,3.9000000953674316,3.9100000858306885,3.369999885559082,3.380000114440918,3.380000114440918,22914800,EXEL
2014-03-31,3.430000066757202,3.6500000953674316,3.430000066757202,3.5399999618530273,3.5399999618530273,15558200,EXEL
2014-04-01,3.6700000762939453,3.7200000286102295,3.5799999237060547,3.6700000762939453,3.6700000762939453,7169400,EXEL
2014-04-02,3.7200000286102295,3.7699999809265137,3.6500000953674316,3.690000057220459,3.690000057220459,5553500,EXEL
2014-04-03,3.700000047683716,3.7300000190734863,3.5299999713897705,3.5799999237060547,3.5799999237060547,4755500,EXEL
2014-04-04,3.740000009536743,3.75,3.5,3.619999885559082,3.619999885559082,9419300,EXEL
2014-04-07,3.6500000953674316,3.7300000190734863,3.5299999713897705,3.619999885559082,3.619999885559082,5342800,EXEL
2014-04-08,3.6700000762939453,3.75,3.5999999046325684,3.7300000190734863,3.7300000190734863,3893500,EXEL
2014-04-09,3.7699999809265137,3.8399999141693115,3.700000047683716,3.799999952316284,3.799999952316284,4461600,EXEL
2014-04-10,3.819999933242798,3.819999933242798,3.549999952316284,3.559999942779541,3.559999942779541,5288100,EXEL
2014-04-11,3.509999990463257,3.5899999141693115,3.3499999046325684,3.369999885559082,3.369999885559082,5925800,EXEL
2014-04-14,3.450000047683716,3.4700000286102295,3.2300000190734863,3.319999933242798,3.319999933242798,5346900,EXEL
2014-04-15,3.3399999141693115,3.3499999046325684,3.0199999809265137,3.2200000286102295,3.2200000286102295,9549800,EXEL
2014-04-16,3.2300000190734863,3.3299999237060547,3.1700000762939453,3.319999933242798,3.319999933242798,6960000,EXEL
2014-04-17,3.2799999713897705,3.440000057220459,3.259999990463257,3.2899999618530273,3.2899999618530273,2688100,EXEL
2014-04-21,3.3299999237060547,3.390000104904175,3.200000047683716,3.3499999046325684,3.3499999046325684,3387100,EXEL
2014-04-22,3.369999885559082,3.5899999141693115,3.369999885559082,3.5799999237060547,3.5799999237060547,4187200,EXEL
2014-04-23,3.5899999141693115,3.5999999046325684,3.390000104904175,3.450000047683716,3.450000047683716,4036900,EXEL
2014-04-24,3.4600000381469727,3.490000009536743,3.299999952316284,3.4100000858306885,3.4100000858306885,2641600,EXEL
2014-04-25,3.3499999046325684,3.390000104904175,3.259999990463257,3.259999990463257,3.259999990463257,3052000,EXEL
2014-04-28,3.369999885559082,3.390000104904175,3.200000047683716,3.319999933242798,3.319999933242798,3697800,EXEL
2014-04-29,3.369999885559082,3.430000066757202,3.319999933242798,3.380000114440918,3.380000114440918,3644300,EXEL
2014-04-30,3.4000000953674316,3.569999933242798,3.390000104904175,3.5399999618530273,3.5399999618530273,3572700,EXEL
2014-05-01,3.569999933242798,3.630000114440918,3.4700000286102295,3.5199999809265137,3.5199999809265137,4040400,EXEL
2014-05-02,3.5,3.509999990463257,3.2100000381469727,3.319999933242798,3.319999933242798,5802300,EXEL
2014-05-05,3.3399999141693115,3.4100000858306885,3.259999990463257,3.3499999046325684,3.3499999046325684,2211300,EXEL
2014-05-06,3.3299999237060547,3.380000114440918,3.2200000286102295,3.259999990463257,3.259999990463257,2824300,EXEL
2014-05-07,3.299999952316284,3.4100000858306885,3.1500000953674316,3.4000000953674316,3.4000000953674316,3559500,EXEL
2014-05-08,3.4200000762939453,3.5199999809265137,3.380000114440918,3.390000104904175,3.390000104904175,3001900,EXEL
2014-05-09,3.359999895095825,3.4600000381469727,3.2300000190734863,3.450000047683716,3.450000047683716,3317000,EXEL
2014-05-12,3.450000047683716,3.569999933242798,3.430000066757202,3.559999942779541,3.559999942779541,2542200,EXEL
2014-05-13,3.569999933242798,3.569999933242798,3.4100000858306885,3.440000057220459,3.440000057220459,1733200,EXEL
2014-05-14,3.450000047683716,3.5299999713897705,3.309999942779541,3.4000000953674316,3.4000000953674316,1918000,EXEL
2014-05-15,3.3499999046325684,3.450000047683716,3.299999952316284,3.430000066757202,3.430000066757202,1799500,EXEL
2014-05-16,3.4200000762939453,3.4200000762939453,3.2699999809265137,3.3299999237060547,3.3299999237060547,1697000,EXEL
2014-05-19,3.299999952316284,3.4200000762939453,3.2799999713897705,3.380000114440918,3.380000114440918,1507400,EXEL
2014-05-20,3.390000104904175,3.4000000953674316,3.259999990463257,3.2899999618530273,3.2899999618530273,2337000,EXEL
2014-05-21,3.2899999618530273,3.3499999046325684,3.2300000190734863,3.2699999809265137,3.2699999809265137,1798100,EXEL
2014-05-22,3.2899999618530273,3.4000000953674316,3.25,3.369999885559082,3.369999885559082,2054400,EXEL
2014-05-23,3.380000114440918,3.440000057220459,3.3299999237060547,3.440000057220459,3.440000057220459,1351400,EXEL
2014-05-27,3.450000047683716,3.549999952316284,3.380000114440918,3.430000066757202,3.430000066757202,2274900,EXEL
2014-05-28,3.450000047683716,3.490000009536743,3.3499999046325684,3.390000104904175,3.390000104904175,2082800,EXEL
2014-05-29,3.4000000953674316,3.4600000381469727,3.3499999046325684,3.380000114440918,3.380000114440918,1425300,EXEL
2014-05-30,3.4000000953674316,3.450000047683716,3.2699999809265137,3.309999942779541,3.309999942779541,2388400,EXEL
2014-06-02,3.309999942779541,3.369999885559082,3.2300000190734863,3.259999990463257,3.259999990463257,2648800,EXEL
2014-06-03,3.2699999809265137,3.2799999713897705,3.2100000381469727,3.2300000190734863,3.2300000190734863,2173700,EXEL
2014-06-04,3.2100000381469727,3.259999990463257,3.180000066757202,3.240000009536743,3.240000009536743,1890700,EXEL
2014-06-05,3.2799999713897705,3.3499999046325684,3.25,3.2799999713897705,3.2799999713897705,3191600,EXEL
2014-06-06,3.369999885559082,3.369999885559082,3.259999990463257,3.309999942779541,3.309999942779541,1660900,EXEL
2014-06-09,3.299999952316284,3.509999990463257,3.2799999713897705,3.509999990463257,3.509999990463257,3669400,EXEL
2014-06-10,3.5,3.5799999237060547,3.4200000762939453,3.5399999618530273,3.5399999618530273,2279100,EXEL
2014-06-11,3.5,3.549999952316284,3.380000114440918,3.4600000381469727,3.4600000381469727,1372200,EXEL
2014-06-12,3.4800000190734863,3.609999895095825,3.4100000858306885,3.450000047683716,3.450000047683716,3030200,EXEL
2014-06-13,3.4800000190734863,3.569999933242798,3.450000047683716,3.5,3.5,1973900,EXEL
2014-06-16,3.5,3.609999895095825,3.4700000286102295,3.559999942779541,3.559999942779541,2038500,EXEL
2014-06-17,3.5399999618530273,3.7100000381469727,3.509999990463257,3.630000114440918,3.630000114440918,3411900,EXEL
2014-06-18,3.640000104904175,3.680000066757202,3.5299999713897705,3.6500000953674316,3.6500000953674316,1466500,EXEL
2014-06-19,3.6500000953674316,3.680000066757202,3.5799999237060547,3.640000104904175,3.640000104904175,993900,EXEL
2014-06-20,3.640000104904175,3.7699999809265137,3.5799999237060547,3.7100000381469727,3.7100000381469727,4932800,EXEL
2014-06-23,3.7300000190734863,3.799999952316284,3.6500000953674316,3.680000066757202,3.680000066757202,1783800,EXEL
2014-06-24,3.690000057220459,3.7799999713897705,3.619999885559082,3.640000104904175,3.640000104904175,2144500,EXEL
2014-06-25,3.609999895095825,3.700000047683716,3.549999952316284,3.6500000953674316,3.6500000953674316,1633600,EXEL
2014-06-26,3.6600000858306885,3.6700000762939453,3.509999990463257,3.5399999618530273,3.5399999618530273,2819900,EXEL
2014-06-27,3.509999990463257,3.5799999237060547,3.390000104904175,3.4700000286102295,3.4700000286102295,3935500,EXEL
2014-06-30,3.5,3.509999990463257,3.380000114440918,3.390000104904175,3.390000104904175,2776500,EXEL
2014-07-01,3.4000000953674316,3.4800000190734863,3.3499999046325684,3.440000057220459,3.440000057220459,8587100,EXEL
2014-07-02,3.4800000190734863,3.6500000953674316,3.440000057220459,3.5999999046325684,3.5999999046325684,4918900,EXEL
2014-07-03,3.630000114440918,3.640000104904175,3.450000047683716,3.509999990463257,3.509999990463257,1438600,EXEL
2014-07-07,3.609999895095825,3.630000114440918,3.4000000953674316,3.4200000762939453,3.4200000762939453,2699100,EXEL
2014-07-08,3.430000066757202,3.450000047683716,3.299999952316284,3.3399999141693115,3.3399999141693115,2825000,EXEL
2014-07-09,3.4000000953674316,3.4000000953674316,3.2799999713897705,3.3299999237060547,3.3299999237060547,1754700,EXEL
2014-07-10,3.259999990463257,3.3299999237060547,3.2200000286102295,3.25,3.25,2027400,EXEL
2014-07-11,3.25,3.4000000953674316,3.25,3.3299999237060547,3.3299999237060547,1728800,EXEL
2014-07-14,3.680000066757202,4.139999866485596,3.450000047683716,4.090000152587891,4.090000152587891,38183400,EXEL
2014-07-15,4.079999923706055,4.099999904632568,3.640000104904175,3.6600000858306885,3.6600000858306885,16956300,EXEL
2014-07-16,3.700000047683716,3.799999952316284,3.609999895095825,3.6500000953674316,3.6500000953674316,4790800,EXEL
2014-07-17,3.5999999046325684,3.630000114440918,3.4000000953674316,3.430000066757202,3.430000066757202,7299900,EXEL
2014-07-18,3.4600000381469727,3.549999952316284,3.4200000762939453,3.5,3.5,4294600,EXEL
2014-07-21,3.4800000190734863,3.630000114440918,3.4000000953674316,3.5799999237060547,3.5799999237060547,3102400,EXEL
2014-07-22,3.619999885559082,3.7200000286102295,3.549999952316284,3.5899999141693115,3.5899999141693115,2999300,EXEL
2014-07-23,3.6500000953674316,3.7899999618530273,3.609999895095825,3.7799999713897705,3.7799999713897705,5749700,EXEL
2014-07-24,3.799999952316284,4.210000038146973,3.75,4.210000038146973,4.210000038146973,11870000,EXEL
2014-07-25,4.099999904632568,4.300000190734863,4.070000171661377,4.190000057220459,4.190000057220459,6997000,EXEL
2014-07-28,4.199999809265137,4.550000190734863,4.079999923706055,4.400000095367432,4.400000095367432,10349500,EXEL
2014-07-29,4.400000095367432,4.440000057220459,4.159999847412109,4.329999923706055,4.329999923706055,4020000,EXEL
2014-07-30,4.329999923706055,4.429999828338623,4.239999771118164,4.269999980926514,4.269999980926514,2521600,EXEL
2014-07-31,4.21999979019165,4.21999979019165,4.0,4.03000020980835,4.03000020980835,5028300,EXEL
2014-08-01,4.119999885559082,4.260000228881836,3.9800000190734863,4.190000057220459,4.190000057220459,5254700,EXEL
2014-08-04,4.239999771118164,4.239999771118164,4.039999961853027,4.110000133514404,4.110000133514404,2442000,EXEL
2014-08-05,4.090000152587891,4.179999828338623,4.03000020980835,4.130000114440918,4.130000114440918,2191500,EXEL
2014-08-06,4.099999904632568,4.159999847412109,4.050000190734863,4.090000152587891,4.090000152587891,1969100,EXEL
2014-08-07,4.090000152587891,4.179999828338623,4.03000020980835,4.099999904632568,4.099999904632568,2093300,EXEL
2014-08-08,4.099999904632568,4.269999980926514,4.059999942779541,4.210000038146973,4.210000038146973,2893400,EXEL
2014-08-11,4.239999771118164,4.320000171661377,4.159999847412109,4.230000019073486,4.230000019073486,1741800,EXEL
2014-08-12,4.21999979019165,4.230000019073486,4.139999866485596,4.150000095367432,4.150000095367432,1347200,EXEL
2014-08-13,4.159999847412109,4.269999980926514,4.150000095367432,4.239999771118164,4.239999771118164,1706900,EXEL
2014-08-14,4.199999809265137,4.28000020980835,4.170000076293945,4.239999771118164,4.239999771118164,1436200,EXEL
2014-08-15,4.289999961853027,4.320000171661377,4.119999885559082,4.199999809265137,4.199999809265137,2053000,EXEL
2014-08-18,4.239999771118164,4.309999942779541,4.150000095367432,4.25,4.25,2162400,EXEL
2014-08-19,4.28000020980835,4.28000020980835,4.079999923706055,4.130000114440918,4.130000114440918,2626000,EXEL
2014-08-20,4.110000133514404,4.170000076293945,4.079999923706055,4.110000133514404,4.110000133514404,1221500,EXEL
2014-08-21,4.099999904632568,4.179999828338623,4.050000190734863,4.090000152587891,4.090000152587891,1331800,EXEL
2014-08-22,4.090000152587891,4.139999866485596,4.059999942779541,4.110000133514404,4.110000133514404,995100,EXEL
2014-08-25,4.150000095367432,4.230000019073486,4.079999923706055,4.099999904632568,4.099999904632568,2062800,EXEL
2014-08-26,4.110000133514404,4.199999809265137,4.110000133514404,4.150000095367432,4.150000095367432,2122800,EXEL
2014-08-27,4.159999847412109,4.199999809265137,4.079999923706055,4.119999885559082,4.119999885559082,1894400,EXEL
2014-08-28,4.099999904632568,4.159999847412109,4.03000020980835,4.039999961853027,4.039999961853027,2095800,EXEL
2014-08-29,4.059999942779541,4.139999866485596,4.019999980926514,4.139999866485596,4.139999866485596,1392500,EXEL
2014-09-02,1.9199999570846558,2.059999942779541,1.840000033378601,1.850000023841858,1.850000023841858,43258900,EXEL
2014-09-03,1.850000023841858,1.940000057220459,1.850000023841858,1.899999976158142,1.899999976158142,17254500,EXEL
2014-09-04,1.899999976158142,1.909999966621399,1.850000023841858,1.850000023841858,1.850000023841858,9458300,EXEL
2014-09-05,1.850000023841858,1.8899999856948853,1.840000033378601,1.850000023841858,1.850000023841858,5458800,EXEL
2014-09-08,1.8899999856948853,1.8899999856948853,1.840000033378601,1.8600000143051147,1.8600000143051147,3227900,EXEL
2014-09-09,1.850000023841858,1.9199999570846558,1.850000023841858,1.8600000143051147,1.8600000143051147,4001100,EXEL
2014-09-10,1.8600000143051147,1.909999966621399,1.840000033378601,1.8899999856948853,1.8899999856948853,3919300,EXEL
2014-09-11,1.8899999856948853,1.9500000476837158,1.8799999952316284,1.909999966621399,1.909999966621399,2890200,EXEL
2014-09-12,1.9199999570846558,1.9299999475479126,1.850000023841858,1.8700000047683716,1.8700000047683716,3642100,EXEL
2014-09-15,1.850000023841858,1.8600000143051147,1.7400000095367432,1.7400000095367432,1.7400000095367432,4566200,EXEL
2014-09-16,1.75,1.75,1.600000023841858,1.6200000047683716,1.6200000047683716,7889100,EXEL
2014-09-17,1.6299999952316284,1.7200000286102295,1.6200000047683716,1.7000000476837158,1.7000000476837158,3013200,EXEL
2014-09-18,1.7200000286102295,1.75,1.7000000476837158,1.7200000286102295,1.7200000286102295,2125600,EXEL
2014-09-19,1.7100000381469727,1.7400000095367432,1.6799999475479126,1.7000000476837158,1.7000000476837158,7163500,EXEL
2014-09-22,1.75,1.75,1.649999976158142,1.649999976158142,1.649999976158142,2087800,EXEL
2014-09-23,1.649999976158142,1.6699999570846558,1.5499999523162842,1.5700000524520874,1.5700000524520874,6524200,EXEL
2014-09-24,1.5800000429153442,1.6299999952316284,1.5700000524520874,1.590000033378601,1.590000033378601,4854900,EXEL
2014-09-25,1.600000023841858,1.6100000143051147,1.5499999523162842,1.5499999523162842,1.5499999523162842,4414800,EXEL
2014-09-26,1.559999942779541,1.5800000429153442,1.5099999904632568,1.559999942779541,1.559999942779541,6118200,EXEL
2014-09-29,1.7999999523162842,1.7999999523162842,1.5800000429153442,1.590000033378601,1.590000033378601,13168800,EXEL
2014-09-30,1.600000023841858,1.6100000143051147,1.5199999809265137,1.5299999713897705,1.5299999713897705,4158300,EXEL
2014-10-01,1.5800000429153442,1.6299999952316284,1.4800000190734863,1.5099999904632568,1.5099999904632568,5015600,EXEL
2014-10-02,1.5199999809265137,1.5299999713897705,1.4800000190734863,1.5099999904632568,1.5099999904632568,4406100,EXEL
2014-10-03,1.5199999809265137,1.5399999618530273,1.5,1.5199999809265137,1.5199999809265137,2017100,EXEL
2014-10-06,1.5,1.5299999713897705,1.5,1.5199999809265137,1.5199999809265137,2265900,EXEL
2014-10-07,1.5,1.6100000143051147,1.4900000095367432,1.5199999809265137,1.5199999809265137,3643900,EXEL
2014-10-08,1.5099999904632568,1.5499999523162842,1.4800000190734863,1.5499999523162842,1.5499999523162842,2371600,EXEL
2014-10-09,1.5499999523162842,1.590000033378601,1.5199999809265137,1.5499999523162842,1.5499999523162842,3021700,EXEL
2014-10-10,1.5499999523162842,1.5800000429153442,1.4500000476837158,1.4500000476837158,1.4500000476837158,2853700,EXEL
2014-10-13,1.440000057220459,1.5099999904632568,1.350000023841858,1.4600000381469727,1.4600000381469727,2390300,EXEL
2014-10-14,1.4900000095367432,1.5299999713897705,1.4500000476837158,1.5199999809265137,1.5199999809265137,1565800,EXEL
2014-10-15,1.5,1.5700000524520874,1.4500000476837158,1.5499999523162842,1.5499999523162842,2003600,EXEL
2014-10-16,1.5299999713897705,1.649999976158142,1.5099999904632568,1.6200000047683716,1.6200000047683716,2023200,EXEL
2014-10-17,1.6799999475479126,1.6799999475479126,1.5499999523162842,1.5800000429153442,1.5800000429153442,1287800,EXEL
2014-10-20,1.5299999713897705,1.649999976158142,1.5299999713897705,1.649999976158142,1.649999976158142,1339900,EXEL
2014-10-21,1.649999976158142,1.649999976158142,1.5700000524520874,1.600000023841858,1.600000023841858,1226400,EXEL
2014-10-22,1.600000023841858,1.6200000047683716,1.5700000524520874,1.590000033378601,1.590000033378601,1280900,EXEL
2014-10-23,1.600000023841858,1.6399999856948853,1.590000033378601,1.6399999856948853,1.6399999856948853,1480600,EXEL
2014-10-24,1.6399999856948853,1.7000000476837158,1.590000033378601,1.690000057220459,1.690000057220459,2071600,EXEL
2014-10-27,1.6699999570846558,1.7200000286102295,1.6299999952316284,1.7000000476837158,1.7000000476837158,2412900,EXEL
2014-10-28,1.690000057220459,1.7599999904632568,1.6699999570846558,1.75,1.75,2130500,EXEL
2014-10-29,1.7300000190734863,1.75,1.7000000476837158,1.7000000476837158,1.7000000476837158,1629700,EXEL
2014-10-30,1.690000057220459,1.7200000286102295,1.6399999856948853,1.7200000286102295,1.7200000286102295,1648000,EXEL
2014-10-31,1.75,1.7699999809265137,1.6799999475479126,1.7000000476837158,1.7000000476837158,2006800,EXEL
2014-11-03,1.690000057220459,1.7200000286102295,1.659999966621399,1.7000000476837158,1.7000000476837158,2345600,EXEL
2014-11-04,1.690000057220459,1.7200000286102295,1.6100000143051147,1.649999976158142,1.649999976158142,2348900,EXEL
2014-11-05,1.7200000286102295,1.8300000429153442,1.6699999570846558,1.7000000476837158,1.7000000476837158,5679400,EXEL
2014-11-06,1.7400000095367432,1.75,1.659999966621399,1.6699999570846558,1.6699999570846558,1746800,EXEL
2014-11-07,1.659999966621399,1.75,1.649999976158142,1.7400000095367432,1.7400000095367432,1977900,EXEL
2014-11-10,1.75,1.809999942779541,1.7300000190734863,1.7899999618530273,1.7899999618530273,2811000,EXEL
2014-11-11,1.7899999618530273,1.8200000524520874,1.7599999904632568,1.7699999809265137,1.7699999809265137,2036800,EXEL
2014-11-12,1.7699999809265137,1.8200000524520874,1.7000000476837158,1.809999942779541,1.809999942779541,2869000,EXEL
2014-11-13,1.8200000524520874,1.8799999952316284,1.7599999904632568,1.7599999904632568,1.7599999904632568,2112300,EXEL
2014-11-14,1.7899999618530273,1.7999999523162842,1.7100000381469727,1.7300000190734863,1.7300000190734863,1517600,EXEL
2014-11-17,1.75,1.7799999713897705,1.7100000381469727,1.7599999904632568,1.7599999904632568,978800,EXEL
2014-11-18,1.7799999713897705,1.7999999523162842,1.7200000286102295,1.7400000095367432,1.7400000095367432,1320100,EXEL
2014-11-19,1.690000057220459,1.7300000190734863,1.6299999952316284,1.7000000476837158,1.7000000476837158,1592800,EXEL
2014-11-20,1.690000057220459,1.7699999809265137,1.649999976158142,1.7400000095367432,1.7400000095367432,1310600,EXEL
2014-11-21,1.7799999713897705,1.7799999713897705,1.690000057220459,1.7599999904632568,1.7599999904632568,1504600,EXEL
2014-11-24,1.75,1.7699999809265137,1.7000000476837158,1.7300000190734863,1.7300000190734863,1335300,EXEL
2014-11-25,1.7200000286102295,1.7400000095367432,1.6799999475479126,1.7200000286102295,1.7200000286102295,1218300,EXEL
2014-11-26,1.7200000286102295,1.7599999904632568,1.6799999475479126,1.7599999904632568,1.7599999904632568,1090700,EXEL
2014-11-28,1.75,1.7599999904632568,1.659999966621399,1.659999966621399,1.659999966621399,929200,EXEL
2014-12-01,1.649999976158142,1.649999976158142,1.3899999856948853,1.4900000095367432,1.4900000095367432,8213700,EXEL
2014-12-02,1.4600000381469727,1.5199999809265137,1.4299999475479126,1.4500000476837158,1.4500000476837158,4737700,EXEL
2014-12-03,1.4299999475479126,1.5099999904632568,1.4299999475479126,1.5,1.5,1877800,EXEL
2014-12-04,1.4299999475479126,1.5,1.4299999475479126,1.4600000381469727,1.4600000381469727,912900,EXEL
2014-12-05,1.4500000476837158,1.4700000286102295,1.399999976158142,1.409999966621399,1.409999966621399,1908400,EXEL
2014-12-08,1.399999976158142,1.399999976158142,1.2799999713897705,1.3200000524520874,1.3200000524520874,3869700,EXEL
2014-12-09,1.2799999713897705,1.4299999475479126,1.2799999713897705,1.3899999856948853,1.3899999856948853,2205800,EXEL
2014-12-10,1.409999966621399,1.4199999570846558,1.340000033378601,1.350000023841858,1.350000023841858,1666000,EXEL
2014-12-11,1.3700000047683716,1.409999966621399,1.340000033378601,1.399999976158142,1.399999976158142,1440500,EXEL
2014-12-12,1.3700000047683716,1.409999966621399,1.3600000143051147,1.399999976158142,1.399999976158142,870500,EXEL
2014-12-15,1.440000057220459,1.440000057220459,1.350000023841858,1.3600000143051147,1.3600000143051147,2162000,EXEL
2014-12-16,1.350000023841858,1.399999976158142,1.309999942779541,1.309999942779541,1.309999942779541,1960600,EXEL
2014-12-17,1.309999942779541,1.3700000047683716,1.2899999618530273,1.3600000143051147,1.3600000143051147,4195600,EXEL
2014-12-18,1.3799999952316284,1.409999966621399,1.2999999523162842,1.350000023841858,1.350000023841858,4019000,EXEL
2014-12-19,1.3899999856948853,1.4199999570846558,1.3200000524520874,1.3300000429153442,1.3300000429153442,12186700,EXEL
2014-12-22,1.3200000524520874,1.3300000429153442,1.2799999713897705,1.2999999523162842,1.2999999523162842,2821000,EXEL
2014-12-23,1.2999999523162842,1.3300000429153442,1.2599999904632568,1.2999999523162842,1.2999999523162842,2501100,EXEL
2014-12-24,1.2999999523162842,1.309999942779541,1.2699999809265137,1.2899999618530273,1.2899999618530273,803700,EXEL
2014-12-26,1.2699999809265137,1.340000033378601,1.2599999904632568,1.3300000429153442,1.3300000429153442,1667600,EXEL
2014-12-29,1.2999999523162842,1.3600000143051147,1.2999999523162842,1.350000023841858,1.350000023841858,2776200,EXEL
2014-12-30,1.3300000429153442,1.3799999952316284,1.3200000524520874,1.350000023841858,1.350000023841858,3472300,EXEL
2014-12-31,1.3300000429153442,1.4800000190734863,1.3200000524520874,1.440000057220459,1.440000057220459,2923100,EXEL
2015-01-02,1.4700000286102295,1.7000000476837158,1.4600000381469727,1.649999976158142,1.649999976158142,5256500,EXEL
2015-01-05,1.6699999570846558,1.7000000476837158,1.5399999618530273,1.6299999952316284,1.6299999952316284,2290500,EXEL
2015-01-06,1.6399999856948853,1.6399999856948853,1.559999942779541,1.5800000429153442,1.5800000429153442,1687200,EXEL
2015-01-07,1.600000023841858,1.6299999952316284,1.600000023841858,1.6299999952316284,1.6299999952316284,1407400,EXEL
2015-01-08,1.6699999570846558,1.9800000190734863,1.6699999570846558,1.7899999618530273,1.7899999618530273,9780200,EXEL
2015-01-09,1.8200000524520874,1.8200000524520874,1.7000000476837158,1.7599999904632568,1.7599999904632568,2085800,EXEL
2015-01-12,1.7899999618530273,1.7999999523162842,1.6299999952316284,1.649999976158142,1.649999976158142,2128000,EXEL
2015-01-13,1.6699999570846558,1.7300000190734863,1.6100000143051147,1.649999976158142,1.649999976158142,1498000,EXEL
2015-01-14,1.6299999952316284,1.7599999904632568,1.6299999952316284,1.6699999570846558,1.6699999570846558,986900,EXEL
2015-01-15,1.649999976158142,1.7699999809265137,1.6200000047683716,1.649999976158142,1.649999976158142,1395800,EXEL
2015-01-16,1.6299999952316284,1.7200000286102295,1.6100000143051147,1.659999966621399,1.659999966621399,1529100,EXEL
2015-01-20,1.649999976158142,1.7300000190734863,1.6100000143051147,1.7300000190734863,1.7300000190734863,1852900,EXEL
2015-01-21,1.7200000286102295,1.7400000095367432,1.6200000047683716,1.6399999856948853,1.6399999856948853,1513800,EXEL
2015-01-22,1.6399999856948853,1.659999966621399,1.600000023841858,1.6200000047683716,1.6200000047683716,1647900,EXEL
2015-01-23,1.600000023841858,1.649999976158142,1.600000023841858,1.6299999952316284,1.6299999952316284,1764700,EXEL
2015-01-26,1.6299999952316284,1.7300000190734863,1.6100000143051147,1.7200000286102295,1.7200000286102295,1731200,EXEL
2015-01-27,1.7300000190734863,1.7899999618530273,1.7100000381469727,1.7799999713897705,1.7799999713897705,1093000,EXEL
2015-01-28,1.7899999618530273,2.0799999237060547,1.7899999618530273,2.0399999618530273,2.0399999618530273,13484200,EXEL
2015-01-29,2.049999952316284,2.109999895095825,1.8700000047683716,1.9700000286102295,1.9700000286102295,6134900,EXEL
2015-01-30,1.9500000476837158,1.9700000286102295,1.809999942779541,1.8700000047683716,1.8700000047683716,3254600,EXEL
2015-02-02,1.9500000476837158,1.9500000476837158,1.7999999523162842,1.8300000429153442,1.8300000429153442,2882200,EXEL
2015-02-03,1.850000023841858,1.9299999475479126,1.809999942779541,1.909999966621399,1.909999966621399,3897700,EXEL
2015-02-04,1.909999966621399,1.909999966621399,1.7999999523162842,1.850000023841858,1.850000023841858,2425200,EXEL
2015-02-05,1.8700000047683716,1.9600000381469727,1.8600000143051147,1.899999976158142,1.899999976158142,2306500,EXEL
2015-02-06,1.899999976158142,2.009999990463257,1.8799999952316284,1.909999966621399,1.909999966621399,3214700,EXEL
2015-02-09,1.909999966621399,1.9900000095367432,1.8600000143051147,1.8899999856948853,1.8899999856948853,2304900,EXEL
2015-02-10,1.9199999570846558,2.2100000381469727,1.8899999856948853,2.190000057220459,2.190000057220459,8221500,EXEL
2015-02-11,2.240000009536743,2.4200000762939453,2.0999999046325684,2.1600000858306885,2.1600000858306885,8509200,EXEL
2015-02-12,2.180000066757202,2.3299999237060547,2.1600000858306885,2.2799999713897705,2.2799999713897705,4812600,EXEL
2015-02-13,2.259999990463257,2.5199999809265137,2.25,2.4800000190734863,2.4800000190734863,7204600,EXEL
2015-02-17,2.5,2.7100000381469727,2.4700000286102295,2.6700000762939453,2.6700000762939453,7661600,EXEL
2015-02-18,2.759999990463257,2.7799999713897705,2.5,2.7300000190734863,2.7300000190734863,6906600,EXEL
2015-02-19,2.950000047683716,2.990000009536743,2.75,2.819999933242798,2.819999933242798,8672900,EXEL
2015-02-20,2.9000000953674316,2.9100000858306885,2.7300000190734863,2.740000009536743,2.740000009536743,6166300,EXEL
2015-02-23,2.7100000381469727,2.7799999713897705,2.6700000762939453,2.75,2.75,4721400,EXEL
2015-02-24,2.7200000286102295,2.7699999809265137,2.5899999141693115,2.690000057220459,2.690000057220459,6831200,EXEL
2015-02-25,2.5,2.75,2.5,2.690000057220459,2.690000057220459,5308300,EXEL
2015-02-26,2.700000047683716,2.940000057220459,2.630000114440918,2.930000066757202,2.930000066757202,6088100,EXEL
2015-02-27,2.930000066757202,3.0,2.8299999237060547,2.930000066757202,2.930000066757202,5737800,EXEL
2015-03-02,2.9700000286102295,3.0999999046325684,2.930000066757202,3.0899999141693115,3.0899999141693115,4471700,EXEL
2015-03-03,3.0899999141693115,3.1600000858306885,2.9600000381469727,3.0,3.0,3734900,EXEL
2015-03-04,2.9800000190734863,3.0999999046325684,2.9700000286102295,3.049999952316284,3.049999952316284,3310600,EXEL
2015-03-05,3.0899999141693115,3.1600000858306885,3.0,3.109999895095825,3.109999895095825,3041300,EXEL
2015-03-06,3.0799999237060547,3.119999885559082,3.0199999809265137,3.0399999618530273,3.0399999618530273,2595100,EXEL
2015-03-09,3.059999942779541,3.0899999141693115,2.9700000286102295,3.0799999237060547,3.0799999237060547,2192900,EXEL
2015-03-10,3.009999990463257,3.109999895095825,2.9600000381469727,3.0299999713897705,3.0299999713897705,3133200,EXEL
2015-03-11,3.049999952316284,3.059999942779541,2.9100000858306885,2.930000066757202,2.930000066757202,3692300,EXEL
2015-03-12,2.950000047683716,2.950000047683716,2.609999895095825,2.690000057220459,2.690000057220459,5330000,EXEL
2015-03-13,2.6600000858306885,2.75,2.619999885559082,2.640000104904175,2.640000104904175,2434700,EXEL
2015-03-16,2.640000104904175,2.700000047683716,2.5899999141693115,2.640000104904175,2.640000104904175,2620400,EXEL
2015-03-17,2.619999885559082,2.700000047683716,2.5999999046325684,2.700000047683716,2.700000047683716,1734600,EXEL
2015-03-18,2.6600000858306885,2.809999942779541,2.609999895095825,2.75,2.75,2931500,EXEL
2015-03-19,2.7300000190734863,2.8399999141693115,2.7300000190734863,2.8399999141693115,2.8399999141693115,1581100,EXEL
2015-03-20,2.8499999046325684,2.990000009536743,2.75,2.819999933242798,2.819999933242798,12737500,EXEL
2015-03-23,2.799999952316284,2.890000104904175,2.700000047683716,2.880000114440918,2.880000114440918,1973500,EXEL
2015-03-24,2.890000104904175,2.9000000953674316,2.7300000190734863,2.740000009536743,2.740000009536743,2553300,EXEL
2015-03-25,2.759999990463257,2.759999990463257,2.509999990463257,2.569999933242798,2.569999933242798,2969500,EXEL
2015-03-26,2.5399999618530273,2.5999999046325684,2.450000047683716,2.490000009536743,2.490000009536743,2667400,EXEL
2015-03-27,2.490000009536743,2.549999952316284,2.4700000286102295,2.5399999618530273,2.5399999618530273,1983200,EXEL
2015-03-30,2.5999999046325684,2.700000047683716,2.5399999618530273,2.700000047683716,2.700000047683716,1868700,EXEL
2015-03-31,2.7200000286102295,2.7200000286102295,2.569999933242798,2.569999933242798,2.569999933242798,1801300,EXEL
2015-04-01,2.549999952316284,2.640000104904175,2.5199999809265137,2.5999999046325684,2.5999999046325684,1622500,EXEL
2015-04-02,2.619999885559082,2.680000066757202,2.569999933242798,2.6600000858306885,2.6600000858306885,902300,EXEL
2015-04-06,2.6700000762939453,2.7899999618530273,2.6600000858306885,2.740000009536743,2.740000009536743,1764100,EXEL
2015-04-07,2.7200000286102295,2.8499999046325684,2.7100000381469727,2.809999942779541,2.809999942779541,2715500,EXEL
2015-04-08,2.809999942779541,2.859999895095825,2.7899999618530273,2.8499999046325684,2.8499999046325684,1614100,EXEL
2015-04-09,3.0999999046325684,3.240000009536743,2.9100000858306885,3.009999990463257,3.009999990463257,8752300,EXEL
2015-04-10,3.0999999046325684,3.0999999046325684,2.9800000190734863,3.0399999618530273,3.0399999618530273,3038500,EXEL
2015-04-13,3.059999942779541,3.1600000858306885,3.009999990463257,3.140000104904175,3.140000104904175,2256800,EXEL
2015-04-14,3.1700000762939453,3.299999952316284,3.1500000953674316,3.2200000286102295,3.2200000286102295,4874800,EXEL
2015-04-15,3.2699999809265137,3.2899999618530273,3.0999999046325684,3.109999895095825,3.109999895095825,2974200,EXEL
2015-04-16,3.109999895095825,3.190000057220459,3.059999942779541,3.0999999046325684,3.0999999046325684,1879600,EXEL
2015-04-17,3.0999999046325684,3.140000104904175,3.0299999713897705,3.109999895095825,3.109999895095825,1718900,EXEL
2015-04-20,3.1500000953674316,3.180000066757202,3.049999952316284,3.1500000953674316,3.1500000953674316,1807800,EXEL
2015-04-21,3.190000057220459,3.190000057220459,3.059999942779541,3.069999933242798,3.069999933242798,1734800,EXEL
2015-04-22,3.109999895095825,3.1700000762939453,3.059999942779541,3.119999885559082,3.119999885559082,3111200,EXEL
2015-04-23,3.119999885559082,3.1500000953674316,3.0799999237060547,3.0999999046325684,3.0999999046325684,2082100,EXEL
2015-04-24,3.0899999141693115,3.140000104904175,3.069999933242798,3.0799999237060547,3.0799999237060547,1453700,EXEL
2015-04-27,3.0999999046325684,3.109999895095825,2.7699999809265137,2.8299999237060547,2.8299999237060547,3309100,EXEL
2015-04-28,2.8299999237060547,2.9000000953674316,2.6500000953674316,2.759999990463257,2.759999990463257,2422200,EXEL
2015-04-29,2.75,2.8499999046325684,2.700000047683716,2.740000009536743,2.740000009536743,2653300,EXEL
2015-04-30,2.700000047683716,2.75,2.509999990463257,2.569999933242798,2.569999933242798,4973400,EXEL
2015-05-01,2.7699999809265137,2.930000066757202,2.7200000286102295,2.8299999237060547,2.8299999237060547,4774400,EXEL
2015-05-04,2.8499999046325684,2.990000009536743,2.7899999618530273,2.940000057220459,2.940000057220459,4012600,EXEL
2015-05-05,2.940000057220459,2.9600000381469727,2.799999952316284,2.859999895095825,2.859999895095825,2597500,EXEL
2015-05-06,2.9000000953674316,2.950000047683716,2.8299999237060547,2.950000047683716,2.950000047683716,2885500,EXEL
2015-05-07,2.9200000762939453,3.119999885559082,2.8399999141693115,3.109999895095825,3.109999895095825,4871200,EXEL
2015-05-08,3.1500000953674316,3.619999885559082,3.140000104904175,3.430000066757202,3.430000066757202,13448600,EXEL
2015-05-11,3.5,3.559999942779541,3.390000104904175,3.4000000953674316,3.4000000953674316,4325800,EXEL
2015-05-12,3.3499999046325684,3.759999990463257,3.259999990463257,3.680000066757202,3.680000066757202,5478300,EXEL
2015-05-13,3.700000047683716,3.9200000762939453,3.609999895095825,3.6500000953674316,3.6500000953674316,7897700,EXEL
2015-05-14,3.7300000190734863,3.740000009536743,3.4600000381469727,3.4700000286102295,3.4700000286102295,6231200,EXEL
2015-05-15,3.4800000190734863,3.4800000190734863,3.200000047683716,3.369999885559082,3.369999885559082,4978400,EXEL
2015-05-18,3.3299999237060547,3.440000057220459,3.25,3.3399999141693115,3.3399999141693115,2368800,EXEL
2015-05-19,3.3399999141693115,3.359999895095825,3.180000066757202,3.2100000381469727,3.2100000381469727,2729800,EXEL
2015-05-20,3.180000066757202,3.240000009536743,3.0999999046325684,3.180000066757202,3.180000066757202,2535600,EXEL
2015-05-21,3.190000057220459,3.240000009536743,3.0799999237060547,3.140000104904175,3.140000104904175,2070700,EXEL
2015-05-22,3.140000104904175,3.1600000858306885,3.0399999618530273,3.1500000953674316,3.1500000953674316,2160000,EXEL
2015-05-26,3.1500000953674316,3.2200000286102295,3.0799999237060547,3.1500000953674316,3.1500000953674316,1504400,EXEL
2015-05-27,3.1500000953674316,3.299999952316284,3.109999895095825,3.2899999618530273,3.2899999618530273,2670100,EXEL
2015-05-28,3.2899999618530273,3.299999952316284,3.0999999046325684,3.130000114440918,3.130000114440918,3375600,EXEL
2015-05-29,3.190000057220459,3.2200000286102295,3.130000114440918,3.1500000953674316,3.1500000953674316,1769200,EXEL
2015-06-01,3.4800000190734863,3.549999952316284,3.2899999618530273,3.440000057220459,3.440000057220459,5189300,EXEL
2015-06-02,3.450000047683716,3.4800000190734863,3.319999933242798,3.3399999141693115,3.3399999141693115,2105200,EXEL
2015-06-03,3.359999895095825,3.390000104904175,3.180000066757202,3.240000009536743,3.240000009536743,2607700,EXEL
2015-06-04,3.25,3.2899999618530273,3.180000066757202,3.2799999713897705,3.2799999713897705,2255100,EXEL
2015-06-05,3.259999990463257,3.3499999046325684,3.240000009536743,3.3499999046325684,3.3499999046325684,1207400,EXEL
2015-06-08,3.3499999046325684,3.549999952316284,3.3499999046325684,3.4800000190734863,3.4800000190734863,2275300,EXEL
2015-06-09,3.509999990463257,3.5199999809265137,3.3499999046325684,3.390000104904175,3.390000104904175,1696500,EXEL
2015-06-10,3.390000104904175,3.4700000286102295,3.3299999237060547,3.450000047683716,3.450000047683716,1815600,EXEL
2015-06-11,3.490000009536743,3.5399999618530273,3.4600000381469727,3.5199999809265137,3.5199999809265137,2061900,EXEL
2015-06-12,3.5299999713897705,3.5999999046325684,3.450000047683716,3.559999942779541,3.559999942779541,2261400,EXEL
2015-06-15,3.559999942779541,3.5999999046325684,3.4100000858306885,3.450000047683716,3.450000047683716,2819400,EXEL
2015-06-16,3.430000066757202,3.5399999618530273,3.4200000762939453,3.4700000286102295,3.4700000286102295,1659100,EXEL
2015-06-17,3.509999990463257,3.5299999713897705,3.4600000381469727,3.5299999713897705,3.5299999713897705,1435600,EXEL
2015-06-18,3.559999942779541,3.640000104904175,3.5199999809265137,3.569999933242798,3.569999933242798,2747800,EXEL
2015-06-19,3.569999933242798,3.8499999046325684,3.5,3.8399999141693115,3.8399999141693115,6915700,EXEL
2015-06-22,3.8399999141693115,3.940000057220459,3.690000057220459,3.930000066757202,3.930000066757202,3803100,EXEL
2015-06-23,3.990000009536743,4.179999828338623,3.9700000286102295,4.03000020980835,4.03000020980835,4651300,EXEL
2015-06-24,4.050000190734863,4.110000133514404,3.809999942779541,3.8399999141693115,3.8399999141693115,2889800,EXEL
2015-06-25,3.8499999046325684,3.9200000762939453,3.75,3.819999933242798,3.819999933242798,2298500,EXEL
2015-06-26,3.799999952316284,3.799999952316284,3.509999990463257,3.7699999809265137,3.7699999809265137,6454800,EXEL
2015-06-29,3.619999885559082,3.700000047683716,3.5399999618530273,3.5399999618530273,3.5399999618530273,2654500,EXEL
2015-06-30,3.5799999237060547,3.7699999809265137,3.559999942779541,3.759999990463257,3.759999990463257,2747400,EXEL
2015-07-01,3.5999999046325684,3.7100000381469727,3.380000114440918,3.490000009536743,3.490000009536743,4620300,EXEL
2015-07-02,3.4800000190734863,3.4800000190734863,3.3399999141693115,3.440000057220459,3.440000057220459,1867800,EXEL
2015-07-06,3.369999885559082,3.5199999809265137,3.309999942779541,3.509999990463257,3.509999990463257,2275200,EXEL
2015-07-07,3.549999952316284,3.549999952316284,3.369999885559082,3.509999990463257,3.509999990463257,1677900,EXEL
2015-07-08,3.390000104904175,3.4700000286102295,3.319999933242798,3.3299999237060547,3.3299999237060547,1969300,EXEL
2015-07-09,3.390000104904175,3.509999990463257,3.380000114440918,3.430000066757202,3.430000066757202,1510500,EXEL
2015-07-10,3.4700000286102295,3.690000057220459,3.4600000381469727,3.680000066757202,3.680000066757202,1939700,EXEL
2015-07-13,3.7799999713897705,3.8499999046325684,3.7200000286102295,3.7899999618530273,3.7899999618530273,1881800,EXEL
2015-07-14,3.75,3.9200000762939453,3.7100000381469727,3.7799999713897705,3.7799999713897705,3599800,EXEL
2015-07-15,3.809999942779541,3.859999895095825,3.630000114440918,3.6600000858306885,3.6600000858306885,2824500,EXEL
2015-07-16,3.759999990463257,3.880000114440918,3.700000047683716,3.869999885559082,3.869999885559082,2299700,EXEL
2015-07-17,3.890000104904175,3.950000047683716,3.819999933242798,3.9100000858306885,3.9100000858306885,3023200,EXEL
2015-07-20,5.570000171661377,5.960000038146973,5.360000133514404,5.880000114440918,5.880000114440918,74607500,EXEL
2015-07-21,5.599999904632568,6.079999923706055,5.519999980926514,6.050000190734863,6.050000190734863,22463400,EXEL
2015-07-22,5.670000076293945,6.380000114440918,5.599999904632568,6.309999942779541,6.309999942779541,22854800,EXEL
2015-07-23,6.320000171661377,6.349999904632568,5.760000228881836,5.880000114440918,5.880000114440918,13788500,EXEL
2015-07-24,5.75,5.869999885559082,5.440000057220459,5.590000152587891,5.590000152587891,19410800,EXEL
2015-07-27,5.5,5.579999923706055,5.269999980926514,5.440000057220459,5.440000057220459,6605200,EXEL
2015-07-28,5.480000019073486,5.610000133514404,5.360000133514404,5.409999847412109,5.409999847412109,5544600,EXEL
2015-07-29,5.46999979019165,5.75,5.380000114440918,5.599999904632568,5.599999904632568,5971700,EXEL
2015-07-30,5.53000020980835,5.650000095367432,5.449999809265137,5.539999961853027,5.539999961853027,3477100,EXEL
2015-07-31,5.519999980926514,6.119999885559082,5.510000228881836,5.730000019073486,5.730000019073486,7412200,EXEL
2015-08-03,5.769999980926514,6.309999942779541,5.760000228881836,6.119999885559082,6.119999885559082,6499100,EXEL
2015-08-04,6.25,6.670000076293945,6.25,6.619999885559082,6.619999885559082,14632500,EXEL
2015-08-05,6.690000057220459,6.809999942779541,6.21999979019165,6.28000020980835,6.28000020980835,9731400,EXEL
2015-08-06,6.300000190734863,6.400000095367432,5.840000152587891,5.889999866485596,5.889999866485596,7384800,EXEL
2015-08-07,5.909999847412109,5.989999771118164,5.650000095367432,5.900000095367432,5.900000095367432,5105900,EXEL
2015-08-10,6.0,6.199999809265137,5.929999828338623,5.980000019073486,5.980000019073486,4751100,EXEL
2015-08-11,5.940000057220459,5.940000057220459,5.599999904632568,5.71999979019165,5.71999979019165,4488600,EXEL
2015-08-12,5.659999847412109,5.940000057220459,5.460000038146973,5.849999904632568,5.849999904632568,6158500,EXEL
2015-08-13,5.900000095367432,6.25,5.880000114440918,5.909999847412109,5.909999847412109,5528200,EXEL
2015-08-14,5.889999866485596,5.949999809265137,5.670000076293945,5.820000171661377,5.820000171661377,3339400,EXEL
2015-08-17,5.820000171661377,6.050000190734863,5.730000019073486,6.050000190734863,6.050000190734863,2732100,EXEL
2015-08-18,6.010000228881836,6.039999961853027,5.710000038146973,5.71999979019165,5.71999979019165,3536000,EXEL
2015-08-19,5.690000057220459,5.809999942779541,5.5,5.71999979019165,5.71999979019165,4445100,EXEL
2015-08-20,5.590000152587891,5.650000095367432,5.389999866485596,5.400000095367432,5.400000095367432,5323500,EXEL
2015-08-21,5.269999980926514,5.400000095367432,4.889999866485596,5.25,5.25,10380200,EXEL
2015-08-24,4.809999942779541,5.079999923706055,4.559999942779541,5.079999923706055,5.079999923706055,8358100,EXEL
2015-08-25,5.710000038146973,5.71999979019165,5.179999828338623,5.21999979019165,5.21999979019165,5337300,EXEL
2015-08-26,5.46999979019165,5.639999866485596,5.099999904632568,5.639999866485596,5.639999866485596,6019400,EXEL
2015-08-27,6.0,6.230000019073486,5.730000019073486,6.090000152587891,6.090000152587891,11484600,EXEL
2015-08-28,6.050000190734863,6.170000076293945,5.960000038146973,6.050000190734863,6.050000190734863,4767700,EXEL
2015-08-31,6.039999961853027,6.150000095367432,5.920000076293945,5.949999809265137,5.949999809265137,10137700,EXEL
2015-09-01,5.75,5.849999904632568,5.46999979019165,5.599999904632568,5.599999904632568,10047500,EXEL
2015-09-02,5.670000076293945,5.900000095367432,5.559999942779541,5.900000095367432,5.900000095367432,5858100,EXEL
2015-09-03,5.940000057220459,5.989999771118164,5.539999961853027,5.559999942779541,5.559999942779541,5137700,EXEL
2015-09-04,5.5,5.739999771118164,5.460000038146973,5.639999866485596,5.639999866485596,2916300,EXEL
2015-09-08,5.78000020980835,6.0,5.670000076293945,5.940000057220459,5.940000057220459,4947500,EXEL
2015-09-09,6.019999980926514,6.070000171661377,5.71999979019165,5.760000228881836,5.760000228881836,3626500,EXEL
2015-09-10,5.699999809265137,5.900000095367432,5.659999847412109,5.869999885559082,5.869999885559082,3742800,EXEL
2015-09-11,5.860000133514404,5.920000076293945,5.760000228881836,5.909999847412109,5.909999847412109,2534100,EXEL
2015-09-14,5.909999847412109,5.949999809265137,5.809999942779541,5.929999828338623,5.929999828338623,2905000,EXEL
2015-09-15,5.920000076293945,6.210000038146973,5.860000133514404,6.210000038146973,6.210000038146973,6356400,EXEL
2015-09-16,6.21999979019165,6.300000190734863,6.050000190734863,6.210000038146973,6.210000038146973,7105500,EXEL
2015-09-17,6.190000057220459,6.28000020980835,6.059999942779541,6.21999979019165,6.21999979019165,5583000,EXEL
2015-09-18,6.150000095367432,6.769999980926514,6.119999885559082,6.53000020980835,6.53000020980835,17299800,EXEL
2015-09-21,6.599999904632568,6.630000114440918,6.130000114440918,6.400000095367432,6.400000095367432,8006900,EXEL
2015-09-22,6.28000020980835,6.329999923706055,6.010000228881836,6.239999771118164,6.239999771118164,6045600,EXEL
2015-09-23,6.289999961853027,6.329999923706055,6.090000152587891,6.25,6.25,4439400,EXEL
2015-09-24,6.159999847412109,6.409999847412109,6.010000228881836,6.199999809265137,6.199999809265137,6472300,EXEL
2015-09-25,6.349999904632568,6.380000114440918,5.840000152587891,5.909999847412109,5.909999847412109,7652200,EXEL
2015-09-28,5.849999904632568,5.889999866485596,5.46999979019165,5.659999847412109,5.659999847412109,9366600,EXEL
2015-09-29,5.760000228881836,6.079999923706055,5.480000019073486,5.590000152587891,5.590000152587891,6131600,EXEL
2015-09-30,5.75,5.929999828338623,5.449999809265137,5.610000133514404,5.610000133514404,7423800,EXEL
2015-10-01,5.650000095367432,5.760000228881836,5.400000095367432,5.730000019073486,5.730000019073486,5658900,EXEL
2015-10-02,5.619999885559082,5.909999847412109,5.550000190734863,5.909999847412109,5.909999847412109,4530100,EXEL
2015-10-05,5.980000019073486,6.070000171661377,5.679999828338623,5.900000095367432,5.900000095367432,4262300,EXEL
2015-10-06,6.059999942779541,6.099999904632568,5.559999942779541,5.78000020980835,5.78000020980835,6627700,EXEL
2015-10-07,5.820000171661377,5.96999979019165,5.550000190734863,5.909999847412109,5.909999847412109,4981900,EXEL
2015-10-08,5.880000114440918,5.929999828338623,5.650000095367432,5.849999904632568,5.849999904632568,3401100,EXEL
2015-10-09,5.840000152587891,5.989999771118164,5.760000228881836,5.989999771118164,5.989999771118164,2923300,EXEL
2015-10-12,6.0,6.0,5.75,5.78000020980835,5.78000020980835,3324200,EXEL
2015-10-13,5.75,5.800000190734863,5.53000020980835,5.53000020980835,5.53000020980835,4841100,EXEL
2015-10-14,5.559999942779541,5.699999809265137,5.449999809265137,5.599999904632568,5.599999904632568,3532400,EXEL
2015-10-15,5.579999923706055,5.75,5.489999771118164,5.75,5.75,3144600,EXEL
2015-10-16,5.75,5.869999885559082,5.679999828338623,5.800000190734863,5.800000190734863,3211800,EXEL
2015-10-19,5.800000190734863,5.869999885559082,5.599999904632568,5.800000190734863,5.800000190734863,3064300,EXEL
2015-10-20,5.75,5.800000190734863,5.510000228881836,5.519999980926514,5.519999980926514,4319700,EXEL
2015-10-21,5.53000020980835,5.579999923706055,5.25,5.489999771118164,5.489999771118164,4888300,EXEL
2015-10-22,5.53000020980835,5.670000076293945,5.400000095367432,5.570000171661377,5.570000171661377,2876000,EXEL
2015-10-23,5.650000095367432,5.809999942779541,5.610000133514404,5.789999961853027,5.789999961853027,3888800,EXEL
2015-10-26,5.739999771118164,5.929999828338623,5.659999847412109,5.809999942779541,5.809999942779541,2387500,EXEL
2015-10-27,5.760000228881836,5.920000076293945,5.71999979019165,5.860000133514404,5.860000133514404,2203900,EXEL
2015-10-28,5.869999885559082,6.070000171661377,5.78000020980835,6.070000171661377,6.070000171661377,4568500,EXEL
2015-10-29,6.070000171661377,6.230000019073486,5.880000114440918,5.880000114440918,5.880000114440918,4402700,EXEL
2015-10-30,5.960000038146973,6.079999923706055,5.880000114440918,6.019999980926514,6.019999980926514,3202900,EXEL
2015-11-02,6.019999980926514,6.239999771118164,6.019999980926514,6.150000095367432,6.150000095367432,4596700,EXEL
2015-11-03,6.159999847412109,6.289999961853027,6.079999923706055,6.190000057220459,6.190000057220459,3283900,EXEL
2015-11-04,6.199999809265137,6.289999961853027,6.099999904632568,6.210000038146973,6.210000038146973,2341900,EXEL
2015-11-05,6.239999771118164,6.25,6.050000190734863,6.139999866485596,6.139999866485596,2444300,EXEL
2015-11-06,6.119999885559082,6.239999771118164,6.0,6.230000019073486,6.230000019073486,3300500,EXEL
2015-11-09,6.25,6.25,6.03000020980835,6.099999904632568,6.099999904632568,3504600,EXEL
2015-11-10,6.059999942779541,6.420000076293945,5.829999923706055,6.329999923706055,6.329999923706055,8464600,EXEL
2015-11-11,6.050000190734863,6.099999904632568,5.679999828338623,5.739999771118164,5.739999771118164,6884400,EXEL
2015-11-12,5.760000228881836,5.760000228881836,5.400000095367432,5.420000076293945,5.420000076293945,4574400,EXEL
2015-11-13,5.420000076293945,5.550000190734863,5.380000114440918,5.400000095367432,5.400000095367432,3106300,EXEL
2015-11-16,5.429999828338623,5.510000228881836,5.300000190734863,5.480000019073486,5.480000019073486,3546500,EXEL
2015-11-17,5.480000019073486,5.710000038146973,5.429999828338623,5.639999866485596,5.639999866485596,4191600,EXEL
2015-11-18,5.639999866485596,5.809999942779541,5.510000228881836,5.800000190734863,5.800000190734863,7347400,EXEL
2015-11-19,5.800000190734863,5.820000171661377,5.559999942779541,5.579999923706055,5.579999923706055,2141800,EXEL
2015-11-20,5.539999961853027,5.650000095367432,5.429999828338623,5.449999809265137,5.449999809265137,3708000,EXEL
2015-11-23,5.550000190734863,5.650000095367432,5.409999847412109,5.550000190734863,5.550000190734863,3116000,EXEL
2015-11-24,5.539999961853027,5.590000152587891,5.449999809265137,5.5,5.5,3462000,EXEL
2015-11-25,5.489999771118164,5.639999866485596,5.420000076293945,5.489999771118164,5.489999771118164,2948800,EXEL
2015-11-27,5.5,5.570000171661377,5.309999942779541,5.46999979019165,5.46999979019165,2120600,EXEL
2015-11-30,5.550000190734863,5.75,5.480000019073486,5.71999979019165,5.71999979019165,4360500,EXEL
2015-12-01,5.730000019073486,5.789999961853027,5.519999980926514,5.760000228881836,5.760000228881836,6445500,EXEL
2015-12-02,5.730000019073486,5.800000190734863,5.630000114440918,5.639999866485596,5.639999866485596,2092600,EXEL
2015-12-03,5.679999828338623,5.679999828338623,5.28000020980835,5.360000133514404,5.360000133514404,5414300,EXEL
2015-12-04,5.300000190734863,5.440000057220459,5.179999828338623,5.400000095367432,5.400000095367432,4251600,EXEL
2015-12-07,5.349999904632568,5.429999828338623,5.150000095367432,5.159999847412109,5.159999847412109,3549600,EXEL
2015-12-08,5.110000133514404,5.230000019073486,5.039999961853027,5.139999866485596,5.139999866485596,3424800,EXEL
2015-12-09,5.079999923706055,5.119999885559082,4.800000190734863,4.809999942779541,4.809999942779541,4715500,EXEL
2015-12-10,4.800000190734863,5.019999980926514,4.75,5.019999980926514,5.019999980926514,3115800,EXEL
2015-12-11,4.909999847412109,5.019999980926514,4.730000019073486,4.789999961853027,4.789999961853027,4330400,EXEL
2015-12-14,4.880000114440918,5.019999980926514,4.699999809265137,4.880000114440918,4.880000114440918,5892500,EXEL
2015-12-15,4.889999866485596,4.96999979019165,4.769999980926514,4.889999866485596,4.889999866485596,4156400,EXEL
2015-12-16,4.909999847412109,5.099999904632568,4.840000152587891,5.090000152587891,5.090000152587891,5118100,EXEL
2015-12-17,5.090000152587891,5.139999866485596,4.900000095367432,5.03000020980835,5.03000020980835,3119000,EXEL
2015-12-18,5.0,5.050000190734863,4.900000095367432,4.989999771118164,4.989999771118164,7029500,EXEL
2015-12-21,5.010000228881836,5.059999942779541,4.900000095367432,4.980000019073486,4.980000019073486,2603200,EXEL
2015-12-22,4.989999771118164,5.039999961853027,4.909999847412109,4.989999771118164,4.989999771118164,2527400,EXEL
2015-12-23,5.019999980926514,5.579999923706055,5.019999980926514,5.510000228881836,5.510000228881836,6172600,EXEL
2015-12-24,5.5,5.550000190734863,5.28000020980835,5.289999961853027,5.289999961853027,1606500,EXEL
2015-12-28,5.239999771118164,5.5,5.199999809265137,5.46999979019165,5.46999979019165,3017600,EXEL
2015-12-29,5.46999979019165,5.710000038146973,5.449999809265137,5.710000038146973,5.710000038146973,2623200,EXEL
2015-12-30,5.679999828338623,5.840000152587891,5.619999885559082,5.650000095367432,5.650000095367432,2989800,EXEL
2015-12-31,5.650000095367432,5.78000020980835,5.599999904632568,5.639999866485596,5.639999866485596,3728000,EXEL
2016-01-04,5.5,5.579999923706055,5.409999847412109,5.489999771118164,5.489999771118164,3801000,EXEL
2016-01-05,5.820000171661377,5.849999904632568,5.25,5.269999980926514,5.269999980926514,10932400,EXEL
2016-01-06,5.159999847412109,5.440000057220459,5.139999866485596,5.289999961853027,5.289999961853027,4140100,EXEL
2016-01-07,5.139999866485596,5.190000057220459,4.869999885559082,4.929999828338623,4.929999828338623,4613000,EXEL
2016-01-08,4.980000019073486,5.050000190734863,4.840000152587891,4.889999866485596,4.889999866485596,3546100,EXEL
2016-01-11,4.949999809265137,4.989999771118164,4.400000095367432,4.639999866485596,4.639999866485596,5463700,EXEL
2016-01-12,4.710000038146973,4.860000133514404,4.300000190734863,4.559999942779541,4.559999942779541,5788000,EXEL
2016-01-13,4.599999904632568,4.650000095367432,4.150000095367432,4.170000076293945,4.170000076293945,4625900,EXEL
2016-01-14,4.199999809265137,4.559999942779541,4.099999904632568,4.480000019073486,4.480000019073486,4821000,EXEL
2016-01-15,4.199999809265137,4.449999809265137,4.150000095367432,4.230000019073486,4.230000019073486,5425700,EXEL
2016-01-19,4.380000114440918,4.460000038146973,4.099999904632568,4.150000095367432,4.150000095367432,5620200,EXEL
2016-01-20,4.010000228881836,4.570000171661377,3.619999885559082,4.5,4.5,7754400,EXEL
2016-01-21,4.429999828338623,4.619999885559082,4.239999771118164,4.369999885559082,4.369999885559082,3026900,EXEL
2016-01-22,4.519999980926514,4.599999904632568,4.320000171661377,4.590000152587891,4.590000152587891,3325600,EXEL
2016-01-25,4.550000190734863,4.849999904632568,4.449999809265137,4.650000095367432,4.650000095367432,4526000,EXEL
2016-01-26,4.659999847412109,4.75,4.369999885559082,4.650000095367432,4.650000095367432,3863100,EXEL
2016-01-27,4.639999866485596,4.659999847412109,4.260000228881836,4.300000190734863,4.300000190734863,3773400,EXEL
2016-01-28,4.510000228881836,4.539999961853027,4.119999885559082,4.179999828338623,4.179999828338623,4229200,EXEL
2016-01-29,4.199999809265137,4.630000114440918,4.170000076293945,4.619999885559082,4.619999885559082,4903300,EXEL
2016-02-01,4.599999904632568,4.880000114440918,4.329999923706055,4.550000190734863,4.550000190734863,6369800,EXEL
2016-02-02,4.489999771118164,4.619999885559082,4.360000133514404,4.429999828338623,4.429999828338623,3245300,EXEL
2016-02-03,4.449999809265137,4.590000152587891,4.210000038146973,4.429999828338623,4.429999828338623,3680100,EXEL
2016-02-04,4.300000190734863,4.78000020980835,4.239999771118164,4.75,4.75,4619800,EXEL
2016-02-05,4.789999961853027,4.789999961853027,4.460000038146973,4.539999961853027,4.539999961853027,5855500,EXEL
2016-02-08,4.460000038146973,4.5,4.21999979019165,4.25,4.25,4463700,EXEL
2016-02-09,4.119999885559082,4.460000038146973,4.0,4.239999771118164,4.239999771118164,6830600,EXEL
2016-02-10,4.320000171661377,4.5,4.230000019073486,4.230000019073486,4.230000019073486,3537900,EXEL
2016-02-11,4.130000114440918,4.25,3.9800000190734863,4.199999809265137,4.199999809265137,7003700,EXEL
2016-02-12,4.329999923706055,4.329999923706055,4.010000228881836,4.199999809265137,4.199999809265137,4811400,EXEL
2016-02-16,4.260000228881836,4.360000133514404,4.130000114440918,4.21999979019165,4.21999979019165,6497000,EXEL
2016-02-17,4.429999828338623,4.429999828338623,4.25,4.409999847412109,4.409999847412109,4592600,EXEL
2016-02-18,4.400000095367432,4.409999847412109,4.070000171661377,4.070000171661377,4.070000171661377,3499700,EXEL
2016-02-19,4.039999961853027,4.090000152587891,3.9800000190734863,4.090000152587891,4.090000152587891,4235700,EXEL
2016-02-22,4.179999828338623,4.190000057220459,4.039999961853027,4.079999923706055,4.079999923706055,2483300,EXEL
2016-02-23,4.03000020980835,4.079999923706055,3.880000114440918,3.880000114440918,3.880000114440918,2808000,EXEL
2016-02-24,3.799999952316284,3.9000000953674316,3.680000066757202,3.869999885559082,3.869999885559082,3188100,EXEL
2016-02-25,3.869999885559082,3.9700000286102295,3.7799999713897705,3.819999933242798,3.819999933242798,2503500,EXEL
2016-02-26,3.819999933242798,3.9000000953674316,3.7300000190734863,3.8499999046325684,3.8499999046325684,2509500,EXEL
2016-02-29,3.819999933242798,3.859999895095825,3.640000104904175,3.640000104904175,3.640000104904175,4493000,EXEL
2016-03-01,4.230000019073486,4.25,3.7699999809265137,3.8299999237060547,3.8299999237060547,17222000,EXEL
2016-03-02,3.9100000858306885,4.110000133514404,3.8399999141693115,3.869999885559082,3.869999885559082,10627200,EXEL
2016-03-03,3.8499999046325684,4.0,3.809999942779541,3.859999895095825,3.859999895095825,8531800,EXEL
2016-03-04,3.9600000381469727,4.25,3.869999885559082,4.110000133514404,4.110000133514404,6923100,EXEL
2016-03-07,4.059999942779541,4.389999866485596,4.019999980926514,4.320000171661377,4.320000171661377,4239600,EXEL
2016-03-08,4.320000171661377,4.329999923706055,3.869999885559082,3.869999885559082,3.869999885559082,5187400,EXEL
2016-03-09,3.9200000762939453,4.039999961853027,3.8499999046325684,3.890000104904175,3.890000104904175,3400300,EXEL
2016-03-10,3.9000000953674316,4.039999961853027,3.799999952316284,3.819999933242798,3.819999933242798,3950800,EXEL
2016-03-11,3.8399999141693115,4.050000190734863,3.8399999141693115,4.039999961853027,4.039999961853027,3587800,EXEL
2016-03-14,4.010000228881836,4.25,4.010000228881836,4.21999979019165,4.21999979019165,3528900,EXEL
2016-03-15,4.199999809265137,4.199999809265137,3.7799999713897705,3.7799999713897705,3.7799999713897705,5544500,EXEL
2016-03-16,3.7899999618530273,3.8499999046325684,3.6600000858306885,3.690000057220459,3.690000057220459,2657600,EXEL
2016-03-17,3.6700000762939453,3.819999933242798,3.549999952316284,3.759999990463257,3.759999990463257,6839200,EXEL
2016-03-18,3.7799999713897705,3.9200000762939453,3.6600000858306885,3.869999885559082,3.869999885559082,6114400,EXEL
2016-03-21,3.8499999046325684,3.990000009536743,3.799999952316284,3.859999895095825,3.859999895095825,4546900,EXEL
2016-03-22,3.819999933242798,4.090000152587891,3.7799999713897705,4.090000152587891,4.090000152587891,3648500,EXEL
2016-03-23,4.039999961853027,4.099999904632568,3.9100000858306885,3.9700000286102295,3.9700000286102295,5374300,EXEL
2016-03-24,3.9200000762939453,4.079999923706055,3.7799999713897705,4.039999961853027,4.039999961853027,2966900,EXEL
2016-03-28,4.039999961853027,4.070000171661377,3.75,3.759999990463257,3.759999990463257,3044100,EXEL
2016-03-29,3.690000057220459,3.930000066757202,3.640000104904175,3.930000066757202,3.930000066757202,2779200,EXEL
2016-03-30,3.9700000286102295,4.119999885559082,3.869999885559082,3.9000000953674316,3.9000000953674316,2107000,EXEL
2016-03-31,3.950000047683716,4.079999923706055,3.880000114440918,4.0,4.0,2967900,EXEL
2016-04-01,3.950000047683716,4.079999923706055,3.9000000953674316,4.050000190734863,4.050000190734863,1979600,EXEL
2016-04-04,4.190000057220459,4.340000152587891,4.110000133514404,4.260000228881836,4.260000228881836,5054500,EXEL
2016-04-05,4.190000057220459,4.300000190734863,4.119999885559082,4.260000228881836,4.260000228881836,3152300,EXEL
2016-04-06,4.230000019073486,4.46999979019165,4.210000038146973,4.460000038146973,4.460000038146973,3606200,EXEL
2016-04-07,4.380000114440918,4.420000076293945,4.159999847412109,4.260000228881836,4.260000228881836,4543100,EXEL
2016-04-08,4.329999923706055,4.349999904632568,4.150000095367432,4.25,4.25,2919600,EXEL
2016-04-11,4.260000228881836,4.349999904632568,4.179999828338623,4.300000190734863,4.300000190734863,2677700,EXEL
2016-04-12,4.329999923706055,4.400000095367432,4.260000228881836,4.340000152587891,4.340000152587891,5750100,EXEL
2016-04-13,4.380000114440918,4.409999847412109,4.309999942779541,4.409999847412109,4.409999847412109,2584700,EXEL
2016-04-14,4.420000076293945,4.480000019073486,4.360000133514404,4.389999866485596,4.389999866485596,1770400,EXEL
2016-04-15,4.380000114440918,4.420000076293945,4.210000038146973,4.349999904632568,4.349999904632568,1630600,EXEL
2016-04-18,4.320000171661377,4.429999828338623,4.260000228881836,4.400000095367432,4.400000095367432,1854000,EXEL
2016-04-19,4.400000095367432,4.429999828338623,4.239999771118164,4.289999961853027,4.289999961853027,3687300,EXEL
2016-04-20,4.289999961853027,4.360000133514404,4.230000019073486,4.289999961853027,4.289999961853027,2694600,EXEL
2016-04-21,4.239999771118164,4.519999980926514,4.239999771118164,4.519999980926514,4.519999980926514,3324100,EXEL
2016-04-22,4.519999980926514,4.579999923706055,4.25,4.409999847412109,4.409999847412109,3885600,EXEL
2016-04-25,4.420000076293945,4.800000190734863,4.369999885559082,4.659999847412109,4.659999847412109,9416000,EXEL
2016-04-26,5.0,5.179999828338623,4.659999847412109,4.679999828338623,4.679999828338623,16051900,EXEL
2016-04-27,4.75,4.760000228881836,4.449999809265137,4.559999942779541,4.559999942779541,4508100,EXEL
2016-04-28,4.5,4.699999809265137,4.409999847412109,4.539999961853027,4.539999961853027,2976000,EXEL
2016-04-29,4.510000228881836,4.679999828338623,4.510000228881836,4.610000133514404,4.610000133514404,3532700,EXEL
2016-05-02,4.630000114440918,4.820000171661377,4.550000190734863,4.820000171661377,4.820000171661377,4862800,EXEL
2016-05-03,4.769999980926514,4.78000020980835,4.630000114440918,4.670000076293945,4.670000076293945,4810300,EXEL
2016-05-04,4.650000095367432,4.679999828338623,4.320000171661377,4.329999923706055,4.329999923706055,4922300,EXEL
2016-05-05,4.289999961853027,4.769999980926514,4.25,4.690000057220459,4.690000057220459,6258600,EXEL
2016-05-06,4.659999847412109,4.880000114440918,4.650000095367432,4.789999961853027,4.789999961853027,4547400,EXEL
2016-05-09,4.820000171661377,5.090000152587891,4.71999979019165,4.949999809265137,4.949999809265137,8640100,EXEL
2016-05-10,5.0,5.099999904632568,4.949999809265137,5.039999961853027,5.039999961853027,4725400,EXEL
2016-05-11,5.019999980926514,5.050000190734863,4.869999885559082,4.889999866485596,4.889999866485596,3525400,EXEL
2016-05-12,5.019999980926514,5.260000228881836,4.949999809265137,5.190000057220459,5.190000057220459,6772300,EXEL
2016-05-13,5.210000038146973,5.650000095367432,5.210000038146973,5.610000133514404,5.610000133514404,11512800,EXEL
2016-05-16,5.579999923706055,5.619999885559082,5.329999923706055,5.489999771118164,5.489999771118164,6475400,EXEL
2016-05-17,5.489999771118164,5.53000020980835,5.199999809265137,5.239999771118164,5.239999771118164,4697000,EXEL
2016-05-18,5.239999771118164,5.440000057220459,5.139999866485596,5.349999904632568,5.349999904632568,4519000,EXEL
2016-05-19,5.349999904632568,5.510000228881836,5.260000228881836,5.369999885559082,5.369999885559082,2615500,EXEL
2016-05-20,5.389999866485596,5.579999923706055,5.360000133514404,5.559999942779541,5.559999942779541,3184300,EXEL
2016-05-23,5.809999942779541,6.139999866485596,5.699999809265137,6.0,6.0,10176600,EXEL
2016-05-24,6.099999904632568,6.190000057220459,6.03000020980835,6.150000095367432,6.150000095367432,5880300,EXEL
2016-05-25,6.199999809265137,6.380000114440918,6.170000076293945,6.230000019073486,6.230000019073486,5001400,EXEL
2016-05-26,6.230000019073486,6.380000114440918,6.159999847412109,6.300000190734863,6.300000190734863,5494300,EXEL
2016-05-27,6.340000152587891,6.349999904632568,6.210000038146973,6.340000152587891,6.340000152587891,2953900,EXEL
2016-05-31,6.400000095367432,6.630000114440918,6.369999885559082,6.489999771118164,6.489999771118164,5405900,EXEL
2016-06-01,6.449999809265137,6.53000020980835,6.389999866485596,6.480000019073486,6.480000019073486,3616700,EXEL
2016-06-02,6.46999979019165,6.800000190734863,6.460000038146973,6.760000228881836,6.760000228881836,5666700,EXEL
2016-06-03,6.75,6.75,6.400000095367432,6.590000152587891,6.590000152587891,3884100,EXEL
2016-06-06,6.789999961853027,7.340000152587891,6.760000228881836,7.329999923706055,7.329999923706055,16787000,EXEL
2016-06-07,7.300000190734863,7.320000171661377,7.070000171661377,7.119999885559082,7.119999885559082,4056600,EXEL
2016-06-08,7.099999904632568,7.300000190734863,6.920000076293945,7.260000228881836,7.260000228881836,4912200,EXEL
2016-06-09,7.239999771118164,7.489999771118164,7.159999847412109,7.369999885559082,7.369999885559082,10245100,EXEL
2016-06-10,7.25,7.440000057220459,7.150000095367432,7.380000114440918,7.380000114440918,5737300,EXEL
2016-06-13,7.309999942779541,7.440000057220459,7.25,7.380000114440918,7.380000114440918,4987800,EXEL
2016-06-14,7.329999923706055,7.449999809265137,7.199999809265137,7.329999923706055,7.329999923706055,6747000,EXEL
2016-06-15,7.360000133514404,7.480000019073486,7.340000152587891,7.380000114440918,7.380000114440918,4196600,EXEL
2016-06-16,7.320000171661377,7.570000171661377,7.269999980926514,7.550000190734863,7.550000190734863,4989500,EXEL
2016-06-17,7.570000171661377,7.75,7.510000228881836,7.599999904632568,7.599999904632568,11624600,EXEL
2016-06-20,7.650000095367432,7.75,7.610000133514404,7.659999847412109,7.659999847412109,4615200,EXEL
2016-06-21,7.71999979019165,7.78000020980835,7.5,7.670000076293945,7.670000076293945,8726800,EXEL
2016-06-22,7.670000076293945,7.860000133514404,7.639999866485596,7.739999771118164,7.739999771118164,6520900,EXEL
2016-06-23,7.829999923706055,7.880000114440918,7.739999771118164,7.849999904632568,7.849999904632568,4315200,EXEL
2016-06-24,7.329999923706055,7.860000133514404,7.199999809265137,7.690000057220459,7.690000057220459,11569800,EXEL
2016-06-27,7.650000095367432,7.789999961853027,7.429999828338623,7.449999809265137,7.449999809265137,5791100,EXEL
2016-06-28,7.519999980926514,7.820000171661377,7.519999980926514,7.78000020980835,7.78000020980835,6646500,EXEL
2016-06-29,7.900000095367432,7.900000095367432,7.630000114440918,7.800000190734863,7.800000190734863,6261100,EXEL
2016-06-30,7.789999961853027,7.869999885559082,7.710000038146973,7.809999942779541,7.809999942779541,14507100,EXEL
2016-07-01,7.849999904632568,8.1899995803833,7.809999942779541,8.170000076293945,8.170000076293945,21333200,EXEL
2016-07-05,8.130000114440918,8.210000038146973,8.010000228881836,8.050000190734863,8.050000190734863,5272400,EXEL
2016-07-06,8.0,8.149999618530273,7.929999828338623,8.140000343322754,8.140000343322754,5871400,EXEL
2016-07-07,8.199999809265137,8.210000038146973,8.0600004196167,8.140000343322754,8.140000343322754,4363600,EXEL
2016-07-08,8.140000343322754,8.210000038146973,7.949999809265137,8.149999618530273,8.149999618530273,7066100,EXEL
2016-07-11,8.180000305175781,8.279999732971191,8.140000343322754,8.149999618530273,8.149999618530273,4115600,EXEL
2016-07-12,8.199999809265137,8.270000457763672,8.130000114440918,8.140000343322754,8.140000343322754,3387900,EXEL
2016-07-13,8.170000076293945,8.199999809265137,8.0,8.039999961853027,8.039999961853027,2713600,EXEL
2016-07-14,8.109999656677246,8.260000228881836,7.96999979019165,8.220000267028809,8.220000267028809,6266000,EXEL
2016-07-15,8.289999961853027,8.479999542236328,8.1899995803833,8.4399995803833,8.4399995803833,6089600,EXEL
2016-07-18,8.359999656677246,8.470000267028809,8.329999923706055,8.420000076293945,8.420000076293945,3730000,EXEL
2016-07-19,8.350000381469727,8.470000267028809,8.300000190734863,8.369999885559082,8.369999885559082,3699100,EXEL
2016-07-20,8.359999656677246,8.550000190734863,8.3100004196167,8.529999732971191,8.529999732971191,2224800,EXEL
2016-07-21,8.5600004196167,8.739999771118164,8.470000267028809,8.59000015258789,8.59000015258789,3480500,EXEL
2016-07-22,8.670000076293945,8.739999771118164,8.619999885559082,8.680000305175781,8.680000305175781,2953000,EXEL
2016-07-25,8.680000305175781,8.760000228881836,8.609999656677246,8.710000038146973,8.710000038146973,2738400,EXEL
2016-07-26,8.6899995803833,8.760000228881836,8.579999923706055,8.640000343322754,8.640000343322754,7302500,EXEL
2016-07-27,8.65999984741211,8.880000114440918,8.65999984741211,8.760000228881836,8.760000228881836,4750600,EXEL
2016-07-28,8.760000228881836,9.0,8.75,8.949999809265137,8.949999809265137,4344600,EXEL
2016-07-29,8.960000038146973,9.210000038146973,8.90999984741211,9.180000305175781,9.180000305175781,8709500,EXEL
2016-08-01,9.170000076293945,9.390000343322754,9.109999656677246,9.270000457763672,9.270000457763672,5901900,EXEL
2016-08-02,9.3100004196167,9.34000015258789,9.0,9.149999618530273,9.149999618530273,5014700,EXEL
2016-08-03,9.119999885559082,9.399999618530273,9.0,9.390000343322754,9.390000343322754,7463400,EXEL
2016-08-04,10.029999732971191,11.65999984741211,10.020000457763672,11.069999694824219,11.069999694824219,22386800,EXEL
2016-08-05,11.149999618530273,11.470000267028809,10.579999923706055,11.170000076293945,11.170000076293945,8781700,EXEL
2016-08-08,11.140000343322754,11.199999809265137,10.84000015258789,10.930000305175781,10.930000305175781,5434100,EXEL
2016-08-09,10.949999809265137,10.989999771118164,10.739999771118164,10.869999885559082,10.869999885559082,7035500,EXEL
2016-08-10,10.869999885559082,10.930000305175781,10.279999732971191,10.369999885559082,10.369999885559082,7563800,EXEL
2016-08-11,10.430000305175781,10.800000190734863,10.3100004196167,10.65999984741211,10.65999984741211,3461100,EXEL
2016-08-12,10.619999885559082,10.720000267028809,10.539999961853027,10.65999984741211,10.65999984741211,2505600,EXEL
2016-08-15,10.710000038146973,10.819999694824219,10.600000381469727,10.760000228881836,10.760000228881836,2634200,EXEL
2016-08-16,10.720000267028809,10.770000457763672,10.529999732971191,10.529999732971191,10.529999732971191,2513100,EXEL
2016-08-17,10.539999961853027,10.640000343322754,10.350000381469727,10.619999885559082,10.619999885559082,3036700,EXEL
2016-08-18,10.649999618530273,11.119999885559082,10.609999656677246,10.970000267028809,10.970000267028809,5197100,EXEL
2016-08-19,10.920000076293945,11.170000076293945,10.84000015258789,11.0,11.0,3457200,EXEL
2016-08-22,10.949999809265137,11.449999809265137,10.880000114440918,11.4399995803833,11.4399995803833,7373600,EXEL
2016-08-23,11.460000038146973,11.699999809265137,11.420000076293945,11.609999656677246,11.609999656677246,5241600,EXEL
2016-08-24,11.640000343322754,11.739999771118164,10.8100004196167,10.869999885559082,10.869999885559082,8267200,EXEL
2016-08-25,10.90999984741211,11.180000305175781,10.670000076293945,10.90999984741211,10.90999984741211,6177500,EXEL
2016-08-26,10.9399995803833,11.069999694824219,10.710000038146973,10.960000038146973,10.960000038146973,4638700,EXEL
2016-08-29,11.020000457763672,11.029999732971191,10.65999984741211,10.979999542236328,10.979999542236328,4162800,EXEL
2016-08-30,10.960000038146973,11.100000381469727,10.899999618530273,11.039999961853027,11.039999961853027,3608800,EXEL
2016-08-31,11.050000190734863,11.1899995803833,10.90999984741211,11.149999618530273,11.149999618530273,3600000,EXEL
2016-09-01,11.130000114440918,11.369999885559082,11.050000190734863,11.350000381469727,11.350000381469727,3869000,EXEL
2016-09-02,11.399999618530273,11.609999656677246,11.380000114440918,11.539999961853027,11.539999961853027,3519300,EXEL
2016-09-06,11.800000190734863,12.220000267028809,11.609999656677246,12.079999923706055,12.079999923706055,6612900,EXEL
2016-09-07,11.859999656677246,12.149999618530273,11.770000457763672,11.920000076293945,11.920000076293945,3754800,EXEL
2016-09-08,12.010000228881836,12.4399995803833,11.800000190734863,12.350000381469727,12.350000381469727,4244700,EXEL
2016-09-09,12.1899995803833,12.289999961853027,11.979999542236328,11.979999542236328,11.979999542236328,4538700,EXEL
2016-09-12,11.8100004196167,12.399999618530273,11.699999809265137,12.399999618530273,12.399999618530273,4566300,EXEL
2016-09-13,12.329999923706055,12.479999542236328,12.15999984741211,12.3100004196167,12.3100004196167,4917100,EXEL
2016-09-14,12.630000114440918,13.1899995803833,12.619999885559082,13.010000228881836,13.010000228881836,7449200,EXEL
2016-09-15,12.930000305175781,13.489999771118164,12.930000305175781,13.34000015258789,13.34000015258789,5660900,EXEL
2016-09-16,13.300000190734863,13.670000076293945,13.100000381469727,13.550000190734863,13.550000190734863,8480200,EXEL
2016-09-19,13.619999885559082,13.949999809265137,13.510000228881836,13.640000343322754,13.640000343322754,5585900,EXEL
2016-09-20,13.800000190734863,14.279999732971191,13.699999809265137,14.15999984741211,14.15999984741211,6108100,EXEL
2016-09-21,14.720000267028809,14.949999809265137,14.170000076293945,14.739999771118164,14.739999771118164,11770700,EXEL
2016-09-22,14.760000228881836,15.0,14.600000381469727,14.739999771118164,14.739999771118164,7541100,EXEL
2016-09-23,14.739999771118164,14.970000267028809,14.710000038146973,14.890000343322754,14.890000343322754,5494100,EXEL
2016-09-26,15.0,15.460000038146973,14.880000114440918,15.3100004196167,15.3100004196167,6770700,EXEL
2016-09-27,15.329999923706055,15.479999542236328,15.220000267028809,15.479999542236328,15.479999542236328,5826700,EXEL
2016-09-28,15.569999694824219,15.579999923706055,12.069999694824219,13.350000381469727,13.350000381469727,28075100,EXEL
2016-09-29,12.979999542236328,13.0,11.710000038146973,12.279999732971191,12.279999732971191,17038900,EXEL
2016-09-30,12.4399995803833,12.989999771118164,12.130000114440918,12.789999961853027,12.789999961853027,9288200,EXEL
2016-10-03,12.989999771118164,12.989999771118164,12.430000305175781,12.720000267028809,12.720000267028809,5557400,EXEL
2016-10-04,12.75,12.970000267028809,12.319999694824219,12.4399995803833,12.4399995803833,5272300,EXEL
2016-10-05,12.369999885559082,13.170000076293945,12.210000038146973,13.119999885559082,13.119999885559082,6963300,EXEL
2016-10-06,13.119999885559082,13.359999656677246,12.739999771118164,13.180000305175781,13.180000305175781,6323000,EXEL
2016-10-07,13.329999923706055,13.34000015258789,12.329999923706055,12.949999809265137,12.949999809265137,8107100,EXEL
2016-10-10,13.020000457763672,13.640000343322754,11.279999732971191,12.609999656677246,12.609999656677246,18776300,EXEL
2016-10-11,12.9399995803833,12.9399995803833,12.130000114440918,12.6899995803833,12.6899995803833,8370200,EXEL
2016-10-12,12.539999961853027,12.770000457763672,11.84000015258789,11.930000305175781,11.930000305175781,7430100,EXEL
2016-10-13,11.449999809265137,12.09000015258789,11.390000343322754,11.90999984741211,11.90999984741211,5581500,EXEL
2016-10-14,11.970000267028809,12.079999923706055,11.3100004196167,11.319999694824219,11.319999694824219,6418200,EXEL
2016-10-17,11.279999732971191,11.8100004196167,11.210000038146973,11.510000228881836,11.510000228881836,6556200,EXEL
2016-10-18,11.739999771118164,11.949999809265137,11.569999694824219,11.670000076293945,11.670000076293945,3245700,EXEL
2016-10-19,11.699999809265137,11.779999732971191,11.470000267028809,11.520000457763672,11.520000457763672,2775300,EXEL
2016-10-20,11.510000228881836,11.739999771118164,11.369999885559082,11.739999771118164,11.739999771118164,3539000,EXEL
2016-10-21,11.600000381469727,11.760000228881836,11.449999809265137,11.5600004196167,11.5600004196167,3693600,EXEL
2016-10-24,11.5600004196167,11.649999618530273,11.270000457763672,11.289999961853027,11.289999961853027,4172500,EXEL
2016-10-25,11.239999771118164,11.5,11.069999694824219,11.300000190734863,11.300000190734863,3227200,EXEL
2016-10-26,11.1899995803833,11.630000114440918,11.0600004196167,11.180000305175781,11.180000305175781,3002500,EXEL
2016-10-27,11.289999961853027,11.399999618530273,10.829999923706055,10.920000076293945,10.920000076293945,3908600,EXEL
2016-10-28,10.850000381469727,11.319999694824219,10.619999885559082,10.880000114440918,10.880000114440918,3654000,EXEL
2016-10-31,10.859999656677246,10.880000114440918,10.529999732971191,10.59000015258789,10.59000015258789,3315000,EXEL
2016-11-01,10.569999694824219,11.130000114440918,10.40999984741211,10.979999542236328,10.979999542236328,4650300,EXEL
2016-11-02,10.930000305175781,10.979999542236328,10.380000114440918,10.8100004196167,10.8100004196167,5832500,EXEL
2016-11-03,11.039999961853027,11.069999694824219,10.039999961853027,10.199999809265137,10.199999809265137,7862000,EXEL
2016-11-04,10.899999618530273,11.90999984741211,10.649999618530273,11.90999984741211,11.90999984741211,11367400,EXEL
2016-11-07,12.399999618530273,12.399999618530273,12.039999961853027,12.359999656677246,12.359999656677246,8081600,EXEL
2016-11-08,12.279999732971191,12.720000267028809,12.079999923706055,12.470000267028809,12.470000267028809,5721200,EXEL
2016-11-09,13.149999618530273,15.109999656677246,13.09000015258789,15.020000457763672,15.020000457763672,15347600,EXEL
2016-11-10,15.229999542236328,15.779999732971191,14.859999656677246,15.739999771118164,15.739999771118164,11528000,EXEL
2016-11-11,15.550000190734863,16.59000015258789,15.319999694824219,16.399999618530273,16.399999618530273,9295200,EXEL
2016-11-14,16.399999618530273,17.0,16.010000228881836,16.760000228881836,16.760000228881836,7901300,EXEL
2016-11-15,16.760000228881836,16.920000076293945,16.34000015258789,16.549999237060547,16.549999237060547,8749600,EXEL
2016-11-16,16.25,16.920000076293945,15.899999618530273,16.6299991607666,16.6299991607666,6308100,EXEL
2016-11-17,16.510000228881836,16.920000076293945,15.460000038146973,16.75,16.75,6143900,EXEL
2016-11-18,16.75,16.979999542236328,16.530000686645508,16.959999084472656,16.959999084472656,6566300,EXEL
2016-11-21,16.899999618530273,17.290000915527344,16.81999969482422,17.170000076293945,17.170000076293945,5121500,EXEL
2016-11-22,17.239999771118164,17.389999389648438,15.970000267028809,16.25,16.25,9039100,EXEL
2016-11-23,15.970000267028809,16.780000686645508,15.569999694824219,16.489999771118164,16.489999771118164,4963200,EXEL
2016-11-25,16.5,17.18000030517578,16.440000534057617,17.0,17.0,2528300,EXEL
2016-11-28,16.959999084472656,17.09000015258789,16.450000762939453,16.489999771118164,16.489999771118164,4391300,EXEL
2016-11-29,16.530000686645508,17.350000381469727,16.3700008392334,16.989999771118164,16.989999771118164,6761700,EXEL
2016-11-30,17.010000228881836,17.1299991607666,16.729999542236328,16.920000076293945,16.920000076293945,6130200,EXEL
2016-12-01,17.0,17.040000915527344,16.3700008392334,16.520000457763672,16.520000457763672,4680400,EXEL
2016-12-02,16.520000457763672,17.739999771118164,16.420000076293945,17.3700008392334,17.3700008392334,6884300,EXEL
2016-12-05,17.6299991607666,18.0,17.43000030517578,17.829999923706055,17.829999923706055,5735000,EXEL
2016-12-06,18.1200008392334,18.290000915527344,17.780000686645508,18.25,18.25,6637800,EXEL
2016-12-07,18.229999542236328,18.229999542236328,16.43000030517578,16.610000610351562,16.610000610351562,10053200,EXEL
2016-12-08,16.799999237060547,17.030000686645508,16.200000762939453,16.90999984741211,16.90999984741211,4577100,EXEL
2016-12-09,17.0,17.25,16.729999542236328,16.84000015258789,16.84000015258789,4836400,EXEL
2016-12-12,16.739999771118164,16.760000228881836,16.149999618530273,16.440000534057617,16.440000534057617,4085700,EXEL
2016-12-13,16.579999923706055,16.719999313354492,16.1200008392334,16.15999984741211,16.15999984741211,4101700,EXEL
2016-12-14,16.170000076293945,16.540000915527344,16.100000381469727,16.31999969482422,16.31999969482422,4557100,EXEL
2016-12-15,16.260000228881836,16.84000015258789,16.110000610351562,16.729999542236328,16.729999542236328,5039900,EXEL
2016-12-16,16.809999465942383,17.219999313354492,16.639999389648438,16.790000915527344,16.790000915527344,10917700,EXEL
2016-12-19,16.780000686645508,16.790000915527344,16.219999313354492,16.290000915527344,16.290000915527344,3336500,EXEL
2016-12-20,16.440000534057617,16.729999542236328,16.270000457763672,16.559999465942383,16.559999465942383,4797000,EXEL
2016-12-21,16.770000457763672,16.770000457763672,16.280000686645508,16.31999969482422,16.31999969482422,2639800,EXEL
2016-12-22,16.31999969482422,16.43000030517578,14.630000114440918,14.9399995803833,14.9399995803833,11252800,EXEL
2016-12-23,14.930000305175781,15.40999984741211,14.869999885559082,15.40999984741211,15.40999984741211,4267900,EXEL
2016-12-27,15.4399995803833,15.800000190734863,15.319999694824219,15.699999809265137,15.699999809265137,3049600,EXEL
2016-12-28,15.699999809265137,15.729999542236328,15.1899995803833,15.220000267028809,15.220000267028809,2843200,EXEL
2016-12-29,15.25,15.329999923706055,14.84000015258789,14.880000114440918,14.880000114440918,3001900,EXEL
2016-12-30,14.9399995803833,15.149999618530273,14.829999923706055,14.90999984741211,14.90999984741211,3494800,EXEL
2017-01-03,15.140000343322754,15.329999923706055,14.220000267028809,14.729999542236328,14.729999542236328,4965000,EXEL
2017-01-04,14.779999732971191,15.40999984741211,14.510000228881836,15.300000190734863,15.300000190734863,4618800,EXEL
2017-01-05,15.25,15.34000015258789,14.899999618530273,14.989999771118164,14.989999771118164,3511400,EXEL
2017-01-06,15.050000190734863,15.390000343322754,14.9399995803833,15.319999694824219,15.319999694824219,5371400,EXEL
2017-01-09,16.020000457763672,17.700000762939453,15.600000381469727,17.579999923706055,17.579999923706055,11504300,EXEL
2017-01-10,17.5,18.920000076293945,17.389999389648438,18.90999984741211,18.90999984741211,9331900,EXEL
2017-01-11,18.90999984741211,19.200000762939453,17.469999313354492,18.229999542236328,18.229999542236328,10761500,EXEL
2017-01-12,18.190000534057617,19.059999465942383,17.799999237060547,18.81999969482422,18.81999969482422,5075000,EXEL
2017-01-13,18.799999237060547,19.299999237060547,18.43000030517578,18.510000228881836,18.510000228881836,5340500,EXEL
2017-01-17,18.329999923706055,18.440000534057617,17.760000228881836,17.790000915527344,17.790000915527344,4365200,EXEL
2017-01-18,17.81999969482422,18.229999542236328,17.790000915527344,18.020000457763672,18.020000457763672,3319000,EXEL
2017-01-19,17.920000076293945,18.059999465942383,17.649999618530273,17.899999618530273,17.899999618530273,2473100,EXEL
2017-01-20,17.920000076293945,18.030000686645508,17.639999389648438,17.920000076293945,17.920000076293945,3070200,EXEL
2017-01-23,17.920000076293945,18.6299991607666,17.860000610351562,18.290000915527344,18.290000915527344,4206700,EXEL
2017-01-24,18.270000457763672,18.549999237060547,17.860000610351562,18.530000686645508,18.530000686645508,4161500,EXEL
2017-01-25,18.600000381469727,18.6299991607666,18.149999618530273,18.43000030517578,18.43000030517578,3766200,EXEL
2017-01-26,18.43000030517578,18.84000015258789,18.25,18.5,18.5,3484400,EXEL
2017-01-27,18.479999542236328,18.760000228881836,18.309999465942383,18.56999969482422,18.56999969482422,2992100,EXEL
2017-01-30,18.540000915527344,18.540000915527344,17.75,18.280000686645508,18.280000686645508,5045100,EXEL
2017-01-31,17.649999618530273,18.139999389648438,16.719999313354492,18.1200008392334,18.1200008392334,9884800,EXEL
2017-02-01,18.229999542236328,18.940000534057617,18.139999389648438,18.81999969482422,18.81999969482422,5830500,EXEL
2017-02-02,18.75,18.90999984741211,18.440000534057617,18.690000534057617,18.690000534057617,4092800,EXEL
2017-02-03,18.790000915527344,20.75,18.739999771118164,20.260000228881836,20.260000228881836,9783800,EXEL
2017-02-06,20.15999984741211,20.43000030517578,19.3700008392334,20.030000686645508,20.030000686645508,5682100,EXEL
2017-02-07,20.139999389648438,20.90999984741211,19.90999984741211,20.56999969482422,20.56999969482422,6699800,EXEL
2017-02-08,20.469999313354492,22.020000457763672,19.979999542236328,21.610000610351562,21.610000610351562,10401600,EXEL
2017-02-09,21.56999969482422,22.649999618530273,21.450000762939453,22.5,22.5,8094300,EXEL
2017-02-10,22.889999389648438,23.020000457763672,21.950000762939453,22.079999923706055,22.079999923706055,6804100,EXEL
2017-02-13,22.209999084472656,22.489999771118164,21.260000228881836,21.299999237060547,21.299999237060547,4427900,EXEL
2017-02-14,21.350000381469727,22.1299991607666,21.149999618530273,22.020000457763672,22.020000457763672,4797800,EXEL
2017-02-15,22.0,22.1299991607666,21.579999923706055,22.100000381469727,22.100000381469727,5045500,EXEL
2017-02-16,22.100000381469727,22.950000762939453,22.06999969482422,22.649999618530273,22.649999618530273,5605000,EXEL
2017-02-17,22.479999542236328,23.290000915527344,22.399999618530273,23.1200008392334,23.1200008392334,5007900,EXEL
2017-02-21,23.280000686645508,23.489999771118164,22.940000534057617,23.110000610351562,23.110000610351562,3934200,EXEL
2017-02-22,23.100000381469727,23.229999542236328,22.530000686645508,22.6200008392334,22.6200008392334,3509800,EXEL
2017-02-23,22.719999313354492,22.75,21.469999313354492,21.739999771118164,21.739999771118164,5855200,EXEL
2017-02-24,21.709999084472656,22.030000686645508,21.309999465942383,21.690000534057617,21.690000534057617,4524000,EXEL
2017-02-27,21.81999969482422,23.399999618530273,21.81999969482422,23.09000015258789,23.09000015258789,8243200,EXEL
2017-02-28,21.700000762939453,22.530000686645508,21.25,21.530000686645508,21.530000686645508,9236700,EXEL
2017-03-01,21.770000457763672,22.6299991607666,21.739999771118164,21.93000030517578,21.93000030517578,6661400,EXEL
2017-03-02,21.860000610351562,22.799999237060547,21.75,21.989999771118164,21.989999771118164,5957300,EXEL
2017-03-03,21.950000762939453,23.239999771118164,21.950000762939453,23.079999923706055,23.079999923706055,5744200,EXEL
2017-03-06,23.280000686645508,23.280000686645508,22.270000457763672,22.729999542236328,22.729999542236328,6330600,EXEL
2017-03-07,22.399999618530273,22.729999542236328,22.190000534057617,22.239999771118164,22.239999771118164,3595300,EXEL
2017-03-08,22.329999923706055,22.90999984741211,21.690000534057617,21.829999923706055,21.829999923706055,4890400,EXEL
2017-03-09,21.600000381469727,22.360000610351562,21.600000381469727,22.0,22.0,3699000,EXEL
2017-03-10,21.979999542236328,22.190000534057617,21.219999313354492,21.639999389648438,21.639999389648438,5323600,EXEL
2017-03-13,21.6299991607666,21.889999389648438,21.09000015258789,21.850000381469727,21.850000381469727,4394700,EXEL
2017-03-14,21.770000457763672,22.0,21.329999923706055,21.739999771118164,21.739999771118164,3352800,EXEL
2017-03-15,21.799999237060547,22.959999084472656,21.59000015258789,22.799999237060547,22.799999237060547,5371200,EXEL
2017-03-16,22.559999465942383,22.75,21.760000228881836,21.8700008392334,21.8700008392334,4371200,EXEL
2017-03-17,21.530000686645508,22.350000381469727,21.520000457763672,22.030000686645508,22.030000686645508,5284800,EXEL
2017-03-20,21.93000030517578,22.18000030517578,21.530000686645508,22.040000915527344,22.040000915527344,3166800,EXEL
2017-03-21,22.030000686645508,22.15999984741211,20.43000030517578,20.440000534057617,20.440000534057617,5097800,EXEL
2017-03-22,20.549999237060547,20.850000381469727,20.020000457763672,20.479999542236328,20.479999542236328,4701200,EXEL
2017-03-23,20.549999237060547,20.850000381469727,20.290000915527344,20.309999465942383,20.309999465942383,2923300,EXEL
2017-03-24,20.31999969482422,21.079999923706055,20.309999465942383,20.90999984741211,20.90999984741211,3344200,EXEL
2017-03-27,20.649999618530273,21.440000534057617,20.299999237060547,21.3700008392334,21.3700008392334,3930900,EXEL
2017-03-28,21.43000030517578,21.920000076293945,21.200000762939453,21.280000686645508,21.280000686645508,2901200,EXEL
2017-03-29,21.270000457763672,21.600000381469727,21.110000610351562,21.1299991607666,21.1299991607666,2097600,EXEL
2017-03-30,21.100000381469727,21.389999389648438,20.8700008392334,21.200000762939453,21.200000762939453,2786500,EXEL
2017-03-31,21.450000762939453,21.899999618530273,21.299999237060547,21.670000076293945,21.670000076293945,4603700,EXEL
2017-04-03,21.639999389648438,21.709999084472656,21.040000915527344,21.229999542236328,21.229999542236328,3490500,EXEL
2017-04-04,21.190000534057617,21.540000915527344,21.059999465942383,21.25,21.25,1763400,EXEL
2017-04-05,21.350000381469727,21.440000534057617,20.459999084472656,20.5,20.5,2707600,EXEL
2017-04-06,20.5,20.639999389648438,19.6299991607666,20.3799991607666,20.3799991607666,3919000,EXEL
2017-04-07,20.350000381469727,20.739999771118164,20.239999771118164,20.469999313354492,20.469999313354492,2624200,EXEL
2017-04-10,20.739999771118164,20.799999237060547,20.270000457763672,20.280000686645508,20.280000686645508,1774000,EXEL
2017-04-11,20.309999465942383,20.979999542236328,20.139999389648438,20.959999084472656,20.959999084472656,2421100,EXEL
2017-04-12,20.850000381469727,20.90999984741211,20.420000076293945,20.68000030517578,20.68000030517578,2368900,EXEL
2017-04-13,20.670000076293945,21.780000686645508,20.670000076293945,21.290000915527344,21.290000915527344,2928600,EXEL
2017-04-17,21.280000686645508,21.399999618530273,21.0,21.290000915527344,21.290000915527344,1761900,EXEL
2017-04-18,21.139999389648438,21.309999465942383,20.510000228881836,20.8799991607666,20.8799991607666,1809100,EXEL
2017-04-19,21.020000457763672,21.290000915527344,20.799999237060547,21.040000915527344,21.040000915527344,2121300,EXEL
2017-04-20,21.1299991607666,21.3799991607666,20.90999984741211,21.31999969482422,21.31999969482422,2064100,EXEL
2017-04-21,21.290000915527344,21.84000015258789,20.950000762939453,20.979999542236328,20.979999542236328,3887600,EXEL
2017-04-24,21.15999984741211,21.520000457763672,21.139999389648438,21.299999237060547,21.299999237060547,2666300,EXEL
2017-04-25,21.59000015258789,22.270000457763672,21.450000762939453,22.079999923706055,22.079999923706055,3667900,EXEL
2017-04-26,22.079999923706055,22.139999389648438,21.65999984741211,22.0,22.0,2831600,EXEL
2017-04-27,22.09000015258789,22.389999389648438,21.729999542236328,22.239999771118164,22.239999771118164,2247500,EXEL
2017-04-28,22.299999237060547,22.510000228881836,22.100000381469727,22.399999618530273,22.399999618530273,2468500,EXEL
2017-05-01,22.559999465942383,23.399999618530273,22.229999542236328,23.149999618530273,23.149999618530273,4801200,EXEL
2017-05-02,24.010000228881836,24.850000381469727,22.770000457763672,23.15999984741211,23.15999984741211,7594300,EXEL
2017-05-03,23.09000015258789,23.190000534057617,22.5,22.520000457763672,22.520000457763672,2608900,EXEL
2017-05-04,22.670000076293945,22.84000015258789,21.760000228881836,22.040000915527344,22.040000915527344,3159800,EXEL
2017-05-05,22.040000915527344,22.040000915527344,21.520000457763672,21.690000534057617,21.690000534057617,2538400,EXEL
2017-05-08,21.719999313354492,21.969999313354492,21.3799991607666,21.559999465942383,21.559999465942383,3592900,EXEL
2017-05-09,21.610000610351562,22.100000381469727,21.530000686645508,21.84000015258789,21.84000015258789,2680300,EXEL
2017-05-10,21.93000030517578,22.25,21.649999618530273,22.110000610351562,22.110000610351562,3165200,EXEL
2017-05-11,22.079999923706055,22.25,21.329999923706055,21.719999313354492,21.719999313354492,3317200,EXEL
2017-05-12,21.690000534057617,21.75,21.43000030517578,21.610000610351562,21.610000610351562,1962100,EXEL
2017-05-15,21.770000457763672,21.899999618530273,21.440000534057617,21.700000762939453,21.700000762939453,1945100,EXEL
2017-05-16,21.780000686645508,22.030000686645508,21.420000076293945,21.559999465942383,21.559999465942383,3584500,EXEL
2017-05-17,21.31999969482422,21.329999923706055,19.549999237060547,19.860000610351562,19.860000610351562,8705100,EXEL
2017-05-18,19.860000610351562,21.110000610351562,19.760000228881836,21.030000686645508,21.030000686645508,5081100,EXEL
2017-05-19,21.079999923706055,21.389999389648438,19.579999923706055,19.68000030517578,19.68000030517578,5867700,EXEL
2017-05-22,19.729999542236328,20.0,19.030000686645508,19.299999237060547,19.299999237060547,4235100,EXEL
2017-05-23,19.34000015258789,20.15999984741211,19.149999618530273,19.799999237060547,19.799999237060547,3933500,EXEL
2017-05-24,19.84000015258789,20.440000534057617,19.520000457763672,20.170000076293945,20.170000076293945,3454800,EXEL
2017-05-25,20.200000762939453,20.229999542236328,19.549999237060547,19.56999969482422,19.56999969482422,2592400,EXEL
2017-05-26,19.549999237060547,19.719999313354492,19.190000534057617,19.350000381469727,19.350000381469727,2378100,EXEL
2017-05-30,19.299999237060547,19.459999084472656,18.030000686645508,18.31999969482422,18.31999969482422,5729600,EXEL
2017-05-31,18.5,18.780000686645508,18.049999237060547,18.709999084472656,18.709999084472656,4240700,EXEL
2017-06-01,18.719999313354492,19.239999771118164,18.600000381469727,19.059999465942383,19.059999465942383,2503000,EXEL
2017-06-02,19.149999618530273,19.31999969482422,18.780000686645508,19.040000915527344,19.040000915527344,2549500,EXEL
2017-06-05,19.079999923706055,19.280000686645508,18.940000534057617,19.100000381469727,19.100000381469727,2193000,EXEL
2017-06-06,19.010000228881836,19.34000015258789,18.780000686645508,19.1299991607666,19.1299991607666,2048500,EXEL
2017-06-07,19.1299991607666,19.520000457763672,19.100000381469727,19.34000015258789,19.34000015258789,2187200,EXEL
2017-06-08,19.309999465942383,20.260000228881836,19.290000915527344,19.719999313354492,19.719999313354492,3249700,EXEL
2017-06-09,19.780000686645508,20.040000915527344,18.760000228881836,19.25,19.25,3546700,EXEL
2017-06-12,19.270000457763672,19.850000381469727,18.25,19.799999237060547,19.799999237060547,4083800,EXEL
2017-06-13,19.790000915527344,20.049999237060547,19.540000915527344,19.899999618530273,19.899999618530273,2054700,EXEL
2017-06-14,20.0,20.040000915527344,19.440000534057617,19.670000076293945,19.670000076293945,1951400,EXEL
2017-06-15,19.479999542236328,19.649999618530273,19.1299991607666,19.239999771118164,19.239999771118164,2026700,EXEL
2017-06-16,19.049999237060547,19.5,18.90999984741211,19.260000228881836,19.260000228881836,3678800,EXEL
2017-06-19,20.0,21.6299991607666,19.799999237060547,21.600000381469727,21.600000381469727,5709900,EXEL
2017-06-20,21.549999237060547,22.56999969482422,21.5,22.280000686645508,22.280000686645508,5095400,EXEL
2017-06-21,22.309999465942383,24.420000076293945,22.309999465942383,24.020000457763672,24.020000457763672,7602100,EXEL
2017-06-22,24.25,24.6299991607666,23.5,24.06999969482422,24.06999969482422,4882900,EXEL
2017-06-23,24.110000610351562,24.540000915527344,23.780000686645508,23.780000686645508,23.780000686645508,31692500,EXEL
2017-06-26,24.31999969482422,25.190000534057617,23.809999465942383,24.899999618530273,24.899999618530273,6110500,EXEL
2017-06-27,24.899999618530273,25.219999313354492,23.56999969482422,23.59000015258789,23.59000015258789,4642000,EXEL
2017-06-28,23.65999984741211,24.149999618530273,23.079999923706055,24.020000457763672,24.020000457763672,4579500,EXEL
2017-06-29,24.040000915527344,24.81999969482422,23.399999618530273,24.639999389648438,24.639999389648438,5572100,EXEL
2017-06-30,24.790000915527344,24.850000381469727,24.229999542236328,24.6299991607666,24.6299991607666,3975800,EXEL
2017-07-03,24.68000030517578,25.18000030517578,24.420000076293945,24.75,24.75,1905300,EXEL
2017-07-05,24.770000457763672,25.440000534057617,24.56999969482422,24.969999313354492,24.969999313354492,4730100,EXEL
2017-07-06,24.799999237060547,25.1299991607666,24.229999542236328,24.600000381469727,24.600000381469727,5201300,EXEL
2017-07-07,24.809999465942383,25.299999237060547,24.65999984741211,25.209999084472656,25.209999084472656,3930000,EXEL
2017-07-10,25.610000610351562,25.709999084472656,24.84000015258789,25.489999771118164,25.489999771118164,3882200,EXEL
2017-07-11,25.540000915527344,25.68000030517578,25.09000015258789,25.420000076293945,25.420000076293945,3010900,EXEL
2017-07-12,25.559999465942383,26.799999237060547,25.299999237060547,26.610000610351562,26.610000610351562,4666700,EXEL
2017-07-13,26.670000076293945,26.8799991607666,26.030000686645508,26.579999923706055,26.579999923706055,3541500,EXEL
2017-07-14,26.860000610351562,27.6299991607666,26.420000076293945,26.739999771118164,26.739999771118164,6201300,EXEL
2017-07-17,26.889999389648438,26.959999084472656,26.06999969482422,26.209999084472656,26.209999084472656,2661100,EXEL
2017-07-18,26.18000030517578,26.520000457763672,25.739999771118164,26.149999618530273,26.149999618530273,4631300,EXEL
2017-07-19,26.299999237060547,26.790000915527344,26.040000915527344,26.75,26.75,4652000,EXEL
2017-07-20,26.8799991607666,27.34000015258789,26.799999237060547,26.989999771118164,26.989999771118164,4765200,EXEL
2017-07-21,26.940000534057617,27.280000686645508,26.920000076293945,27.229999542236328,27.229999542236328,2193300,EXEL
2017-07-24,27.200000762939453,28.139999389648438,27.200000762939453,28.110000610351562,28.110000610351562,3825100,EXEL
2017-07-25,28.290000915527344,28.450000762939453,27.149999618530273,27.40999984741211,27.40999984741211,4180900,EXEL
2017-07-26,27.559999465942383,28.1299991607666,27.5,28.020000457763672,28.020000457763672,2814900,EXEL
2017-07-27,28.110000610351562,28.229999542236328,26.399999618530273,27.110000610351562,27.110000610351562,3572500,EXEL
2017-07-28,27.010000228881836,27.790000915527344,26.770000457763672,27.6299991607666,27.6299991607666,2267400,EXEL
2017-07-31,27.6299991607666,27.8799991607666,26.90999984741211,27.110000610351562,27.110000610351562,2771800,EXEL
2017-08-01,27.209999084472656,27.34000015258789,26.290000915527344,26.469999313354492,26.469999313354492,3669000,EXEL
2017-08-02,26.899999618530273,27.0,25.559999465942383,26.6299991607666,26.6299991607666,4084200,EXEL
2017-08-03,26.15999984741211,27.3799991607666,25.40999984741211,25.709999084472656,25.709999084472656,5701700,EXEL
2017-08-04,25.860000610351562,26.809999465942383,25.809999465942383,26.65999984741211,26.65999984741211,2758900,EXEL
2017-08-07,26.219999313354492,26.850000381469727,26.110000610351562,26.690000534057617,26.690000534057617,3191500,EXEL
2017-08-08,26.579999923706055,27.350000381469727,26.290000915527344,27.200000762939453,27.200000762939453,3101700,EXEL
2017-08-09,26.899999618530273,27.719999313354492,26.709999084472656,27.190000534057617,27.190000534057617,3418400,EXEL
2017-08-10,27.030000686645508,27.280000686645508,26.420000076293945,26.450000762939453,26.450000762939453,3201100,EXEL
2017-08-11,26.489999771118164,27.100000381469727,26.31999969482422,26.510000228881836,26.510000228881836,2021000,EXEL
2017-08-14,26.729999542236328,27.0,26.360000610351562,26.739999771118164,26.739999771118164,2139800,EXEL
2017-08-15,26.920000076293945,27.15999984741211,26.700000762939453,26.90999984741211,26.90999984741211,2536800,EXEL
2017-08-16,27.850000381469727,27.899999618530273,26.649999618530273,26.780000686645508,26.780000686645508,3127300,EXEL
2017-08-17,26.709999084472656,27.09000015258789,26.520000457763672,26.8799991607666,26.8799991607666,3070500,EXEL
2017-08-18,26.809999465942383,26.920000076293945,26.079999923706055,26.329999923706055,26.329999923706055,2497400,EXEL
2017-08-21,26.440000534057617,26.829999923706055,26.079999923706055,26.3700008392334,26.3700008392334,1893800,EXEL
2017-08-22,26.440000534057617,27.059999465942383,26.420000076293945,27.0,27.0,2571400,EXEL
2017-08-23,26.8799991607666,27.56999969482422,26.780000686645508,26.790000915527344,26.790000915527344,2220900,EXEL
2017-08-24,26.989999771118164,27.440000534057617,26.770000457763672,27.31999969482422,27.31999969482422,1889400,EXEL
2017-08-25,27.399999618530273,27.809999465942383,27.100000381469727,27.15999984741211,27.15999984741211,2123300,EXEL
2017-08-28,27.31999969482422,27.93000030517578,27.100000381469727,27.31999969482422,27.31999969482422,2610600,EXEL
2017-08-29,27.079999923706055,27.770000457763672,26.93000030517578,27.559999465942383,27.559999465942383,2107100,EXEL
2017-08-30,27.559999465942383,28.670000076293945,27.559999465942383,28.280000686645508,28.280000686645508,3318500,EXEL
2017-08-31,28.479999542236328,29.5,28.399999618530273,29.239999771118164,29.239999771118164,3618100,EXEL
2017-09-01,29.450000762939453,29.469999313354492,28.670000076293945,28.979999542236328,28.979999542236328,2808800,EXEL
2017-09-05,28.850000381469727,29.299999237060547,27.90999984741211,28.219999313354492,28.219999313354492,2848900,EXEL
2017-09-06,28.40999984741211,28.649999618530273,28.149999618530273,28.170000076293945,28.170000076293945,2437700,EXEL
2017-09-07,28.049999237060547,28.170000076293945,24.670000076293945,25.65999984741211,25.65999984741211,10066600,EXEL
2017-09-08,25.489999771118164,26.5,25.479999542236328,25.969999313354492,25.969999313354492,4567000,EXEL
2017-09-11,26.579999923706055,26.979999542236328,25.709999084472656,26.239999771118164,26.239999771118164,4520300,EXEL
2017-09-12,26.209999084472656,26.950000762939453,26.040000915527344,26.950000762939453,26.950000762939453,3293400,EXEL
2017-09-13,26.90999984741211,27.540000915527344,26.799999237060547,27.110000610351562,27.110000610351562,3092100,EXEL
2017-09-14,26.959999084472656,27.549999237060547,26.899999618530273,27.239999771118164,27.239999771118164,4039800,EXEL
2017-09-15,27.489999771118164,28.1200008392334,27.31999969482422,27.56999969482422,27.56999969482422,8048400,EXEL
2017-09-18,27.56999969482422,28.1299991607666,27.399999618530273,27.579999923706055,27.579999923706055,2543800,EXEL
2017-09-19,27.530000686645508,27.959999084472656,27.510000228881836,27.920000076293945,27.920000076293945,2070800,EXEL
2017-09-20,27.899999618530273,28.649999618530273,27.829999923706055,28.270000457763672,28.270000457763672,3128700,EXEL
2017-09-21,28.219999313354492,28.3700008392334,27.959999084472656,28.010000228881836,28.010000228881836,1575400,EXEL
2017-09-22,27.0,27.010000228881836,24.06999969482422,24.469999313354492,24.469999313354492,10841200,EXEL
2017-09-25,24.979999542236328,25.100000381469727,23.18000030517578,23.350000381469727,23.350000381469727,7333700,EXEL
2017-09-26,23.309999465942383,23.969999313354492,23.18000030517578,23.59000015258789,23.59000015258789,3287400,EXEL
2017-09-27,23.709999084472656,24.270000457763672,23.6299991607666,23.75,23.75,2716500,EXEL
2017-09-28,23.670000076293945,24.489999771118164,23.559999465942383,24.229999542236328,24.229999542236328,2518300,EXEL
2017-09-29,24.18000030517578,24.440000534057617,23.68000030517578,24.229999542236328,24.229999542236328,2957100,EXEL
2017-10-02,24.329999923706055,24.530000686645508,24.010000228881836,24.280000686645508,24.280000686645508,2816500,EXEL
2017-10-03,24.209999084472656,24.420000076293945,23.850000381469727,24.40999984741211,24.40999984741211,2349200,EXEL
2017-10-04,24.40999984741211,25.5,24.299999237060547,25.260000228881836,25.260000228881836,4210200,EXEL
2017-10-05,25.270000457763672,26.200000762939453,25.219999313354492,25.729999542236328,25.729999542236328,2959200,EXEL
2017-10-06,25.530000686645508,26.190000534057617,25.530000686645508,25.709999084472656,25.709999084472656,2525200,EXEL
2017-10-09,25.90999984741211,26.040000915527344,25.3700008392334,25.65999984741211,25.65999984741211,1738900,EXEL
2017-10-10,25.639999389648438,25.969999313354492,25.549999237060547,25.940000534057617,25.940000534057617,1671400,EXEL
2017-10-11,26.0,26.1200008392334,25.6200008392334,25.649999618530273,25.649999618530273,2434700,EXEL
2017-10-12,25.540000915527344,25.719999313354492,24.719999313354492,24.729999542236328,24.729999542236328,3069800,EXEL
2017-10-13,24.799999237060547,24.889999389648438,24.459999084472656,24.760000228881836,24.760000228881836,2074200,EXEL
2017-10-16,29.1200008392334,32.5,28.450000762939453,29.020000457763672,29.020000457763672,29948200,EXEL
2017-10-17,29.020000457763672,30.200000762939453,28.25,28.299999237060547,28.299999237060547,8001800,EXEL
2017-10-18,28.350000381469727,28.459999084472656,27.3799991607666,27.530000686645508,27.530000686645508,5060100,EXEL
2017-10-19,27.399999618530273,28.079999923706055,26.809999465942383,27.459999084472656,27.459999084472656,3788200,EXEL
2017-10-20,27.309999465942383,27.829999923706055,27.059999465942383,27.170000076293945,27.170000076293945,2742600,EXEL
2017-10-23,27.469999313354492,27.65999984741211,26.899999618530273,26.979999542236328,26.979999542236328,2054000,EXEL
2017-10-24,26.90999984741211,27.030000686645508,26.149999618530273,26.440000534057617,26.440000534057617,3156800,EXEL
2017-10-25,26.59000015258789,26.860000610351562,25.75,25.889999389648438,25.889999389648438,2496000,EXEL
2017-10-26,25.459999084472656,26.3700008392334,25.43000030517578,25.920000076293945,25.920000076293945,4097200,EXEL
2017-10-27,26.010000228881836,26.8799991607666,25.90999984741211,26.6299991607666,26.6299991607666,2969000,EXEL
2017-10-30,26.75,27.56999969482422,25.84000015258789,26.079999923706055,26.079999923706055,4148900,EXEL
2017-10-31,26.309999465942383,26.389999389648438,24.75,24.790000915527344,24.790000915527344,4385400,EXEL
2017-11-01,24.950000762939453,25.360000610351562,24.190000534057617,24.229999542236328,24.229999542236328,4662800,EXEL
2017-11-02,26.520000457763672,26.68000030517578,25.239999771118164,25.520000457763672,25.520000457763672,6009000,EXEL
2017-11-03,25.25,26.299999237060547,25.139999389648438,26.25,26.25,3946800,EXEL
2017-11-06,26.149999618530273,27.579999923706055,26.059999465942383,27.3799991607666,27.3799991607666,3483800,EXEL
2017-11-07,27.290000915527344,27.399999618530273,26.3700008392334,26.59000015258789,26.59000015258789,3334600,EXEL
2017-11-08,26.75,27.049999237060547,25.90999984741211,26.399999618530273,26.399999618530273,2108700,EXEL
2017-11-09,26.280000686645508,26.299999237060547,25.5,25.75,25.75,2817700,EXEL
2017-11-10,25.5,25.8799991607666,25.360000610351562,25.850000381469727,25.850000381469727,2049800,EXEL
2017-11-13,25.670000076293945,26.200000762939453,25.600000381469727,26.049999237060547,26.049999237060547,1543600,EXEL
2017-11-14,25.950000762939453,26.239999771118164,24.860000610351562,25.110000610351562,25.110000610351562,2375800,EXEL
2017-11-15,24.950000762939453,25.100000381469727,24.139999389648438,24.75,24.75,2792300,EXEL
2017-11-16,24.920000076293945,25.90999984741211,24.540000915527344,25.829999923706055,25.829999923706055,2901900,EXEL
2017-11-17,25.760000228881836,26.520000457763672,25.450000762939453,26.3799991607666,26.3799991607666,2203900,EXEL
2017-11-20,26.34000015258789,26.43000030517578,25.520000457763672,25.649999618530273,25.649999618530273,1760400,EXEL
2017-11-21,25.780000686645508,26.18000030517578,25.6200008392334,26.049999237060547,26.049999237060547,1787700,EXEL
2017-11-22,26.399999618530273,26.700000762939453,25.889999389648438,26.1299991607666,26.1299991607666,1526600,EXEL
2017-11-24,26.229999542236328,26.559999465942383,25.81999969482422,25.850000381469727,25.850000381469727,878700,EXEL
2017-11-27,25.989999771118164,26.920000076293945,25.899999618530273,26.3799991607666,26.3799991607666,2575400,EXEL
2017-11-28,26.43000030517578,27.040000915527344,26.059999465942383,27.010000228881836,27.010000228881836,2642300,EXEL
2017-11-29,27.0,27.190000534057617,25.950000762939453,26.100000381469727,26.100000381469727,2285600,EXEL
2017-11-30,26.25,27.100000381469727,26.139999389648438,27.079999923706055,27.079999923706055,1904200,EXEL
2017-12-01,27.06999969482422,28.43000030517578,26.739999771118164,28.1200008392334,28.1200008392334,4156000,EXEL
2017-12-04,28.399999618530273,28.8799991607666,27.520000457763672,27.56999969482422,27.56999969482422,2452900,EXEL
2017-12-05,27.440000534057617,28.100000381469727,26.670000076293945,26.729999542236328,26.729999542236328,2007600,EXEL
2017-12-06,26.729999542236328,26.940000534057617,25.559999465942383,26.219999313354492,26.219999313354492,2428600,EXEL
2017-12-07,26.350000381469727,27.190000534057617,26.110000610351562,26.899999618530273,26.899999618530273,1200900,EXEL
2017-12-08,27.190000534057617,27.549999237060547,26.959999084472656,27.110000610351562,27.110000610351562,1995600,EXEL
2017-12-11,27.290000915527344,27.290000915527344,26.3700008392334,26.420000076293945,26.420000076293945,2103300,EXEL
2017-12-12,26.43000030517578,27.100000381469727,26.1200008392334,26.84000015258789,26.84000015258789,1360600,EXEL
2017-12-13,26.93000030517578,27.030000686645508,26.239999771118164,26.579999923706055,26.579999923706055,1885900,EXEL
2017-12-14,26.690000534057617,26.75,25.889999389648438,25.950000762939453,25.950000762939453,3553800,EXEL
2017-12-15,25.989999771118164,26.469999313354492,25.950000762939453,26.100000381469727,26.100000381469727,3687800,EXEL
2017-12-18,26.329999923706055,26.549999237060547,26.020000457763672,26.06999969482422,26.06999969482422,1828600,EXEL
2017-12-19,26.09000015258789,27.209999084472656,25.8799991607666,26.68000030517578,26.68000030517578,3765000,EXEL
2017-12-20,27.780000686645508,28.149999618530273,27.1299991607666,28.020000457763672,28.020000457763672,3543000,EXEL
2017-12-21,28.0,28.18000030517578,27.65999984741211,27.809999465942383,27.809999465942383,1903600,EXEL
2017-12-22,27.850000381469727,29.700000762939453,27.81999969482422,29.469999313354492,29.469999313354492,3659700,EXEL
2017-12-26,29.399999618530273,30.520000457763672,29.110000610351562,30.40999984741211,30.40999984741211,3325500,EXEL
2017-12-27,30.270000457763672,30.90999984741211,30.149999618530273,30.809999465942383,30.809999465942383,1966100,EXEL
2017-12-28,31.0,31.079999923706055,30.469999313354492,30.93000030517578,30.93000030517578,1716400,EXEL
2017-12-29,31.09000015258789,31.190000534057617,30.360000610351562,30.399999618530273,30.399999618530273,2201400,EXEL
2018-01-02,30.350000381469727,31.43000030517578,30.0,31.399999618530273,31.399999618530273,2619700,EXEL
2018-01-03,31.469999313354492,32.16999816894531,31.3700008392334,31.75,31.75,2666800,EXEL
2018-01-04,32.20000076293945,32.20000076293945,31.06999969482422,31.889999389648438,31.889999389648438,3415500,EXEL
2018-01-05,32.04999923706055,32.099998474121094,31.309999465942383,31.6200008392334,31.6200008392334,2243300,EXEL
2018-01-08,31.40999984741211,31.520000457763672,29.200000762939453,29.299999237060547,29.299999237060547,4861900,EXEL
2018-01-09,29.43000030517578,30.1299991607666,29.149999618530273,30.010000228881836,30.010000228881836,2675100,EXEL
2018-01-10,29.770000457763672,30.030000686645508,29.25,29.989999771118164,29.989999771118164,1807800,EXEL
2018-01-11,30.100000381469727,30.200000762939453,29.600000381469727,30.079999923706055,30.079999923706055,1397100,EXEL
2018-01-12,30.06999969482422,30.649999618530273,29.559999465942383,30.3799991607666,30.3799991607666,2026300,EXEL
2018-01-16,30.649999618530273,31.200000762939453,29.6299991607666,29.649999618530273,29.649999618530273,3108500,EXEL
2018-01-17,29.889999389648438,29.969999313354492,26.270000457763672,27.489999771118164,27.489999771118164,7710100,EXEL
2018-01-18,27.5,28.170000076293945,27.139999389648438,27.860000610351562,27.860000610351562,3141000,EXEL
2018-01-19,27.959999084472656,28.31999969482422,27.68000030517578,28.0,28.0,4682600,EXEL
2018-01-22,28.559999465942383,29.549999237060547,28.020000457763672,29.440000534057617,29.440000534057617,3830200,EXEL
2018-01-23,29.489999771118164,30.510000228881836,29.489999771118164,30.399999618530273,30.399999618530273,2631900,EXEL
2018-01-24,30.59000015258789,30.75,29.860000610351562,30.479999542236328,30.479999542236328,2869900,EXEL
2018-01-25,30.450000762939453,30.959999084472656,30.200000762939453,30.459999084472656,30.459999084472656,1927100,EXEL
2018-01-26,30.399999618530273,30.709999084472656,30.020000457763672,30.270000457763672,30.270000457763672,2089900,EXEL
2018-01-29,30.200000762939453,31.790000915527344,30.049999237060547,31.360000610351562,31.360000610351562,2926200,EXEL
2018-01-30,31.06999969482422,31.079999923706055,30.100000381469727,30.5,30.5,2747700,EXEL
2018-01-31,30.739999771118164,31.260000228881836,30.299999237060547,30.309999465942383,30.309999465942383,2824300,EXEL
2018-02-01,30.329999923706055,30.760000228881836,30.110000610351562,30.65999984741211,30.65999984741211,1814100,EXEL
2018-02-02,30.34000015258789,30.65999984741211,29.25,30.219999313354492,30.219999313354492,3018700,EXEL
2018-02-05,29.780000686645508,30.420000076293945,28.270000457763672,28.459999084472656,28.459999084472656,2900400,EXEL
2018-02-06,27.8700008392334,29.239999771118164,27.299999237060547,29.030000686645508,29.030000686645508,2449400,EXEL
2018-02-07,29.0,30.200000762939453,28.8799991607666,29.719999313354492,29.719999313354492,2019600,EXEL
2018-02-08,29.8700008392334,30.079999923706055,27.600000381469727,27.600000381469727,27.600000381469727,3089300,EXEL
2018-02-09,28.0,28.489999771118164,26.25,28.209999084472656,28.209999084472656,3175100,EXEL
2018-02-12,28.5,29.920000076293945,28.43000030517578,29.049999237060547,29.049999237060547,3056300,EXEL
2018-02-13,28.959999084472656,29.079999923706055,28.610000610351562,28.799999237060547,28.799999237060547,2098700,EXEL
2018-02-14,28.520000457763672,29.690000534057617,28.520000457763672,29.540000915527344,29.540000915527344,1616000,EXEL
2018-02-15,29.75,30.239999771118164,28.90999984741211,29.780000686645508,29.780000686645508,1856700,EXEL
2018-02-16,29.670000076293945,29.780000686645508,29.1299991607666,29.18000030517578,29.18000030517578,1490600,EXEL
2018-02-20,29.0,29.489999771118164,28.799999237060547,28.829999923706055,28.829999923706055,1181500,EXEL
2018-02-21,28.84000015258789,29.719999313354492,28.690000534057617,28.989999771118164,28.989999771118164,1887600,EXEL
2018-02-22,29.229999542236328,29.389999389648438,28.959999084472656,29.100000381469727,29.100000381469727,1656000,EXEL
2018-02-23,29.100000381469727,29.510000228881836,28.440000534057617,29.510000228881836,29.510000228881836,1909400,EXEL
2018-02-26,29.799999237060547,29.940000534057617,29.229999542236328,29.530000686645508,29.530000686645508,2673000,EXEL
2018-02-27,28.59000015258789,28.6299991607666,27.010000228881836,27.110000610351562,27.110000610351562,9043600,EXEL
2018-02-28,27.079999923706055,27.59000015258789,25.780000686645508,25.799999237060547,25.799999237060547,4478200,EXEL
2018-03-01,25.739999771118164,25.860000610351562,23.68000030517578,24.209999084472656,24.209999084472656,5757600,EXEL
2018-03-02,23.6200008392334,24.239999771118164,23.239999771118164,24.079999923706055,24.079999923706055,5282900,EXEL
2018-03-05,23.850000381469727,25.200000762939453,23.850000381469727,24.829999923706055,24.829999923706055,3589500,EXEL
2018-03-06,25.010000228881836,25.219999313354492,24.3799991607666,24.6200008392334,24.6200008392334,2883600,EXEL
2018-03-07,24.219999313354492,25.149999618530273,24.219999313354492,24.959999084472656,24.959999084472656,2546200,EXEL
2018-03-08,25.0,25.100000381469727,24.219999313354492,24.479999542236328,24.479999542236328,2634700,EXEL
2018-03-09,24.59000015258789,25.040000915527344,24.34000015258789,24.530000686645508,24.530000686645508,2118800,EXEL
2018-03-12,24.43000030517578,24.979999542236328,24.280000686645508,24.81999969482422,24.81999969482422,1733400,EXEL
2018-03-13,24.920000076293945,25.299999237060547,24.530000686645508,24.799999237060547,24.799999237060547,2028200,EXEL
2018-03-14,24.8700008392334,25.0,24.719999313354492,24.8700008392334,24.8700008392334,3314800,EXEL
2018-03-15,25.110000610351562,25.270000457763672,24.549999237060547,24.75,24.75,1676500,EXEL
2018-03-16,24.719999313354492,24.799999237060547,24.149999618530273,24.639999389648438,24.639999389648438,3174200,EXEL
2018-03-19,24.540000915527344,24.690000534057617,23.530000686645508,23.809999465942383,23.809999465942383,2256900,EXEL
2018-03-20,23.850000381469727,24.700000762939453,23.760000228881836,24.510000228881836,24.510000228881836,3274200,EXEL
2018-03-21,24.5,24.729999542236328,24.0,24.1299991607666,24.1299991607666,1714300,EXEL
2018-03-22,23.75,24.15999984741211,23.299999237060547,23.309999465942383,23.309999465942383,2203000,EXEL
2018-03-23,23.65999984741211,23.81999969482422,22.540000915527344,22.709999084472656,22.709999084472656,2807200,EXEL
2018-03-26,22.989999771118164,23.420000076293945,22.600000381469727,23.360000610351562,23.360000610351562,3536300,EXEL
2018-03-27,23.549999237060547,23.709999084472656,22.260000228881836,22.440000534057617,22.440000534057617,2819300,EXEL
2018-03-28,22.549999237060547,23.049999237060547,21.790000915527344,22.360000610351562,22.360000610351562,2949700,EXEL
2018-03-29,22.3799991607666,22.5,21.690000534057617,22.149999618530273,22.149999618530273,4838300,EXEL
2018-04-02,21.920000076293945,22.100000381469727,21.170000076293945,21.489999771118164,21.489999771118164,3532400,EXEL
2018-04-03,21.739999771118164,21.90999984741211,21.100000381469727,21.280000686645508,21.280000686645508,2863700,EXEL
2018-04-04,20.8700008392334,22.3799991607666,20.31999969482422,22.309999465942383,22.309999465942383,5438600,EXEL
2018-04-05,22.510000228881836,22.760000228881836,21.510000228881836,22.100000381469727,22.100000381469727,4173900,EXEL
2018-04-06,21.899999618530273,21.989999771118164,20.969999313354492,21.09000015258789,21.09000015258789,3134000,EXEL
2018-04-09,21.0,21.43000030517578,19.600000381469727,19.670000076293945,19.670000076293945,8891200,EXEL
2018-04-10,20.190000534057617,21.270000457763672,20.149999618530273,21.18000030517578,21.18000030517578,7126600,EXEL
2018-04-11,21.079999923706055,21.420000076293945,20.530000686645508,20.579999923706055,20.579999923706055,5196100,EXEL
2018-04-12,20.65999984741211,21.079999923706055,20.549999237060547,20.850000381469727,20.850000381469727,2202700,EXEL
2018-04-13,20.979999542236328,21.040000915527344,20.31999969482422,20.440000534057617,20.440000534057617,2488700,EXEL
2018-04-16,20.540000915527344,20.799999237060547,20.030000686645508,20.399999618530273,20.399999618530273,2838100,EXEL
2018-04-17,20.6200008392334,21.84000015258789,20.6200008392334,21.670000076293945,21.670000076293945,2800000,EXEL
2018-04-18,21.639999389648438,21.829999923706055,21.18000030517578,21.420000076293945,21.420000076293945,1807800,EXEL
2018-04-19,21.280000686645508,21.3700008392334,20.829999923706055,21.09000015258789,21.09000015258789,2179400,EXEL
2018-04-20,21.239999771118164,21.399999618530273,20.760000228881836,20.8700008392334,20.8700008392334,2337400,EXEL
2018-04-23,20.950000762939453,21.059999465942383,20.469999313354492,20.739999771118164,20.739999771118164,1693100,EXEL
2018-04-24,20.760000228881836,20.8799991607666,20.219999313354492,20.399999618530273,20.399999618530273,3046200,EXEL
2018-04-25,20.479999542236328,21.280000686645508,20.110000610351562,20.829999923706055,20.829999923706055,2788700,EXEL
2018-04-26,20.860000610351562,21.239999771118164,20.6299991607666,20.709999084472656,20.709999084472656,2039800,EXEL
2018-04-27,20.850000381469727,21.420000076293945,20.719999313354492,21.34000015258789,21.34000015258789,2442800,EXEL
2018-04-30,21.399999618530273,21.520000457763672,20.809999465942383,20.81999969482422,20.81999969482422,2424200,EXEL
2018-05-01,20.799999237060547,21.260000228881836,20.639999389648438,21.0,21.0,2829600,EXEL
2018-05-02,21.110000610351562,21.459999084472656,20.559999465942383,20.6200008392334,20.6200008392334,3601800,EXEL
2018-05-03,22.09000015258789,23.760000228881836,21.389999389648438,22.219999313354492,22.219999313354492,8258600,EXEL
2018-05-04,22.1299991607666,22.579999923706055,21.010000228881836,22.450000762939453,22.450000762939453,5895000,EXEL
2018-05-07,22.510000228881836,22.989999771118164,21.899999618530273,22.209999084472656,22.209999084472656,2734000,EXEL
2018-05-08,22.049999237060547,22.18000030517578,21.6200008392334,21.670000076293945,21.670000076293945,2211400,EXEL
2018-05-09,21.799999237060547,21.899999618530273,21.299999237060547,21.690000534057617,21.690000534057617,1795000,EXEL
2018-05-10,19.639999389648438,19.940000534057617,18.5,18.559999465942383,18.559999465942383,13576000,EXEL
2018-05-11,19.030000686645508,19.59000015258789,18.68000030517578,19.549999237060547,19.549999237060547,6274800,EXEL
2018-05-14,20.010000228881836,20.829999923706055,19.899999618530273,20.729999542236328,20.729999542236328,6609000,EXEL
2018-05-15,20.700000762939453,21.06999969482422,20.209999084472656,21.010000228881836,21.010000228881836,6790200,EXEL
2018-05-16,21.049999237060547,21.049999237060547,20.389999389648438,20.40999984741211,20.40999984741211,5547500,EXEL
2018-05-17,20.59000015258789,21.6299991607666,20.5,21.559999465942383,21.559999465942383,5222200,EXEL
2018-05-18,21.540000915527344,22.100000381469727,21.389999389648438,21.579999923706055,21.579999923706055,3719200,EXEL
2018-05-21,21.6299991607666,22.020000457763672,20.81999969482422,20.93000030517578,20.93000030517578,4813000,EXEL
2018-05-22,21.059999465942383,21.600000381469727,21.010000228881836,21.559999465942383,21.559999465942383,2857700,EXEL
2018-05-23,21.350000381469727,21.56999969482422,20.1299991607666,20.579999923706055,20.579999923706055,5285300,EXEL
2018-05-24,20.5,20.739999771118164,20.209999084472656,20.5,20.5,1952700,EXEL
2018-05-25,20.399999618530273,20.899999618530273,20.309999465942383,20.84000015258789,20.84000015258789,2071700,EXEL
2018-05-29,20.68000030517578,20.989999771118164,20.139999389648438,20.309999465942383,20.309999465942383,2265800,EXEL
2018-05-30,20.3799991607666,20.84000015258789,20.280000686645508,20.809999465942383,20.809999465942383,3173100,EXEL
2018-05-31,20.75,21.18000030517578,20.540000915527344,20.729999542236328,20.729999542236328,2671800,EXEL
2018-06-01,20.84000015258789,21.059999465942383,20.389999389648438,20.579999923706055,20.579999923706055,3790200,EXEL
2018-06-04,20.549999237060547,20.899999618530273,20.0,20.1299991607666,20.1299991607666,3530900,EXEL
2018-06-05,20.280000686645508,20.420000076293945,19.989999771118164,20.020000457763672,20.020000457763672,2308000,EXEL
2018-06-06,20.010000228881836,20.139999389648438,19.56999969482422,19.899999618530273,19.899999618530273,3426800,EXEL
2018-06-07,20.049999237060547,20.059999465942383,19.110000610351562,19.209999084472656,19.209999084472656,2754600,EXEL
2018-06-08,19.110000610351562,19.579999923706055,19.040000915527344,19.40999984741211,19.40999984741211,2095300,EXEL
2018-06-11,19.5,19.530000686645508,19.06999969482422,19.1299991607666,19.1299991607666,1997000,EXEL
2018-06-12,19.1200008392334,19.59000015258789,19.1200008392334,19.280000686645508,19.280000686645508,2374400,EXEL
2018-06-13,19.329999923706055,19.479999542236328,18.969999313354492,19.209999084472656,19.209999084472656,1995900,EXEL
2018-06-14,19.270000457763672,19.59000015258789,18.950000762939453,19.399999618530273,19.399999618530273,2107500,EXEL
2018-06-15,19.290000915527344,19.770000457763672,19.18000030517578,19.639999389648438,19.639999389648438,3155900,EXEL
2018-06-18,19.600000381469727,19.81999969482422,19.31999969482422,19.469999313354492,19.469999313354492,1912200,EXEL
2018-06-19,19.290000915527344,19.850000381469727,19.170000076293945,19.829999923706055,19.829999923706055,2219500,EXEL
2018-06-20,20.0,20.690000534057617,19.93000030517578,20.6299991607666,20.6299991607666,2952800,EXEL
2018-06-21,20.6299991607666,20.719999313354492,20.299999237060547,20.360000610351562,20.360000610351562,2211100,EXEL
2018-06-22,21.0,21.0,19.739999771118164,20.040000915527344,20.040000915527344,3559900,EXEL
2018-06-25,20.0,20.219999313354492,19.3700008392334,19.540000915527344,19.540000915527344,2139000,EXEL
2018-06-26,20.739999771118164,21.81999969482422,20.719999313354492,21.100000381469727,21.100000381469727,13464700,EXEL
2018-06-27,21.020000457763672,21.84000015258789,21.010000228881836,21.030000686645508,21.030000686645508,8624900,EXEL
2018-06-28,20.90999984741211,21.3700008392334,20.670000076293945,21.200000762939453,21.200000762939453,7175300,EXEL
2018-06-29,21.459999084472656,21.770000457763672,21.309999465942383,21.520000457763672,21.520000457763672,47356200,EXEL
2018-07-02,21.239999771118164,21.649999618530273,21.059999465942383,21.6200008392334,21.6200008392334,4606700,EXEL
2018-07-03,21.68000030517578,21.709999084472656,21.100000381469727,21.399999618530273,21.399999618530273,2355200,EXEL
2018-07-05,21.649999618530273,21.8700008392334,21.049999237060547,21.170000076293945,21.170000076293945,3683100,EXEL
2018-07-06,21.6200008392334,21.649999618530273,20.899999618530273,21.209999084472656,21.209999084472656,5515000,EXEL
2018-07-09,21.25,21.459999084472656,20.770000457763672,21.110000610351562,21.110000610351562,4255900,EXEL
2018-07-10,21.18000030517578,21.399999618530273,20.81999969482422,21.350000381469727,21.350000381469727,5768200,EXEL
2018-07-11,21.399999618530273,21.93000030517578,21.219999313354492,21.610000610351562,21.610000610351562,3499500,EXEL
2018-07-12,21.6200008392334,22.100000381469727,21.40999984741211,21.920000076293945,21.920000076293945,4037900,EXEL
2018-07-13,21.969999313354492,22.209999084472656,21.700000762939453,21.860000610351562,21.860000610351562,2755900,EXEL
2018-07-16,21.719999313354492,21.979999542236328,20.989999771118164,21.06999969482422,21.06999969482422,3801400,EXEL
2018-07-17,20.90999984741211,21.450000762939453,20.90999984741211,21.34000015258789,21.34000015258789,2731100,EXEL
2018-07-18,21.3799991607666,21.399999618530273,20.540000915527344,21.329999923706055,21.329999923706055,2789800,EXEL
2018-07-19,21.40999984741211,21.6200008392334,21.139999389648438,21.34000015258789,21.34000015258789,2580500,EXEL
2018-07-20,21.389999389648438,21.459999084472656,21.1200008392334,21.290000915527344,21.290000915527344,2321300,EXEL
2018-07-23,21.239999771118164,21.440000534057617,21.059999465942383,21.329999923706055,21.329999923706055,1958800,EXEL
2018-07-24,21.530000686645508,21.739999771118164,20.700000762939453,20.860000610351562,20.860000610351562,2578900,EXEL
2018-07-25,20.84000015258789,21.280000686645508,20.760000228881836,21.049999237060547,21.049999237060547,2109000,EXEL
2018-07-26,21.0,22.110000610351562,20.81999969482422,21.690000534057617,21.690000534057617,3804700,EXEL
2018-07-27,21.6200008392334,21.790000915527344,21.149999618530273,21.649999618530273,21.649999618530273,3422200,EXEL
2018-07-30,21.68000030517578,21.889999389648438,21.280000686645508,21.469999313354492,21.469999313354492,2881600,EXEL
2018-07-31,21.440000534057617,21.510000228881836,20.31999969482422,20.700000762939453,20.700000762939453,4611300,EXEL
2018-08-01,20.420000076293945,20.799999237060547,20.399999618530273,20.520000457763672,20.520000457763672,3662100,EXEL
2018-08-02,21.020000457763672,23.190000534057617,20.920000076293945,22.399999618530273,22.399999618530273,7888300,EXEL
2018-08-03,22.530000686645508,22.6200008392334,20.530000686645508,20.6200008392334,20.6200008392334,6498800,EXEL
2018-08-06,20.549999237060547,21.06999969482422,20.469999313354492,20.940000534057617,20.940000534057617,3696800,EXEL
2018-08-07,21.139999389648438,21.270000457763672,20.940000534057617,21.170000076293945,21.170000076293945,2816600,EXEL
2018-08-08,21.059999465942383,21.200000762939453,20.920000076293945,21.0,21.0,1894200,EXEL
2018-08-09,20.93000030517578,20.979999542236328,20.700000762939453,20.700000762939453,20.700000762939453,1929800,EXEL
2018-08-10,20.600000381469727,20.920000076293945,20.3700008392334,20.399999618530273,20.399999618530273,1844400,EXEL
2018-08-13,20.440000534057617,20.549999237060547,19.6200008392334,19.639999389648438,19.639999389648438,4083900,EXEL
2018-08-14,19.709999084472656,19.920000076293945,19.450000762939453,19.8799991607666,19.8799991607666,2089800,EXEL
2018-08-15,19.75,19.940000534057617,19.290000915527344,19.40999984741211,19.40999984741211,2212900,EXEL
2018-08-16,19.459999084472656,19.75,19.229999542236328,19.579999923706055,19.579999923706055,1874600,EXEL
2018-08-17,19.520000457763672,19.59000015258789,19.1200008392334,19.200000762939453,19.200000762939453,2820100,EXEL
2018-08-20,19.15999984741211,19.200000762939453,17.34000015258789,17.690000534057617,17.690000534057617,8467800,EXEL
2018-08-21,17.809999465942383,18.110000610351562,16.899999618530273,17.950000762939453,17.950000762939453,4501600,EXEL
2018-08-22,17.920000076293945,18.25,17.889999389648438,18.139999389648438,18.139999389648438,1857600,EXEL
2018-08-23,18.110000610351562,18.219999313354492,17.610000610351562,17.940000534057617,17.940000534057617,2717500,EXEL
2018-08-24,18.0,18.010000228881836,17.559999465942383,17.639999389648438,17.639999389648438,1927800,EXEL
2018-08-27,17.649999618530273,18.530000686645508,17.649999618530273,18.489999771118164,18.489999771118164,3304100,EXEL
2018-08-28,18.579999923706055,18.850000381469727,18.079999923706055,18.700000762939453,18.700000762939453,3595700,EXEL
2018-08-29,18.799999237060547,19.610000610351562,18.799999237060547,19.540000915527344,19.540000915527344,3893400,EXEL
2018-08-30,19.479999542236328,19.59000015258789,19.1299991607666,19.25,19.25,3810300,EXEL
2018-08-31,19.25,19.260000228881836,18.709999084472656,18.790000915527344,18.790000915527344,3081400,EXEL
2018-09-04,18.649999618530273,18.780000686645508,18.350000381469727,18.639999389648438,18.639999389648438,2205800,EXEL
2018-09-05,18.649999618530273,19.149999618530273,18.540000915527344,18.940000534057617,18.940000534057617,2281200,EXEL
2018-09-06,19.09000015258789,19.09000015258789,18.520000457763672,18.6200008392334,18.6200008392334,2304000,EXEL
2018-09-07,18.559999465942383,18.790000915527344,18.229999542236328,18.549999237060547,18.549999237060547,2166900,EXEL
2018-09-10,18.15999984741211,18.940000534057617,18.139999389648438,18.799999237060547,18.799999237060547,2363500,EXEL
2018-09-11,18.68000030517578,18.760000228881836,16.850000381469727,17.34000015258789,17.34000015258789,7835100,EXEL
2018-09-12,17.360000610351562,17.530000686645508,16.610000610351562,16.700000762939453,16.700000762939453,5236800,EXEL
2018-09-13,17.139999389648438,17.139999389648438,16.540000915527344,16.709999084472656,16.709999084472656,4081000,EXEL
2018-09-14,16.670000076293945,17.270000457763672,16.600000381469727,16.969999313354492,16.969999313354492,3232100,EXEL
2018-09-17,16.920000076293945,17.079999923706055,15.8100004196167,15.869999885559082,15.869999885559082,5525400,EXEL
2018-09-18,16.1299991607666,16.889999389648438,16.040000915527344,16.670000076293945,16.670000076293945,5674800,EXEL
2018-09-19,16.799999237060547,16.979999542236328,16.389999389648438,16.440000534057617,16.440000534057617,3066000,EXEL
2018-09-20,16.450000762939453,16.920000076293945,16.450000762939453,16.889999389648438,16.889999389648438,2753500,EXEL
2018-09-21,16.920000076293945,17.0,16.639999389648438,16.760000228881836,16.760000228881836,5869700,EXEL
2018-09-24,16.790000915527344,16.959999084472656,16.6299991607666,16.8700008392334,16.8700008392334,2360000,EXEL
2018-09-25,16.979999542236328,17.34000015258789,16.829999923706055,17.18000030517578,17.18000030517578,3240100,EXEL
2018-09-26,17.229999542236328,17.700000762939453,17.170000076293945,17.200000762939453,17.200000762939453,3085600,EXEL
2018-09-27,17.190000534057617,17.790000915527344,17.18000030517578,17.6299991607666,17.6299991607666,2509800,EXEL
2018-09-28,17.649999618530273,18.0,17.610000610351562,17.719999313354492,17.719999313354492,3489400,EXEL
2018-10-01,17.719999313354492,17.989999771118164,17.639999389648438,17.84000015258789,17.84000015258789,3036400,EXEL
2018-10-02,17.93000030517578,17.969999313354492,17.56999969482422,17.940000534057617,17.940000534057617,3143700,EXEL
2018-10-03,18.0,18.31999969482422,17.8700008392334,18.18000030517578,18.18000030517578,2129600,EXEL
2018-10-04,18.1200008392334,18.239999771118164,17.68000030517578,17.84000015258789,17.84000015258789,2297400,EXEL
2018-10-05,17.920000076293945,18.219999313354492,17.350000381469727,17.6200008392334,17.6200008392334,2447800,EXEL
2018-10-08,17.56999969482422,17.75,17.149999618530273,17.350000381469727,17.350000381469727,2622900,EXEL
2018-10-09,17.329999923706055,17.709999084472656,17.010000228881836,17.469999313354492,17.469999313354492,2285000,EXEL
2018-10-10,17.3799991607666,17.459999084472656,16.200000762939453,16.219999313354492,16.219999313354492,4817500,EXEL
2018-10-11,16.219999313354492,16.450000762939453,15.84000015258789,15.9399995803833,15.9399995803833,3368100,EXEL
2018-10-12,16.34000015258789,16.440000534057617,15.899999618530273,16.239999771118164,16.239999771118164,3842800,EXEL
2018-10-15,16.170000076293945,16.200000762939453,15.489999771118164,15.899999618530273,15.899999618530273,3680600,EXEL
2018-10-16,16.239999771118164,16.940000534057617,16.110000610351562,16.920000076293945,16.920000076293945,2870400,EXEL
2018-10-17,16.690000534057617,17.100000381469727,16.639999389648438,17.010000228881836,17.010000228881836,2321500,EXEL
2018-10-18,16.899999618530273,16.950000762939453,16.010000228881836,16.520000457763672,16.520000457763672,3489300,EXEL
2018-10-19,16.6200008392334,16.920000076293945,16.18000030517578,16.270000457763672,16.270000457763672,3764100,EXEL
2018-10-22,16.440000534057617,16.639999389648438,15.430000305175781,15.449999809265137,15.449999809265137,3570400,EXEL
2018-10-23,15.0600004196167,15.3100004196167,14.720000267028809,14.819999694824219,14.819999694824219,5464000,EXEL
2018-10-24,14.850000381469727,15.239999771118164,13.970000267028809,13.979999542236328,13.979999542236328,4975200,EXEL
2018-10-25,14.0600004196167,14.970000267028809,13.949999809265137,14.640000343322754,14.640000343322754,3665300,EXEL
2018-10-26,14.399999618530273,14.579999923706055,14.119999885559082,14.380000114440918,14.380000114440918,3525800,EXEL
2018-10-29,14.630000114440918,14.789999961853027,13.420000076293945,13.649999618530273,13.649999618530273,5110700,EXEL
2018-10-30,13.649999618530273,14.140000343322754,13.5,14.130000114440918,14.130000114440918,4710700,EXEL
2018-10-31,14.270000457763672,14.489999771118164,13.859999656677246,13.869999885559082,13.869999885559082,3628400,EXEL
2018-11-01,13.890000343322754,15.220000267028809,13.890000343322754,14.949999809265137,14.949999809265137,5178400,EXEL
2018-11-02,17.809999465942383,19.200000762939453,16.829999923706055,17.40999984741211,17.40999984741211,14052800,EXEL
2018-11-05,17.5,18.190000534057617,17.479999542236328,17.809999465942383,17.809999465942383,6335100,EXEL
2018-11-06,17.75,18.15999984741211,16.8799991607666,16.959999084472656,16.959999084472656,4524200,EXEL
2018-11-07,17.100000381469727,17.450000762939453,16.790000915527344,17.309999465942383,17.309999465942383,4173200,EXEL
2018-11-08,17.200000762939453,17.75,17.100000381469727,17.1200008392334,17.1200008392334,3501100,EXEL
2018-11-09,16.989999771118164,17.229999542236328,16.389999389648438,16.670000076293945,16.670000076293945,4282300,EXEL
2018-11-12,16.56999969482422,16.770000457763672,15.6899995803833,15.930000305175781,15.930000305175781,4449000,EXEL
2018-11-13,16.040000915527344,16.81999969482422,16.040000915527344,16.649999618530273,16.649999618530273,4057200,EXEL
2018-11-14,16.93000030517578,17.34000015258789,16.56999969482422,16.760000228881836,16.760000228881836,4764000,EXEL
2018-11-15,17.059999465942383,17.489999771118164,16.860000610351562,17.450000762939453,17.450000762939453,4811000,EXEL
2018-11-16,17.290000915527344,18.040000915527344,17.059999465942383,17.920000076293945,17.920000076293945,4527900,EXEL
2018-11-19,17.75,18.170000076293945,17.309999465942383,17.700000762939453,17.700000762939453,5357600,EXEL
2018-11-20,17.299999237060547,17.829999923706055,17.09000015258789,17.670000076293945,17.670000076293945,4070000,EXEL
2018-11-21,17.790000915527344,18.3700008392334,17.770000457763672,18.100000381469727,18.100000381469727,2555600,EXEL
2018-11-23,18.059999465942383,18.690000534057617,17.950000762939453,18.06999969482422,18.06999969482422,1365700,EXEL
2018-11-26,18.34000015258789,18.809999465942383,18.139999389648438,18.770000457763672,18.770000457763672,4104000,EXEL
2018-11-27,18.649999618530273,18.920000076293945,18.450000762939453,18.81999969482422,18.81999969482422,2651600,EXEL
2018-11-28,18.989999771118164,19.729999542236328,18.520000457763672,19.719999313354492,19.719999313354492,5043500,EXEL
2018-11-29,19.639999389648438,20.040000915527344,19.360000610351562,19.65999984741211,19.65999984741211,4304800,EXEL
2018-11-30,19.65999984741211,20.350000381469727,19.579999923706055,20.309999465942383,20.309999465942383,3574000,EXEL
2018-12-03,20.979999542236328,21.579999923706055,20.719999313354492,21.5,21.5,5604100,EXEL
2018-12-04,21.469999313354492,21.65999984741211,20.540000915527344,20.559999465942383,20.559999465942383,5402900,EXEL
2018-12-06,20.15999984741211,21.110000610351562,19.700000762939453,21.100000381469727,21.100000381469727,4602300,EXEL
2018-12-07,20.950000762939453,21.540000915527344,20.469999313354492,20.540000915527344,20.540000915527344,3637500,EXEL
2018-12-10,20.579999923706055,21.5,20.540000915527344,21.360000610351562,21.360000610351562,3868500,EXEL
2018-12-11,21.6299991607666,21.770000457763672,20.860000610351562,20.979999542236328,20.979999542236328,3126100,EXEL
2018-12-12,21.360000610351562,22.3700008392334,21.170000076293945,21.799999237060547,21.799999237060547,4612200,EXEL
2018-12-13,21.84000015258789,21.979999542236328,20.899999618530273,21.290000915527344,21.290000915527344,3286500,EXEL
2018-12-14,20.899999618530273,21.520000457763672,20.729999542236328,21.030000686645508,21.030000686645508,3436400,EXEL
2018-12-17,20.889999389648438,21.610000610351562,20.610000610351562,20.84000015258789,20.84000015258789,3783500,EXEL
2018-12-18,21.1200008392334,21.229999542236328,19.799999237060547,20.18000030517578,20.18000030517578,4460700,EXEL
2018-12-19,20.100000381469727,20.969999313354492,18.940000534057617,19.170000076293945,19.170000076293945,6212500,EXEL
2018-12-20,19.110000610351562,19.440000534057617,17.90999984741211,18.399999618530273,18.399999618530273,7026800,EXEL
2018-12-21,18.559999465942383,18.8700008392334,17.700000762939453,17.719999313354492,17.719999313354492,9182200,EXEL
2018-12-24,17.440000534057617,18.040000915527344,17.139999389648438,17.469999313354492,17.469999313354492,2073900,EXEL
2018-12-26,17.729999542236328,18.969999313354492,17.579999923706055,18.950000762939453,18.950000762939453,2643100,EXEL
2018-12-27,18.600000381469727,19.260000228881836,18.360000610351562,19.260000228881836,19.260000228881836,3418800,EXEL
2018-12-28,19.309999465942383,19.809999465942383,18.969999313354492,19.440000534057617,19.440000534057617,3242100,EXEL
2018-12-31,19.860000610351562,20.06999969482422,19.469999313354492,19.670000076293945,19.670000076293945,2690800,EXEL
2019-01-02,19.280000686645508,20.010000228881836,19.170000076293945,19.93000030517578,19.93000030517578,2897300,EXEL
2019-01-03,19.93000030517578,20.0,19.1299991607666,19.600000381469727,19.600000381469727,4692600,EXEL
2019-01-04,19.959999084472656,20.81999969482422,19.829999923706055,20.729999542236328,20.729999542236328,6101800,EXEL
2019-01-07,21.030000686645508,22.010000228881836,20.969999313354492,21.899999618530273,21.899999618530273,4551600,EXEL
2019-01-08,22.399999618530273,23.440000534057617,21.920000076293945,23.280000686645508,23.280000686645508,6114900,EXEL
2019-01-09,23.3799991607666,23.860000610351562,22.860000610351562,23.670000076293945,23.670000076293945,4372400,EXEL
2019-01-10,23.540000915527344,24.100000381469727,23.059999465942383,24.06999969482422,24.06999969482422,3628600,EXEL
2019-01-11,23.940000534057617,24.25,23.3700008392334,23.760000228881836,23.760000228881836,4010100,EXEL
2019-01-14,23.530000686645508,23.700000762939453,22.84000015258789,22.860000610351562,22.860000610351562,4046800,EXEL
2019-01-15,23.219999313354492,24.190000534057617,22.709999084472656,24.049999237060547,24.049999237060547,6390700,EXEL
2019-01-16,24.059999465942383,24.06999969482422,22.899999618530273,22.93000030517578,22.93000030517578,4155000,EXEL
2019-01-17,22.899999618530273,23.579999923706055,22.760000228881836,22.81999969482422,22.81999969482422,4333400,EXEL
2019-01-18,22.899999618530273,23.030000686645508,22.229999542236328,22.649999618530273,22.649999618530273,5942800,EXEL
2019-01-22,22.459999084472656,22.6299991607666,21.799999237060547,22.110000610351562,22.110000610351562,3650400,EXEL
2019-01-23,22.1299991607666,22.309999465942383,21.610000610351562,22.1200008392334,22.1200008392334,5206300,EXEL
2019-01-24,22.190000534057617,22.760000228881836,22.190000534057617,22.639999389648438,22.639999389648438,3439300,EXEL
2019-01-25,22.8799991607666,23.290000915527344,22.239999771118164,23.270000457763672,23.270000457763672,3712200,EXEL
2019-01-28,23.049999237060547,23.440000534057617,22.600000381469727,23.06999969482422,23.06999969482422,3807400,EXEL
2019-01-29,23.18000030517578,23.31999969482422,22.639999389648438,23.1299991607666,23.1299991607666,2686700,EXEL
2019-01-30,23.329999923706055,23.389999389648438,22.799999237060547,23.299999237060547,23.299999237060547,3089800,EXEL
2019-01-31,23.290000915527344,23.81999969482422,23.25,23.56999969482422,23.56999969482422,4536900,EXEL
2019-02-01,23.559999465942383,23.719999313354492,23.40999984741211,23.59000015258789,23.59000015258789,3945900,EXEL
2019-02-04,23.639999389648438,23.690000534057617,23.0,23.209999084472656,23.209999084472656,2838000,EXEL
2019-02-05,23.260000228881836,23.649999618530273,22.639999389648438,22.780000686645508,22.780000686645508,3844900,EXEL
2019-02-06,22.729999542236328,23.040000915527344,22.579999923706055,22.600000381469727,22.600000381469727,3433300,EXEL
2019-02-07,22.440000534057617,22.440000534057617,21.100000381469727,21.219999313354492,21.219999313354492,6138400,EXEL
2019-02-08,21.010000228881836,21.329999923706055,20.729999542236328,21.270000457763672,21.270000457763672,4571100,EXEL
2019-02-11,21.299999237060547,21.559999465942383,20.8799991607666,20.979999542236328,20.979999542236328,3282400,EXEL
2019-02-12,21.1299991607666,21.920000076293945,21.010000228881836,21.68000030517578,21.68000030517578,6210900,EXEL
2019-02-13,23.149999618530273,23.59000015258789,21.3700008392334,22.049999237060547,22.049999237060547,10182600,EXEL
2019-02-14,22.0,22.65999984741211,21.3799991607666,22.299999237060547,22.299999237060547,5323700,EXEL
2019-02-15,22.34000015258789,22.65999984741211,22.0,22.260000228881836,22.260000228881836,4092100,EXEL
2019-02-19,22.100000381469727,22.1299991607666,21.209999084472656,21.350000381469727,21.350000381469727,4847300,EXEL
2019-02-20,21.360000610351562,21.670000076293945,20.700000762939453,21.239999771118164,21.239999771118164,3957400,EXEL
2019-02-21,21.209999084472656,21.479999542236328,21.059999465942383,21.219999313354492,21.219999313354492,2082300,EXEL
2019-02-22,21.219999313354492,21.520000457763672,21.06999969482422,21.520000457763672,21.520000457763672,1846800,EXEL
2019-02-25,21.700000762939453,22.5,21.530000686645508,22.3700008392334,22.3700008392334,3887800,EXEL
2019-02-26,22.31999969482422,22.8799991607666,22.09000015258789,22.489999771118164,22.489999771118164,2704500,EXEL
2019-02-27,22.440000534057617,23.0,22.06999969482422,22.81999969482422,22.81999969482422,2816000,EXEL
2019-02-28,22.780000686645508,22.899999618530273,22.09000015258789,22.389999389648438,22.389999389648438,3045600,EXEL
2019-03-01,22.8799991607666,23.049999237060547,22.43000030517578,22.889999389648438,22.889999389648438,3031400,EXEL
2019-03-04,23.049999237060547,23.209999084472656,22.290000915527344,22.559999465942383,22.559999465942383,3172300,EXEL
2019-03-05,22.56999969482422,23.309999465942383,22.5,22.860000610351562,22.860000610351562,3655500,EXEL
2019-03-06,22.899999618530273,23.020000457763672,22.3700008392334,22.809999465942383,22.809999465942383,2973800,EXEL
2019-03-07,22.799999237060547,23.25,22.3700008392334,23.1299991607666,23.1299991607666,2727200,EXEL
2019-03-08,22.760000228881836,23.299999237060547,22.600000381469727,23.040000915527344,23.040000915527344,2125000,EXEL
2019-03-11,23.1299991607666,23.65999984741211,23.059999465942383,23.540000915527344,23.540000915527344,2762700,EXEL
2019-03-12,23.600000381469727,23.829999923706055,23.459999084472656,23.59000015258789,23.59000015258789,2957200,EXEL
2019-03-13,23.700000762939453,25.0,23.670000076293945,24.709999084472656,24.709999084472656,5214700,EXEL
2019-03-14,24.780000686645508,25.190000534057617,24.479999542236328,24.760000228881836,24.760000228881836,3983200,EXEL
2019-03-15,24.809999465942383,25.1200008392334,24.440000534057617,24.530000686645508,24.530000686645508,4143300,EXEL
2019-03-18,24.700000762939453,25.309999465942383,24.06999969482422,24.139999389648438,24.139999389648438,5424600,EXEL
2019-03-19,24.329999923706055,24.579999923706055,24.100000381469727,24.31999969482422,24.31999969482422,2731300,EXEL
2019-03-20,24.280000686645508,24.790000915527344,24.209999084472656,24.3799991607666,24.3799991607666,2421800,EXEL
2019-03-21,24.139999389648438,24.510000228881836,23.8799991607666,24.280000686645508,24.280000686645508,2340000,EXEL
2019-03-22,24.200000762939453,24.3799991607666,23.219999313354492,23.219999313354492,23.219999313354492,3677100,EXEL
2019-03-25,23.200000762939453,23.31999969482422,22.75,23.200000762939453,23.200000762939453,2422700,EXEL
2019-03-26,23.389999389648438,23.700000762939453,23.209999084472656,23.600000381469727,23.600000381469727,1586600,EXEL
2019-03-27,23.579999923706055,23.709999084472656,23.059999465942383,23.239999771118164,23.239999771118164,1758600,EXEL
2019-03-28,23.299999237060547,23.729999542236328,23.299999237060547,23.6299991607666,23.6299991607666,2058600,EXEL
2019-03-29,23.899999618530273,24.030000686645508,23.65999984741211,23.799999237060547,23.799999237060547,2806900,EXEL
2019-04-01,23.989999771118164,24.350000381469727,23.8700008392334,24.299999237060547,24.299999237060547,2570400,EXEL
2019-04-02,24.350000381469727,24.780000686645508,24.200000762939453,24.729999542236328,24.729999542236328,2082000,EXEL
2019-04-03,24.889999389648438,25.200000762939453,24.520000457763672,24.75,24.75,5911200,EXEL
2019-04-04,24.799999237060547,25.0,23.719999313354492,24.079999923706055,24.079999923706055,2528900,EXEL
2019-04-05,24.1200008392334,24.729999542236328,24.010000228881836,24.579999923706055,24.579999923706055,3042500,EXEL
2019-04-08,24.479999542236328,24.59000015258789,24.190000534057617,24.450000762939453,24.450000762939453,1952300,EXEL
2019-04-09,24.229999542236328,24.520000457763672,23.979999542236328,24.030000686645508,24.030000686645508,2364200,EXEL
2019-04-10,24.040000915527344,24.270000457763672,23.65999984741211,24.190000534057617,24.190000534057617,2010600,EXEL
2019-04-11,24.06999969482422,24.469999313354492,23.530000686645508,23.56999969482422,23.56999969482422,2181800,EXEL
2019-04-12,23.799999237060547,23.93000030517578,23.15999984741211,23.200000762939453,23.200000762939453,2259500,EXEL
2019-04-15,23.239999771118164,23.579999923706055,22.809999465942383,23.010000228881836,23.010000228881836,1577900,EXEL
2019-04-16,23.15999984741211,23.25,22.790000915527344,22.850000381469727,22.850000381469727,1573400,EXEL
2019-04-17,23.049999237060547,23.06999969482422,21.1200008392334,21.360000610351562,21.360000610351562,3750000,EXEL
2019-04-18,21.31999969482422,21.559999465942383,20.309999465942383,20.899999618530273,20.899999618530273,4162500,EXEL
2019-04-22,20.889999389648438,20.950000762939453,20.239999771118164,20.610000610351562,20.610000610351562,3428800,EXEL
2019-04-23,20.6200008392334,21.479999542236328,20.260000228881836,21.399999618530273,21.399999618530273,4796700,EXEL
2019-04-24,21.459999084472656,21.479999542236328,20.520000457763672,20.549999237060547,20.549999237060547,5292200,EXEL
2019-04-25,20.59000015258789,20.75,19.549999237060547,20.0,20.0,7836900,EXEL
2019-04-26,19.93000030517578,20.600000381469727,19.559999465942383,20.549999237060547,20.549999237060547,3340800,EXEL
2019-04-29,20.610000610351562,20.719999313354492,19.920000076293945,19.989999771118164,19.989999771118164,4728200,EXEL
2019-04-30,20.06999969482422,20.34000015258789,19.3799991607666,19.65999984741211,19.65999984741211,3310800,EXEL
2019-05-01,19.780000686645508,19.920000076293945,19.309999465942383,19.34000015258789,19.34000015258789,4749100,EXEL
2019-05-02,19.540000915527344,20.239999771118164,19.0,20.190000534057617,20.190000534057617,6100400,EXEL
2019-05-03,20.1200008392334,20.889999389648438,19.950000762939453,20.780000686645508,20.780000686645508,4054700,EXEL
2019-05-06,20.280000686645508,20.700000762939453,20.06999969482422,20.649999618530273,20.649999618530273,3585700,EXEL
2019-05-07,20.450000762939453,20.920000076293945,20.15999984741211,20.309999465942383,20.309999465942383,3262600,EXEL
2019-05-08,20.209999084472656,20.719999313354492,20.020000457763672,20.31999969482422,20.31999969482422,2241400,EXEL
2019-05-09,20.079999923706055,20.18000030517578,19.43000030517578,19.639999389648438,19.639999389648438,3588900,EXEL
2019-05-10,19.579999923706055,19.8700008392334,19.100000381469727,19.760000228881836,19.760000228881836,4187600,EXEL
2019-05-13,19.25,19.309999465942383,18.81999969482422,18.93000030517578,18.93000030517578,3647500,EXEL
2019-05-14,19.010000228881836,19.329999923706055,18.8799991607666,19.1299991607666,19.1299991607666,3020100,EXEL
2019-05-15,19.010000228881836,19.360000610351562,18.799999237060547,19.329999923706055,19.329999923706055,1991600,EXEL
2019-05-16,19.3700008392334,19.799999237060547,19.360000610351562,19.790000915527344,19.790000915527344,2033700,EXEL
2019-05-17,19.610000610351562,19.809999465942383,19.260000228881836,19.329999923706055,19.329999923706055,2901200,EXEL
2019-05-20,19.239999771118164,19.739999771118164,19.020000457763672,19.610000610351562,19.610000610351562,2941800,EXEL
2019-05-21,19.719999313354492,20.440000534057617,19.639999389648438,20.43000030517578,20.43000030517578,2799100,EXEL
2019-05-22,20.139999389648438,20.6200008392334,20.079999923706055,20.510000228881836,20.510000228881836,3250100,EXEL
2019-05-23,20.299999237060547,20.31999969482422,19.459999084472656,19.770000457763672,19.770000457763672,3080200,EXEL
2019-05-24,19.829999923706055,20.40999984741211,19.799999237060547,20.360000610351562,20.360000610351562,2113400,EXEL
2019-05-28,20.450000762939453,20.670000076293945,20.020000457763672,20.030000686645508,20.030000686645508,1892700,EXEL
2019-05-29,19.799999237060547,20.100000381469727,19.649999618530273,19.799999237060547,19.799999237060547,3377900,EXEL
2019-05-30,19.860000610351562,20.239999771118164,19.809999465942383,19.979999542236328,19.979999542236328,2013100,EXEL
2019-05-31,19.760000228881836,20.110000610351562,18.8799991607666,19.59000015258789,19.59000015258789,2965300,EXEL
2019-06-03,19.600000381469727,19.969999313354492,19.43000030517578,19.600000381469727,19.600000381469727,2888200,EXEL
2019-06-04,19.889999389648438,20.520000457763672,19.610000610351562,20.5,20.5,3285900,EXEL
2019-06-05,20.530000686645508,20.530000686645508,19.799999237060547,19.809999465942383,19.809999465942383,2133200,EXEL
2019-06-06,19.899999618530273,20.25,19.610000610351562,19.899999618530273,19.899999618530273,1966600,EXEL
2019-06-07,20.329999923706055,20.459999084472656,19.68000030517578,20.200000762939453,20.200000762939453,1421500,EXEL
2019-06-10,20.229999542236328,20.3700008392334,19.850000381469727,19.8700008392334,19.8700008392334,2165100,EXEL
2019-06-11,20.049999237060547,20.170000076293945,19.829999923706055,19.989999771118164,19.989999771118164,1807100,EXEL
2019-06-12,20.020000457763672,20.139999389648438,19.760000228881836,20.049999237060547,20.049999237060547,1517600,EXEL
2019-06-13,20.040000915527344,20.1200008392334,19.559999465942383,19.90999984741211,19.90999984741211,2712200,EXEL
2019-06-14,19.8700008392334,19.93000030517578,19.670000076293945,19.700000762939453,19.700000762939453,1970400,EXEL
2019-06-17,20.420000076293945,20.979999542236328,20.290000915527344,20.65999984741211,20.65999984741211,4210400,EXEL
2019-06-18,20.709999084472656,20.8799991607666,20.399999618530273,20.770000457763672,20.770000457763672,2593200,EXEL
2019-06-19,20.790000915527344,20.989999771118164,20.59000015258789,20.969999313354492,20.969999313354492,1526300,EXEL
2019-06-20,21.170000076293945,21.459999084472656,20.950000762939453,21.139999389648438,21.139999389648438,3168300,EXEL
2019-06-21,21.040000915527344,21.690000534057617,20.809999465942383,21.3700008392334,21.3700008392334,5606000,EXEL
2019-06-24,21.440000534057617,21.639999389648438,20.59000015258789,20.739999771118164,20.739999771118164,2785400,EXEL
2019-06-25,20.790000915527344,21.3700008392334,20.6299991607666,21.139999389648438,21.139999389648438,2124000,EXEL
2019-06-26,21.139999389648438,21.399999618530273,20.739999771118164,20.850000381469727,20.850000381469727,1869300,EXEL
2019-06-27,20.989999771118164,21.469999313354492,20.899999618530273,21.450000762939453,21.450000762939453,1722300,EXEL
2019-06-28,21.5,21.68000030517578,21.25,21.3700008392334,21.3700008392334,7163200,EXEL
2019-07-01,21.809999465942383,21.809999465942383,21.290000915527344,21.5,21.5,2109800,EXEL
2019-07-02,21.520000457763672,21.549999237060547,21.030000686645508,21.18000030517578,21.18000030517578,1855700,EXEL
2019-07-03,21.239999771118164,21.34000015258789,20.920000076293945,21.329999923706055,21.329999923706055,1088000,EXEL
2019-07-05,21.229999542236328,21.450000762939453,21.059999465942383,21.1200008392334,21.1200008392334,1173500,EXEL
2019-07-08,21.0,21.0,20.15999984741211,20.450000762939453,20.450000762939453,2740900,EXEL
2019-07-09,20.3799991607666,21.079999923706055,20.280000686645508,20.989999771118164,20.989999771118164,1846200,EXEL
2019-07-10,20.959999084472656,21.219999313354492,20.639999389648438,20.940000534057617,20.940000534057617,1464900,EXEL
2019-07-11,20.979999542236328,20.979999542236328,20.489999771118164,20.90999984741211,20.90999984741211,1937200,EXEL
2019-07-12,20.84000015258789,21.079999923706055,20.700000762939453,20.979999542236328,20.979999542236328,1565400,EXEL
2019-07-15,21.06999969482422,21.75,21.0,21.420000076293945,21.420000076293945,2103400,EXEL
2019-07-16,21.520000457763672,21.68000030517578,21.18000030517578,21.479999542236328,21.479999542236328,2054700,EXEL
2019-07-17,21.469999313354492,21.850000381469727,21.25,21.709999084472656,21.709999084472656,1792100,EXEL
2019-07-18,21.739999771118164,22.34000015258789,21.5,22.1299991607666,22.1299991607666,2035900,EXEL
2019-07-19,22.139999389648438,22.25,21.219999313354492,21.270000457763672,21.270000457763672,2385100,EXEL
2019-07-22,21.440000534057617,21.690000534057617,21.18000030517578,21.489999771118164,21.489999771118164,1681100,EXEL
2019-07-23,21.530000686645508,21.690000534057617,20.81999969482422,20.90999984741211,20.90999984741211,2744300,EXEL
2019-07-24,20.75,20.860000610351562,20.190000534057617,20.709999084472656,20.709999084472656,2535900,EXEL
2019-07-25,20.719999313354492,20.90999984741211,20.56999969482422,20.6299991607666,20.6299991607666,1982900,EXEL
2019-07-26,20.709999084472656,20.899999618530273,20.510000228881836,20.799999237060547,20.799999237060547,1490900,EXEL
2019-07-29,20.809999465942383,21.040000915527344,20.56999969482422,21.010000228881836,21.010000228881836,1738800,EXEL
2019-07-30,20.899999618530273,21.209999084472656,20.709999084472656,21.200000762939453,21.200000762939453,2097100,EXEL
2019-07-31,21.25,21.739999771118164,21.1200008392334,21.270000457763672,21.270000457763672,3602300,EXEL
2019-08-01,21.670000076293945,21.670000076293945,19.81999969482422,20.389999389648438,20.389999389648438,4864400,EXEL
2019-08-02,20.229999542236328,20.579999923706055,19.65999984741211,19.790000915527344,19.790000915527344,2561400,EXEL
2019-08-05,19.469999313354492,19.860000610351562,19.020000457763672,19.770000457763672,19.770000457763672,3841400,EXEL
2019-08-06,19.8700008392334,20.280000686645508,19.459999084472656,20.239999771118164,20.239999771118164,2337000,EXEL
2019-08-07,20.020000457763672,20.559999465942383,19.84000015258789,20.450000762939453,20.450000762939453,1648700,EXEL
2019-08-08,20.610000610351562,21.1200008392334,20.559999465942383,21.0,21.0,2728500,EXEL
2019-08-09,20.829999923706055,21.040000915527344,20.579999923706055,20.639999389648438,20.639999389648438,1680700,EXEL
2019-08-12,20.389999389648438,20.489999771118164,19.75,19.770000457763672,19.770000457763672,2600000,EXEL
2019-08-13,19.770000457763672,20.459999084472656,19.75,20.190000534057617,20.190000534057617,2287500,EXEL
2019-08-14,19.920000076293945,20.290000915527344,19.780000686645508,19.899999618530273,19.899999618530273,2376900,EXEL
2019-08-15,19.899999618530273,20.049999237060547,19.489999771118164,19.940000534057617,19.940000534057617,2506600,EXEL
2019-08-16,20.010000228881836,21.889999389648438,20.010000228881836,21.719999313354492,21.719999313354492,7353300,EXEL
2019-08-19,21.760000228881836,23.0,21.6200008392334,22.649999618530273,22.649999618530273,3721200,EXEL
2019-08-20,22.649999618530273,22.760000228881836,21.700000762939453,21.760000228881836,21.760000228881836,2862400,EXEL
2019-08-21,21.969999313354492,22.0,21.079999923706055,21.5,21.5,3562500,EXEL
2019-08-22,21.559999465942383,21.559999465942383,20.600000381469727,20.6200008392334,20.6200008392334,2474100,EXEL
2019-08-23,20.549999237060547,20.829999923706055,19.8799991607666,20.049999237060547,20.049999237060547,2580600,EXEL
2019-08-26,20.290000915527344,20.299999237060547,19.540000915527344,19.65999984741211,19.65999984741211,3230400,EXEL
2019-08-27,19.690000534057617,19.969999313354492,19.139999389648438,19.149999618530273,19.149999618530273,2653300,EXEL
2019-08-28,19.100000381469727,19.579999923706055,19.010000228881836,19.31999969482422,19.31999969482422,1892400,EXEL
2019-08-29,19.489999771118164,19.600000381469727,19.049999237060547,19.479999542236328,19.479999542236328,2198900,EXEL
2019-08-30,19.520000457763672,20.31999969482422,19.270000457763672,19.850000381469727,19.850000381469727,4565500,EXEL
2019-09-03,19.84000015258789,20.350000381469727,19.649999618530273,19.920000076293945,19.920000076293945,4025700,EXEL
2019-09-04,20.200000762939453,20.200000762939453,18.899999618530273,19.34000015258789,19.34000015258789,3527900,EXEL
2019-09-05,19.5,19.770000457763672,19.219999313354492,19.520000457763672,19.520000457763672,2031700,EXEL
2019-09-06,19.520000457763672,19.709999084472656,19.219999313354492,19.270000457763672,19.270000457763672,1497600,EXEL
2019-09-09,19.329999923706055,19.440000534057617,18.829999923706055,19.0,19.0,2134500,EXEL
2019-09-10,18.84000015258789,19.3799991607666,18.559999465942383,19.260000228881836,19.260000228881836,1850300,EXEL
2019-09-11,19.209999084472656,19.5,19.09000015258789,19.40999984741211,19.40999984741211,1742400,EXEL
2019-09-12,19.459999084472656,19.59000015258789,19.18000030517578,19.260000228881836,19.260000228881836,1664100,EXEL
2019-09-13,19.229999542236328,19.540000915527344,18.8799991607666,19.239999771118164,19.239999771118164,2750500,EXEL
2019-09-16,19.139999389648438,19.440000534057617,19.010000228881836,19.299999237060547,19.299999237060547,1237800,EXEL
2019-09-17,19.360000610351562,19.479999542236328,19.139999389648438,19.3700008392334,19.3700008392334,1680700,EXEL
2019-09-18,19.239999771118164,19.389999389648438,19.040000915527344,19.270000457763672,19.270000457763672,1491800,EXEL
2019-09-19,19.329999923706055,19.8799991607666,19.1200008392334,19.56999969482422,19.56999969482422,2423700,EXEL
2019-09-20,19.639999389648438,20.040000915527344,19.459999084472656,19.559999465942383,19.559999465942383,5009500,EXEL
2019-09-23,19.639999389648438,19.739999771118164,19.149999618530273,19.290000915527344,19.290000915527344,1608900,EXEL
2019-09-24,19.290000915527344,19.450000762939453,18.479999542236328,18.530000686645508,18.530000686645508,3184700,EXEL
2019-09-25,18.450000762939453,19.209999084472656,18.329999923706055,18.920000076293945,18.920000076293945,3227400,EXEL
2019-09-26,18.93000030517578,19.0,18.15999984741211,18.329999923706055,18.329999923706055,1977300,EXEL
2019-09-27,18.0,18.43000030517578,17.3700008392334,18.0,18.0,2836400,EXEL
2019-09-30,18.06999969482422,18.18000030517578,17.59000015258789,17.68000030517578,17.68000030517578,2020100,EXEL
2019-10-01,17.75,18.059999465942383,17.530000686645508,17.739999771118164,17.739999771118164,2434800,EXEL
2019-10-02,17.6200008392334,18.09000015258789,17.459999084472656,17.93000030517578,17.93000030517578,1782000,EXEL
2019-10-03,17.920000076293945,18.09000015258789,17.40999984741211,17.93000030517578,17.93000030517578,1753500,EXEL
2019-10-04,17.959999084472656,17.979999542236328,16.940000534057617,17.040000915527344,17.040000915527344,3656800,EXEL
2019-10-07,16.950000762939453,17.1299991607666,16.790000915527344,16.81999969482422,16.81999969482422,2317300,EXEL
2019-10-08,16.540000915527344,16.719999313354492,16.229999542236328,16.520000457763672,16.520000457763672,3552700,EXEL
2019-10-09,16.709999084472656,16.860000610351562,16.25,16.270000457763672,16.270000457763672,2268000,EXEL
2019-10-10,16.270000457763672,16.770000457763672,16.190000534057617,16.530000686645508,16.530000686645508,2488800,EXEL
2019-10-11,16.600000381469727,16.780000686645508,16.280000686645508,16.520000457763672,16.520000457763672,2774200,EXEL
2019-10-14,16.549999237060547,16.649999618530273,16.329999923706055,16.3799991607666,16.3799991607666,1266200,EXEL
2019-10-15,16.360000610351562,17.06999969482422,16.360000610351562,16.790000915527344,16.790000915527344,2815500,EXEL
2019-10-16,16.809999465942383,17.09000015258789,16.760000228881836,16.780000686645508,16.780000686645508,2170500,EXEL
2019-10-17,16.899999618530273,17.1299991607666,16.81999969482422,17.0,17.0,2111900,EXEL
2019-10-18,17.030000686645508,17.09000015258789,16.34000015258789,16.420000076293945,16.420000076293945,2583400,EXEL
2019-10-21,16.59000015258789,16.850000381469727,16.479999542236328,16.81999969482422,16.81999969482422,2140300,EXEL
2019-10-22,16.969999313354492,17.3799991607666,16.600000381469727,16.760000228881836,16.760000228881836,1975000,EXEL
2019-10-23,16.780000686645508,17.010000228881836,16.649999618530273,16.700000762939453,16.700000762939453,1621600,EXEL
2019-10-24,16.790000915527344,16.920000076293945,16.510000228881836,16.860000610351562,16.860000610351562,1995100,EXEL
2019-10-25,16.790000915527344,17.309999465942383,16.770000457763672,17.25,17.25,1805700,EXEL
2019-10-28,17.3700008392334,17.43000030517578,17.030000686645508,17.239999771118164,17.239999771118164,1716800,EXEL
2019-10-29,17.229999542236328,17.260000228881836,16.84000015258789,16.940000534057617,16.940000534057617,2791500,EXEL
2019-10-30,16.989999771118164,17.479999542236328,16.90999984741211,17.3799991607666,17.3799991607666,3251400,EXEL
2019-10-31,17.0,17.100000381469727,15.260000228881836,15.449999809265137,15.449999809265137,9199600,EXEL
2019-11-01,15.569999694824219,16.06999969482422,15.449999809265137,16.010000228881836,16.010000228881836,5322800,EXEL
2019-11-04,16.079999923706055,16.450000762939453,15.8100004196167,16.09000015258789,16.09000015258789,4602000,EXEL
2019-11-05,16.15999984741211,16.18000030517578,15.630000114440918,15.680000305175781,15.680000305175781,3148300,EXEL
2019-11-06,15.6899995803833,15.789999961853027,15.020000457763672,15.149999618530273,15.149999618530273,2964300,EXEL
2019-11-07,15.279999732971191,15.489999771118164,15.09000015258789,15.149999618530273,15.149999618530273,2812200,EXEL
2019-11-08,15.260000228881836,15.819999694824219,15.069999694824219,15.770000457763672,15.770000457763672,2684900,EXEL
2019-11-11,15.760000228881836,15.760000228881836,15.279999732971191,15.550000190734863,15.550000190734863,3379400,EXEL
2019-11-12,15.600000381469727,15.770000457763672,15.260000228881836,15.34000015258789,15.34000015258789,2269800,EXEL
2019-11-13,15.529999732971191,16.520000457763672,15.350000381469727,16.3700008392334,16.3700008392334,3816800,EXEL
2019-11-14,16.34000015258789,16.8799991607666,16.25,16.65999984741211,16.65999984741211,4919400,EXEL
2019-11-15,16.700000762939453,16.799999237060547,16.360000610351562,16.510000228881836,16.510000228881836,2148900,EXEL
2019-11-18,16.5,16.540000915527344,16.149999618530273,16.229999542236328,16.229999542236328,2223300,EXEL
2019-11-19,16.389999389648438,16.709999084472656,16.31999969482422,16.530000686645508,16.530000686645508,1820200,EXEL
2019-11-20,16.399999618530273,16.649999618530273,16.149999618530273,16.489999771118164,16.489999771118164,2804300,EXEL
2019-11-21,16.540000915527344,16.540000915527344,16.049999237060547,16.350000381469727,16.350000381469727,2487600,EXEL
2019-11-22,16.40999984741211,16.420000076293945,15.90999984741211,16.280000686645508,16.280000686645508,2272700,EXEL
2019-11-25,16.34000015258789,16.860000610351562,16.290000915527344,16.780000686645508,16.780000686645508,2092700,EXEL
2019-11-26,16.780000686645508,16.93000030517578,16.469999313354492,16.649999618530273,16.649999618530273,2033200,EXEL
2019-11-27,16.700000762939453,16.770000457763672,16.3700008392334,16.56999969482422,16.56999969482422,1966900,EXEL
2019-11-29,16.520000457763672,16.889999389648438,16.459999084472656,16.6299991607666,16.6299991607666,1018500,EXEL
2019-12-02,16.68000030517578,16.93000030517578,16.399999618530273,16.700000762939453,16.700000762939453,2966600,EXEL
2019-12-03,16.549999237060547,16.719999313354492,16.059999465942383,16.670000076293945,16.670000076293945,3972700,EXEL
2019-12-04,16.799999237060547,17.719999313354492,16.649999618530273,17.670000076293945,17.670000076293945,4103200,EXEL
2019-12-05,17.610000610351562,17.760000228881836,17.06999969482422,17.149999618530273,17.149999618530273,3657600,EXEL
2019-12-06,17.299999237060547,17.530000686645508,17.170000076293945,17.360000610351562,17.360000610351562,3214700,EXEL
2019-12-09,17.389999389648438,17.5,16.829999923706055,16.829999923706055,16.829999923706055,2868200,EXEL
2019-12-10,16.93000030517578,17.790000915527344,16.93000030517578,17.719999313354492,17.719999313354492,3468500,EXEL
2019-12-11,17.719999313354492,18.139999389648438,17.479999542236328,17.610000610351562,17.610000610351562,3465000,EXEL
2019-12-12,17.639999389648438,17.780000686645508,17.469999313354492,17.649999618530273,17.649999618530273,2580600,EXEL
2019-12-13,18.260000228881836,18.31999969482422,17.68000030517578,17.81999969482422,17.81999969482422,3078600,EXEL
2019-12-16,17.8700008392334,18.239999771118164,17.770000457763672,18.200000762939453,18.200000762939453,2873500,EXEL
2019-12-17,18.06999969482422,18.170000076293945,17.5,17.920000076293945,17.920000076293945,3070300,EXEL
2019-12-18,17.90999984741211,17.989999771118164,17.770000457763672,17.8799991607666,17.8799991607666,2714600,EXEL
2019-12-19,17.969999313354492,18.420000076293945,17.959999084472656,18.3700008392334,18.3700008392334,2904600,EXEL
2019-12-20,18.399999618530273,18.579999923706055,18.18000030517578,18.510000228881836,18.510000228881836,7558400,EXEL
2019-12-23,18.540000915527344,18.799999237060547,18.350000381469727,18.799999237060547,18.799999237060547,2459200,EXEL
2019-12-24,18.8799991607666,18.889999389648438,18.530000686645508,18.75,18.75,1139300,EXEL
2019-12-26,18.700000762939453,19.030000686645508,18.700000762939453,18.889999389648438,18.889999389648438,1844400,EXEL
2019-12-27,19.0,19.030000686645508,18.040000915527344,18.1299991607666,18.1299991607666,2211800,EXEL
2019-12-30,18.100000381469727,18.139999389648438,17.540000915527344,17.719999313354492,17.719999313354492,2156600,EXEL
2019-12-31,17.600000381469727,17.8799991607666,17.56999969482422,17.6200008392334,17.6200008392334,1748200,EXEL
2020-01-02,17.709999084472656,17.770000457763672,17.239999771118164,17.65999984741211,17.65999984741211,2952200,EXEL
2020-01-03,17.309999465942383,17.389999389648438,16.93000030517578,17.010000228881836,17.010000228881836,2330800,EXEL
2020-01-06,16.93000030517578,17.59000015258789,16.700000762939453,17.559999465942383,17.559999465942383,3189900,EXEL
2020-01-07,17.65999984741211,18.799999237060547,17.56999969482422,18.68000030517578,18.68000030517578,5423500,EXEL
2020-01-08,18.549999237060547,19.149999618530273,18.43000030517578,18.950000762939453,18.950000762939453,3275400,EXEL
2020-01-09,19.170000076293945,19.170000076293945,18.489999771118164,18.6299991607666,18.6299991607666,2998900,EXEL
2020-01-10,18.700000762939453,18.700000762939453,18.18000030517578,18.31999969482422,18.31999969482422,3147200,EXEL
2020-01-13,17.889999389648438,18.770000457763672,17.360000610351562,18.469999313354492,18.469999313354492,4667800,EXEL
2020-01-14,18.559999465942383,19.719999313354492,18.450000762939453,19.649999618530273,19.649999618530273,4666800,EXEL
2020-01-15,19.729999542236328,20.75,19.700000762939453,20.399999618530273,20.399999618530273,8019500,EXEL
2020-01-16,20.540000915527344,20.760000228881836,20.079999923706055,20.440000534057617,20.440000534057617,4441000,EXEL
2020-01-17,20.56999969482422,20.56999969482422,19.780000686645508,19.81999969482422,19.81999969482422,2525500,EXEL
2020-01-21,19.899999618530273,20.09000015258789,19.670000076293945,19.760000228881836,19.760000228881836,3180000,EXEL
2020-01-22,19.899999618530273,20.0,19.649999618530273,19.719999313354492,19.719999313354492,2868600,EXEL
2020-01-23,19.68000030517578,19.75,19.079999923706055,19.56999969482422,19.56999969482422,3315400,EXEL
2020-01-24,19.75,19.799999237060547,17.920000076293945,18.020000457763672,18.020000457763672,4722800,EXEL
2020-01-27,17.649999618530273,18.020000457763672,17.450000762939453,17.739999771118164,17.739999771118164,3561400,EXEL
2020-01-28,17.8799991607666,18.100000381469727,17.450000762939453,17.8799991607666,17.8799991607666,2326600,EXEL
2020-01-29,17.940000534057617,18.079999923706055,17.760000228881836,17.780000686645508,17.780000686645508,1886700,EXEL
2020-01-30,17.709999084472656,17.799999237060547,17.079999923706055,17.200000762939453,17.200000762939453,2251800,EXEL
2020-01-31,17.06999969482422,17.350000381469727,16.93000030517578,17.200000762939453,17.200000762939453,2327500,EXEL
2020-02-03,17.170000076293945,17.5,17.100000381469727,17.479999542236328,17.479999542236328,3134600,EXEL
2020-02-04,17.700000762939453,17.90999984741211,17.459999084472656,17.600000381469727,17.600000381469727,2332200,EXEL
2020-02-05,17.700000762939453,18.700000762939453,17.700000762939453,18.43000030517578,18.43000030517578,3092200,EXEL
2020-02-06,18.600000381469727,18.760000228881836,18.350000381469727,18.6299991607666,18.6299991607666,2692100,EXEL
2020-02-07,18.520000457763672,19.18000030517578,18.1299991607666,19.020000457763672,19.020000457763672,4113500,EXEL
2020-02-10,19.100000381469727,19.260000228881836,18.860000610351562,19.209999084472656,19.209999084472656,2803800,EXEL
2020-02-11,19.729999542236328,20.3700008392334,19.25,19.389999389648438,19.389999389648438,4656400,EXEL
2020-02-12,19.5,20.1200008392334,19.170000076293945,20.100000381469727,20.100000381469727,5107000,EXEL
2020-02-13,20.0,20.540000915527344,19.809999465942383,20.25,20.25,5439700,EXEL
2020-02-14,20.200000762939453,21.049999237060547,19.989999771118164,20.770000457763672,20.770000457763672,3990700,EXEL
2020-02-18,20.610000610351562,21.260000228881836,20.360000610351562,21.229999542236328,21.229999542236328,3232100,EXEL
2020-02-19,21.329999923706055,22.059999465942383,21.219999313354492,21.799999237060547,21.799999237060547,4231900,EXEL
2020-02-20,21.760000228881836,21.889999389648438,21.1299991607666,21.479999542236328,21.479999542236328,3384800,EXEL
2020-02-21,21.5,21.510000228881836,21.079999923706055,21.09000015258789,21.09000015258789,2297600,EXEL
2020-02-24,20.34000015258789,20.450000762939453,19.989999771118164,20.18000030517578,20.18000030517578,3974900,EXEL
2020-02-25,20.15999984741211,20.5,19.329999923706055,19.399999618530273,19.399999618530273,4348900,EXEL
2020-02-26,18.530000686645508,19.93000030517578,18.459999084472656,18.690000534057617,18.690000534057617,4351200,EXEL
2020-02-27,18.260000228881836,19.110000610351562,17.90999984741211,18.420000076293945,18.420000076293945,4198800,EXEL
2020-02-28,17.799999237060547,18.649999618530273,17.700000762939453,18.59000015258789,18.59000015258789,5421700,EXEL
2020-03-02,18.549999237060547,19.309999465942383,18.290000915527344,19.290000915527344,19.290000915527344,3753000,EXEL
2020-03-03,19.200000762939453,19.799999237060547,18.3799991607666,18.739999771118164,18.739999771118164,4544900,EXEL
2020-03-04,19.200000762939453,19.93000030517578,19.079999923706055,19.889999389648438,19.889999389648438,2991100,EXEL
2020-03-05,19.5,19.719999313354492,18.93000030517578,19.18000030517578,19.18000030517578,2895500,EXEL
2020-03-06,18.84000015258789,19.049999237060547,18.31999969482422,18.649999618530273,18.649999618530273,3286900,EXEL
2020-03-09,17.549999237060547,18.299999237060547,17.010000228881836,17.709999084472656,17.709999084472656,4179500,EXEL
2020-03-10,18.110000610351562,18.469999313354492,16.8700008392334,18.389999389648438,18.389999389648438,4180400,EXEL
2020-03-11,17.940000534057617,18.260000228881836,17.049999237060547,17.31999969482422,17.31999969482422,3287200,EXEL
2020-03-12,16.270000457763672,16.540000915527344,15.239999771118164,15.25,15.25,5338400,EXEL
2020-03-13,16.229999542236328,16.84000015258789,14.479999542236328,16.770000457763672,16.770000457763672,5017600,EXEL
2020-03-16,15.239999771118164,16.399999618530273,14.170000076293945,14.460000038146973,14.460000038146973,5037200,EXEL
2020-03-17,15.010000228881836,15.100000381469727,13.670000076293945,14.760000228881836,14.760000228881836,5004100,EXEL
2020-03-18,13.960000038146973,16.209999084472656,13.899999618530273,14.680000305175781,14.680000305175781,4784100,EXEL
2020-03-19,14.539999961853027,15.579999923706055,14.239999771118164,15.170000076293945,15.170000076293945,5899000,EXEL
2020-03-20,15.300000190734863,16.079999923706055,14.859999656677246,15.149999618530273,15.149999618530273,4164800,EXEL
2020-03-23,15.369999885559082,15.609999656677246,14.420000076293945,15.34000015258789,15.34000015258789,3347600,EXEL
2020-03-24,15.850000381469727,16.110000610351562,15.40999984741211,15.850000381469727,15.850000381469727,2560400,EXEL
2020-03-25,15.989999771118164,16.399999618530273,15.399999618530273,15.770000457763672,15.770000457763672,3607900,EXEL
2020-03-26,15.760000228881836,17.280000686645508,15.649999618530273,17.280000686645508,17.280000686645508,2872400,EXEL
2020-03-27,16.979999542236328,17.950000762939453,16.709999084472656,17.229999542236328,17.229999542236328,2080200,EXEL
2020-03-30,17.399999618530273,17.780000686645508,16.75,17.770000457763672,17.770000457763672,1882800,EXEL
2020-03-31,17.65999984741211,18.170000076293945,16.950000762939453,17.219999313354492,17.219999313354492,2694900,EXEL
2020-04-01,16.729999542236328,17.170000076293945,16.290000915527344,16.459999084472656,16.459999084472656,2850000,EXEL
2020-04-02,16.280000686645508,16.729999542236328,15.949999809265137,16.649999618530273,16.649999618530273,2511000,EXEL
2020-04-03,16.479999542236328,16.950000762939453,16.299999237060547,16.520000457763672,16.520000457763672,7044500,EXEL
2020-04-06,16.989999771118164,17.690000534057617,16.760000228881836,17.670000076293945,17.670000076293945,6165000,EXEL
2020-04-07,18.0,18.59000015258789,17.540000915527344,17.610000610351562,17.610000610351562,5596600,EXEL
2020-04-08,17.899999618530273,18.68000030517578,17.65999984741211,18.6299991607666,18.6299991607666,4235200,EXEL
2020-04-09,18.75,18.979999542236328,17.780000686645508,18.020000457763672,18.020000457763672,2958500,EXEL
2020-04-13,18.0,18.040000915527344,17.540000915527344,17.780000686645508,17.780000686645508,1565000,EXEL
2020-04-14,18.209999084472656,18.690000534057617,18.020000457763672,18.649999618530273,18.649999618530273,2429300,EXEL
2020-04-15,18.229999542236328,18.579999923706055,18.079999923706055,18.219999313354492,18.219999313354492,2844200,EXEL
2020-04-16,18.40999984741211,18.68000030517578,18.139999389648438,18.530000686645508,18.530000686645508,3361000,EXEL
2020-04-17,19.100000381469727,19.469999313354492,18.780000686645508,19.440000534057617,19.440000534057617,2916100,EXEL
2020-04-20,23.0,24.899999618530273,22.489999771118164,23.579999923706055,23.579999923706055,18410600,EXEL
2020-04-21,23.56999969482422,25.1299991607666,23.329999923706055,24.559999465942383,24.559999465942383,8345800,EXEL
2020-04-22,24.93000030517578,25.200000762939453,24.40999984741211,24.719999313354492,24.719999313354492,3568900,EXEL
2020-04-23,24.799999237060547,26.479999542236328,24.540000915527344,26.3700008392334,26.3700008392334,5343700,EXEL
2020-04-24,26.5,26.739999771118164,25.81999969482422,26.530000686645508,26.530000686645508,6435500,EXEL
2020-04-27,26.8700008392334,27.65999984741211,26.280000686645508,27.3700008392334,27.3700008392334,3394100,EXEL
2020-04-28,27.399999618530273,27.5,26.020000457763672,26.6200008392334,26.6200008392334,4339500,EXEL
2020-04-29,26.989999771118164,27.100000381469727,25.860000610351562,26.06999969482422,26.06999969482422,3215600,EXEL
2020-04-30,25.68000030517578,25.75,24.649999618530273,24.700000762939453,24.700000762939453,5338800,EXEL
2020-05-01,24.350000381469727,24.59000015258789,23.959999084472656,24.100000381469727,24.100000381469727,3735800,EXEL
2020-05-04,24.200000762939453,25.65999984741211,24.010000228881836,25.6299991607666,25.6299991607666,4100800,EXEL
2020-05-05,25.969999313354492,26.0,24.979999542236328,25.290000915527344,25.290000915527344,3336400,EXEL
2020-05-06,25.860000610351562,26.950000762939453,25.510000228881836,26.190000534057617,26.190000534057617,4615500,EXEL
2020-05-07,25.020000457763672,25.989999771118164,25.0,25.299999237060547,25.299999237060547,3268200,EXEL
2020-05-08,25.729999542236328,26.139999389648438,25.18000030517578,26.0,26.0,3378000,EXEL
2020-05-11,25.8799991607666,27.469999313354492,25.670000076293945,27.420000076293945,27.420000076293945,4175900,EXEL
2020-05-12,27.6200008392334,27.799999237060547,26.809999465942383,26.860000610351562,26.860000610351562,3404400,EXEL
2020-05-13,26.979999542236328,27.450000762939453,25.8799991607666,26.530000686645508,26.530000686645508,2729200,EXEL
2020-05-14,26.190000534057617,26.239999771118164,24.15999984741211,24.760000228881836,24.760000228881836,5734200,EXEL
2020-05-15,24.770000457763672,25.90999984741211,24.600000381469727,25.760000228881836,25.760000228881836,3460300,EXEL
2020-05-18,26.290000915527344,26.43000030517578,25.59000015258789,25.690000534057617,25.690000534057617,2807200,EXEL
2020-05-19,25.770000457763672,26.0,24.8700008392334,24.8799991607666,24.8799991607666,2624100,EXEL
2020-05-20,25.3799991607666,25.3799991607666,24.780000686645508,25.0,25.0,2736300,EXEL
2020-05-21,24.899999618530273,25.040000915527344,24.420000076293945,24.6200008392334,24.6200008392334,3139800,EXEL
2020-05-22,24.690000534057617,24.860000610351562,24.200000762939453,24.6200008392334,24.6200008392334,2112800,EXEL
2020-05-26,24.90999984741211,25.329999923706055,24.149999618530273,24.31999969482422,24.31999969482422,5193100,EXEL
2020-05-27,24.100000381469727,24.520000457763672,23.43000030517578,24.399999618530273,24.399999618530273,2617400,EXEL
2020-05-28,24.59000015258789,24.90999984741211,24.15999984741211,24.329999923706055,24.329999923706055,1976400,EXEL
2020-05-29,24.5,24.780000686645508,23.8700008392334,24.709999084472656,24.709999084472656,2852100,EXEL
2020-06-01,24.6200008392334,24.799999237060547,24.040000915527344,24.139999389648438,24.139999389648438,2385900,EXEL
2020-06-02,24.209999084472656,24.290000915527344,23.559999465942383,24.270000457763672,24.270000457763672,2592000,EXEL
2020-06-03,24.18000030517578,24.459999084472656,23.139999389648438,23.170000076293945,23.170000076293945,2480400,EXEL
2020-06-04,23.1200008392334,23.469999313354492,22.459999084472656,22.579999923706055,22.579999923706055,3411300,EXEL
2020-06-05,23.010000228881836,23.06999969482422,21.889999389648438,22.3700008392334,22.3700008392334,1889000,EXEL
2020-06-08,22.520000457763672,22.81999969482422,22.190000534057617,22.610000610351562,22.610000610351562,1981600,EXEL
2020-06-09,22.649999618530273,22.959999084472656,22.479999542236328,22.6299991607666,22.6299991607666,2013500,EXEL
2020-06-10,22.799999237060547,23.229999542236328,22.520000457763672,23.1299991607666,23.1299991607666,2581900,EXEL
2020-06-11,22.729999542236328,22.899999618530273,21.610000610351562,21.6200008392334,21.6200008392334,2334000,EXEL
2020-06-12,22.010000228881836,22.510000228881836,21.700000762939453,22.389999389648438,22.389999389648438,3011800,EXEL
2020-06-15,21.899999618530273,22.81999969482422,21.799999237060547,22.799999237060547,22.799999237060547,2144400,EXEL
2020-06-16,23.1200008392334,23.510000228881836,22.59000015258789,23.420000076293945,23.420000076293945,2791800,EXEL
2020-06-17,23.450000762939453,23.59000015258789,22.440000534057617,22.479999542236328,22.479999542236328,2368400,EXEL
2020-06-18,22.479999542236328,22.959999084472656,22.389999389648438,22.469999313354492,22.469999313354492,1922800,EXEL
2020-06-19,22.670000076293945,24.200000762939453,22.3700008392334,24.18000030517578,24.18000030517578,7474700,EXEL
2020-06-22,24.309999465942383,24.479999542236328,23.56999969482422,24.170000076293945,24.170000076293945,2642000,EXEL
2020-06-23,24.299999237060547,24.43000030517578,23.8700008392334,23.899999618530273,23.899999618530273,2530400,EXEL
2020-06-24,23.889999389648438,24.25,23.25,23.450000762939453,23.450000762939453,1626100,EXEL
2020-06-25,23.5,23.829999923706055,23.1200008392334,23.790000915527344,23.790000915527344,1275800,EXEL
2020-06-26,23.75,23.940000534057617,22.690000534057617,22.8799991607666,22.8799991607666,2530400,EXEL
2020-06-29,22.950000762939453,23.100000381469727,22.450000762939453,22.729999542236328,22.729999542236328,1340200,EXEL
2020-06-30,22.639999389648438,24.0,22.639999389648438,23.739999771118164,23.739999771118164,4946600,EXEL
2020-07-01,23.90999984741211,24.270000457763672,23.34000015258789,23.5,23.5,2172100,EXEL
2020-07-02,23.420000076293945,23.790000915527344,23.31999969482422,23.479999542236328,23.479999542236328,1383500,EXEL
2020-07-06,23.200000762939453,23.790000915527344,22.940000534057617,23.139999389648438,23.139999389648438,1622000,EXEL
2020-07-07,22.719999313354492,23.520000457763672,22.700000762939453,23.3700008392334,23.3700008392334,2984700,EXEL
2020-07-08,23.549999237060547,23.920000076293945,23.290000915527344,23.920000076293945,23.920000076293945,2073700,EXEL
2020-07-09,23.959999084472656,24.25,23.649999618530273,24.18000030517578,24.18000030517578,2158200,EXEL
2020-07-10,24.290000915527344,25.43000030517578,24.260000228881836,24.940000534057617,24.940000534057617,3661100,EXEL
2020-07-13,25.200000762939453,25.540000915527344,23.84000015258789,23.860000610351562,23.860000610351562,2389200,EXEL
2020-07-14,23.969999313354492,24.079999923706055,22.799999237060547,23.799999237060547,23.799999237060547,3965100,EXEL
2020-07-15,23.959999084472656,24.5,23.799999237060547,24.3700008392334,24.3700008392334,1741600,EXEL
2020-07-16,24.25,24.34000015258789,23.809999465942383,24.1200008392334,24.1200008392334,1403800,EXEL
2020-07-17,24.229999542236328,24.760000228881836,23.969999313354492,24.600000381469727,24.600000381469727,2176100,EXEL
2020-07-20,24.889999389648438,25.75,24.770000457763672,25.600000381469727,25.600000381469727,2655000,EXEL
2020-07-21,25.540000915527344,25.610000610351562,24.719999313354492,24.790000915527344,24.790000915527344,1770000,EXEL
2020-07-22,24.799999237060547,25.020000457763672,24.389999389648438,24.860000610351562,24.860000610351562,1409100,EXEL
2020-07-23,24.90999984741211,25.760000228881836,24.65999984741211,24.979999542236328,24.979999542236328,2515700,EXEL
2020-07-24,24.729999542236328,24.739999771118164,24.09000015258789,24.59000015258789,24.59000015258789,1811200,EXEL
2020-07-27,24.75,25.18000030517578,24.530000686645508,24.75,24.75,1660000,EXEL
2020-07-28,24.6299991607666,24.860000610351562,24.209999084472656,24.360000610351562,24.360000610351562,1245800,EXEL
2020-07-29,25.040000915527344,25.040000915527344,23.729999542236328,23.860000610351562,23.860000610351562,1996500,EXEL
2020-07-30,23.6200008392334,24.100000381469727,23.450000762939453,23.780000686645508,23.780000686645508,1836900,EXEL
2020-07-31,23.93000030517578,23.93000030517578,22.93000030517578,23.09000015258789,23.09000015258789,1977500,EXEL
2020-08-03,23.309999465942383,23.829999923706055,23.229999542236328,23.690000534057617,23.690000534057617,1405200,EXEL
2020-08-04,23.510000228881836,23.56999969482422,22.899999618530273,23.450000762939453,23.450000762939453,1595000,EXEL
2020-08-05,23.3700008392334,23.540000915527344,22.709999084472656,23.049999237060547,23.049999237060547,2469800,EXEL
2020-08-06,23.030000686645508,23.100000381469727,22.43000030517578,22.809999465942383,22.809999465942383,2145100,EXEL
2020-08-07,23.149999618530273,23.18000030517578,22.25,22.360000610351562,22.360000610351562,2725700,EXEL
2020-08-10,22.450000762939453,22.59000015258789,21.610000610351562,21.729999542236328,21.729999542236328,2062700,EXEL
2020-08-11,21.75,21.979999542236328,21.200000762939453,21.670000076293945,21.670000076293945,2412100,EXEL
2020-08-12,21.600000381469727,22.040000915527344,21.3700008392334,21.860000610351562,21.860000610351562,1889900,EXEL
2020-08-13,21.8799991607666,22.209999084472656,21.6200008392334,22.030000686645508,22.030000686645508,1366600,EXEL
2020-08-14,22.0,22.209999084472656,21.75,21.979999542236328,21.979999542236328,1383800,EXEL
2020-08-17,22.139999389648438,22.770000457763672,22.1200008392334,22.709999084472656,22.709999084472656,2090400,EXEL
2020-08-18,23.0,23.049999237060547,22.25,22.559999465942383,22.559999465942383,1517000,EXEL
2020-08-19,22.5,22.670000076293945,22.25,22.389999389648438,22.389999389648438,1855500,EXEL
2020-08-20,22.270000457763672,22.59000015258789,22.110000610351562,22.459999084472656,22.459999084472656,1116100,EXEL
2020-08-21,22.31999969482422,22.40999984741211,22.1299991607666,22.25,22.25,937100,EXEL
2020-08-24,22.309999465942383,22.489999771118164,21.3700008392334,21.639999389648438,21.639999389648438,1652400,EXEL
2020-08-25,21.559999465942383,22.0,21.459999084472656,21.940000534057617,21.940000534057617,989300,EXEL
2020-08-26,21.799999237060547,21.920000076293945,21.3799991607666,21.469999313354492,21.469999313354492,1797000,EXEL
2020-08-27,21.6299991607666,22.06999969482422,21.40999984741211,21.770000457763672,21.770000457763672,1981900,EXEL
2020-08-28,21.809999465942383,22.059999465942383,21.530000686645508,21.6299991607666,21.6299991607666,1044600,EXEL
2020-08-31,21.729999542236328,22.299999237060547,21.530000686645508,22.219999313354492,22.219999313354492,1394700,EXEL
2020-09-01,22.110000610351562,22.290000915527344,21.540000915527344,21.579999923706055,21.579999923706055,1360100,EXEL
2020-09-02,21.6200008392334,21.979999542236328,21.3700008392334,21.90999984741211,21.90999984741211,1048500,EXEL
2020-09-03,21.899999618530273,21.950000762939453,20.670000076293945,20.729999542236328,20.729999542236328,1462700,EXEL
2020-09-04,20.739999771118164,20.860000610351562,19.84000015258789,20.670000076293945,20.670000076293945,1442100,EXEL
2020-09-08,20.649999618530273,21.209999084472656,20.139999389648438,20.709999084472656,20.709999084472656,1932800,EXEL
2020-09-09,20.989999771118164,21.31999969482422,20.75,21.139999389648438,21.139999389648438,1165800,EXEL
2020-09-10,21.1299991607666,21.420000076293945,20.860000610351562,20.889999389648438,20.889999389648438,1265600,EXEL
2020-09-11,21.100000381469727,21.90999984741211,20.959999084472656,21.729999542236328,21.729999542236328,2267600,EXEL
2020-09-14,22.450000762939453,24.770000457763672,22.420000076293945,24.729999542236328,24.729999542236328,4516000,EXEL
2020-09-15,24.860000610351562,25.270000457763672,24.530000686645508,25.1299991607666,25.1299991607666,2526800,EXEL
2020-09-16,25.3799991607666,27.350000381469727,25.25,26.6299991607666,26.6299991607666,5462400,EXEL
2020-09-17,26.739999771118164,27.190000534057617,26.260000228881836,26.940000534057617,26.940000534057617,3324700,EXEL
2020-09-18,26.989999771118164,27.1299991607666,26.389999389648438,26.799999237060547,26.799999237060547,4138600,EXEL
2020-09-21,26.489999771118164,26.5,25.43000030517578,25.809999465942383,25.809999465942383,4399700,EXEL
2020-09-22,26.139999389648438,26.299999237060547,25.260000228881836,25.610000610351562,25.610000610351562,1918200,EXEL
2020-09-23,25.520000457763672,25.65999984741211,23.549999237060547,23.719999313354492,23.719999313354492,2919200,EXEL
2020-09-24,23.510000228881836,23.959999084472656,22.979999542236328,23.239999771118164,23.239999771118164,2473000,EXEL
2020-09-25,23.190000534057617,23.8799991607666,23.079999923706055,23.84000015258789,23.84000015258789,2144000,EXEL
2020-09-28,24.100000381469727,24.229999542236328,23.440000534057617,23.729999542236328,23.729999542236328,1137700,EXEL
2020-09-29,23.799999237060547,24.719999313354492,23.700000762939453,24.5,24.5,2066500,EXEL
2020-09-30,24.489999771118164,24.719999313354492,24.0,24.450000762939453,24.450000762939453,1658900,EXEL
2020-10-01,24.59000015258789,24.799999237060547,24.34000015258789,24.540000915527344,24.540000915527344,1217000,EXEL
2020-10-02,24.139999389648438,24.5,23.3700008392334,23.399999618530273,23.399999618530273,1780800,EXEL
2020-10-05,23.649999618530273,24.190000534057617,23.649999618530273,23.979999542236328,23.979999542236328,1524700,EXEL
2020-10-06,24.030000686645508,24.350000381469727,23.479999542236328,23.510000228881836,23.510000228881836,1270100,EXEL
2020-10-07,23.649999618530273,24.299999237060547,23.610000610351562,23.860000610351562,23.860000610351562,1100600,EXEL
2020-10-08,24.190000534057617,25.079999923706055,23.979999542236328,24.799999237060547,24.799999237060547,1371300,EXEL
2020-10-09,25.059999465942383,25.1200008392334,23.700000762939453,23.90999984741211,23.90999984741211,2454700,EXEL
2020-10-12,24.0,24.190000534057617,23.889999389648438,23.979999542236328,23.979999542236328,1747200,EXEL
2020-10-13,23.989999771118164,24.729999542236328,23.75,24.0,24.0,2038700,EXEL
2020-10-14,24.149999618530273,24.239999771118164,23.399999618530273,23.579999923706055,23.579999923706055,1530800,EXEL
2020-10-15,23.360000610351562,24.440000534057617,23.020000457763672,23.420000076293945,23.420000076293945,1296700,EXEL
2020-10-16,23.56999969482422,24.0,23.170000076293945,23.229999542236328,23.229999542236328,1419700,EXEL
2020-10-19,23.739999771118164,23.739999771118164,22.43000030517578,22.56999969482422,22.56999969482422,2171400,EXEL
2020-10-20,22.600000381469727,22.920000076293945,22.219999313354492,22.270000457763672,22.270000457763672,1789100,EXEL
2020-10-21,22.3799991607666,22.6200008392334,21.760000228881836,21.790000915527344,21.790000915527344,1774600,EXEL
2020-10-22,21.760000228881836,22.389999389648438,21.639999389648438,21.829999923706055,21.829999923706055,4294400,EXEL
2020-10-23,22.079999923706055,22.59000015258789,21.920000076293945,22.290000915527344,22.290000915527344,1828900,EXEL
2020-10-26,21.829999923706055,22.149999618530273,21.540000915527344,21.899999618530273,21.899999618530273,1620600,EXEL
2020-10-27,22.0,22.0,21.5,21.649999618530273,21.649999618530273,1160100,EXEL
2020-10-28,21.459999084472656,21.530000686645508,20.90999984741211,20.950000762939453,20.950000762939453,1301500,EXEL
2020-10-29,20.979999542236328,21.229999542236328,20.6200008392334,20.920000076293945,20.920000076293945,1661100,EXEL
2020-10-30,20.790000915527344,21.0,19.770000457763672,20.479999542236328,20.479999542236328,1988500,EXEL
2020-11-02,20.75,20.989999771118164,20.15999984741211,20.610000610351562,20.610000610351562,1208500,EXEL
2020-11-03,20.68000030517578,21.25,20.6299991607666,21.09000015258789,21.09000015258789,1466700,EXEL
2020-11-04,21.540000915527344,23.100000381469727,21.540000915527344,22.59000015258789,22.59000015258789,2055400,EXEL
2020-11-05,22.649999618530273,22.770000457763672,21.969999313354492,22.15999984741211,22.15999984741211,2181300,EXEL
2020-11-06,21.0,21.489999771118164,20.270000457763672,20.709999084472656,20.709999084472656,3179300,EXEL
2020-11-09,21.110000610351562,21.579999923706055,20.56999969482422,21.0,21.0,2021600,EXEL
2020-11-10,21.010000228881836,21.479999542236328,20.469999313354492,21.229999542236328,21.229999542236328,2028300,EXEL
2020-11-11,21.43000030517578,21.43000030517578,20.229999542236328,20.700000762939453,20.700000762939453,1348700,EXEL
2020-11-12,20.709999084472656,20.959999084472656,20.170000076293945,20.239999771118164,20.239999771118164,1525000,EXEL
2020-11-13,20.3799991607666,20.420000076293945,19.8700008392334,20.15999984741211,20.15999984741211,1929000,EXEL
2020-11-16,20.309999465942383,20.420000076293945,19.559999465942383,19.649999618530273,19.649999618530273,2151900,EXEL
2020-11-17,19.56999969482422,19.68000030517578,18.899999618530273,19.270000457763672,19.270000457763672,2316300,EXEL
2020-11-18,19.389999389648438,19.479999542236328,19.049999237060547,19.260000228881836,19.260000228881836,3534300,EXEL
2020-11-19,19.270000457763672,19.350000381469727,18.809999465942383,19.0,19.0,2262300,EXEL
2020-11-20,19.0,19.079999923706055,18.190000534057617,18.90999984741211,18.90999984741211,2987900,EXEL
2020-11-23,18.979999542236328,18.979999542236328,18.18000030517578,18.389999389648438,18.389999389648438,3094800,EXEL
2020-11-24,18.5,18.75,18.299999237060547,18.420000076293945,18.420000076293945,1751800,EXEL
2020-11-25,18.6200008392334,18.899999618530273,18.5,18.729999542236328,18.729999542236328,1988600,EXEL
2020-11-27,18.93000030517578,19.469999313354492,18.520000457763672,19.40999984741211,19.40999984741211,1740200,EXEL
2020-11-30,19.6299991607666,20.100000381469727,18.760000228881836,19.15999984741211,19.15999984741211,3247700,EXEL
2020-12-01,19.420000076293945,19.43000030517578,18.860000610351562,19.15999984741211,19.15999984741211,1873600,EXEL
2020-12-02,19.06999969482422,19.40999984741211,18.799999237060547,19.329999923706055,19.329999923706055,1793400,EXEL
2020-12-03,19.34000015258789,19.399999618530273,18.760000228881836,18.84000015258789,18.84000015258789,2485400,EXEL
2020-12-04,18.809999465942383,19.15999984741211,18.809999465942383,18.979999542236328,18.979999542236328,1332300,EXEL
2020-12-07,18.8799991607666,19.43000030517578,18.790000915527344,18.850000381469727,18.850000381469727,1522900,EXEL
2020-12-08,18.950000762939453,19.15999984741211,18.770000457763672,19.1200008392334,19.1200008392334,1500900,EXEL
2020-12-09,19.059999465942383,19.209999084472656,18.59000015258789,18.770000457763672,18.770000457763672,1665200,EXEL
2020-12-10,18.770000457763672,19.479999542236328,18.670000076293945,19.350000381469727,19.350000381469727,2243600,EXEL
2020-12-11,19.34000015258789,19.920000076293945,19.170000076293945,19.8700008392334,19.8700008392334,2352200,EXEL
2020-12-14,20.09000015258789,21.059999465942383,20.049999237060547,20.559999465942383,20.559999465942383,3337800,EXEL
2020-12-15,20.719999313354492,20.920000076293945,20.110000610351562,20.81999969482422,20.81999969482422,2678700,EXEL
2020-12-16,20.75,20.75,20.149999618530273,20.190000534057617,20.190000534057617,1821500,EXEL
2020-12-17,20.239999771118164,20.459999084472656,19.920000076293945,20.170000076293945,20.170000076293945,3371500,EXEL
2020-12-18,20.3700008392334,20.440000534057617,19.770000457763672,19.950000762939453,19.950000762939453,6263000,EXEL
2020-12-21,20.059999465942383,20.100000381469727,19.260000228881836,20.06999969482422,20.06999969482422,2467400,EXEL
2020-12-22,20.020000457763672,20.15999984741211,19.770000457763672,20.09000015258789,20.09000015258789,1531200,EXEL
2020-12-23,20.010000228881836,20.579999923706055,19.809999465942383,20.559999465942383,20.559999465942383,1543600,EXEL
2020-12-24,20.690000534057617,20.829999923706055,20.479999542236328,20.709999084472656,20.709999084472656,1136700,EXEL
2020-12-28,20.899999618530273,20.899999618530273,20.1200008392334,20.40999984741211,20.40999984741211,2866700,EXEL
2020-12-29,20.3799991607666,20.549999237060547,20.0,20.110000610351562,20.110000610351562,1506400,EXEL
2020-12-30,20.209999084472656,20.420000076293945,20.1200008392334,20.209999084472656,20.209999084472656,1641500,EXEL
2020-12-31,20.100000381469727,20.190000534057617,19.770000457763672,20.06999969482422,20.06999969482422,1649400,EXEL
2021-01-04,20.18000030517578,20.559999465942383,19.81999969482422,20.530000686645508,20.530000686645508,2346100,EXEL
2021-01-05,20.600000381469727,21.43000030517578,20.59000015258789,21.3700008392334,21.3700008392334,3158000,EXEL
2021-01-06,21.18000030517578,22.229999542236328,21.149999618530273,21.860000610351562,21.860000610351562,4591100,EXEL
2021-01-07,22.020000457763672,22.530000686645508,21.8799991607666,22.489999771118164,22.489999771118164,2293800,EXEL
2021-01-08,22.670000076293945,23.229999542236328,22.459999084472656,22.81999969482422,22.81999969482422,3862000,EXEL
2021-01-11,24.100000381469727,24.600000381469727,23.520000457763672,24.149999618530273,24.149999618530273,3437300,EXEL
2021-01-12,24.389999389648438,25.65999984741211,24.170000076293945,25.219999313354492,25.219999313354492,3493100,EXEL
2021-01-13,25.100000381469727,25.149999618530273,24.299999237060547,24.3700008392334,24.3700008392334,2472800,EXEL
2021-01-14,24.34000015258789,24.479999542236328,23.56999969482422,23.780000686645508,23.780000686645508,3229700,EXEL
2021-01-15,23.760000228881836,24.229999542236328,23.43000030517578,23.729999542236328,23.729999542236328,2171100,EXEL
2021-01-19,23.760000228881836,23.959999084472656,23.479999542236328,23.59000015258789,23.59000015258789,1795200,EXEL
2021-01-20,23.600000381469727,23.729999542236328,21.350000381469727,22.219999313354492,22.219999313354492,6136300,EXEL
2021-01-21,22.40999984741211,22.459999084472656,21.270000457763672,21.31999969482422,21.31999969482422,2779100,EXEL
2021-01-22,21.229999542236328,22.290000915527344,21.1299991607666,22.139999389648438,22.139999389648438,3736100,EXEL
2021-01-25,22.219999313354492,23.100000381469727,22.219999313354492,22.81999969482422,22.81999969482422,2537400,EXEL
2021-01-26,22.90999984741211,23.0,22.190000534057617,22.459999084472656,22.459999084472656,1707900,EXEL
2021-01-27,22.200000762939453,22.649999618530273,21.579999923706055,22.31999969482422,22.31999969482422,2309100,EXEL
2021-01-28,22.31999969482422,22.670000076293945,21.809999465942383,22.299999237060547,22.299999237060547,2034500,EXEL
2021-01-29,22.540000915527344,22.940000534057617,22.100000381469727,22.209999084472656,22.209999084472656,1784800,EXEL
2021-02-01,22.5,22.790000915527344,21.790000915527344,22.219999313354492,22.219999313354492,1786000,EXEL
2021-02-02,22.489999771118164,22.850000381469727,22.219999313354492,22.559999465942383,22.559999465942383,1682500,EXEL
2021-02-03,22.520000457763672,23.09000015258789,22.510000228881836,22.8799991607666,22.8799991607666,1655000,EXEL
2021-02-04,23.15999984741211,23.5,22.739999771118164,22.90999984741211,22.90999984741211,1745100,EXEL
2021-02-05,22.969999313354492,23.489999771118164,22.649999618530273,23.170000076293945,23.170000076293945,2544500,EXEL
2021-02-08,23.520000457763672,23.969999313354492,23.15999984741211,23.809999465942383,23.809999465942383,1695900,EXEL
2021-02-09,23.979999542236328,23.989999771118164,22.889999389648438,22.950000762939453,22.950000762939453,2107700,EXEL
2021-02-10,23.239999771118164,23.530000686645508,22.829999923706055,23.030000686645508,23.030000686645508,1375800,EXEL
2021-02-11,22.780000686645508,23.0,21.549999237060547,22.06999969482422,22.06999969482422,4257900,EXEL
2021-02-12,21.790000915527344,21.969999313354492,21.260000228881836,21.90999984741211,21.90999984741211,3557100,EXEL
2021-02-16,22.020000457763672,22.690000534057617,21.709999084472656,21.940000534057617,21.940000534057617,3567600,EXEL
2021-02-17,22.020000457763672,22.979999542236328,21.770000457763672,22.860000610351562,22.860000610351562,2894900,EXEL
2021-02-18,22.440000534057617,22.5,21.809999465942383,22.260000228881836,22.260000228881836,2023700,EXEL
2021-02-19,22.489999771118164,22.780000686645508,22.139999389648438,22.209999084472656,22.209999084472656,1223000,EXEL
2021-02-22,21.979999542236328,22.40999984741211,21.780000686645508,22.010000228881836,22.010000228881836,1447000,EXEL
2021-02-23,21.639999389648438,22.399999618530273,21.290000915527344,22.219999313354492,22.219999313354492,1661200,EXEL
2021-02-24,22.360000610351562,22.84000015258789,22.200000762939453,22.65999984741211,22.65999984741211,1444100,EXEL
2021-02-25,22.700000762939453,22.709999084472656,21.790000915527344,21.959999084472656,21.959999084472656,1379300,EXEL
2021-02-26,22.0,22.290000915527344,21.440000534057617,21.65999984741211,21.65999984741211,1764600,EXEL
2021-03-01,21.860000610351562,22.469999313354492,21.639999389648438,22.299999237060547,22.299999237060547,1504300,EXEL
2021-03-02,22.209999084472656,22.229999542236328,21.84000015258789,22.010000228881836,22.010000228881836,2010300,EXEL
2021-03-03,22.100000381469727,22.139999389648438,21.309999465942383,21.329999923706055,21.329999923706055,1113600,EXEL
2021-03-04,21.25,21.649999618530273,20.860000610351562,21.309999465942383,21.309999465942383,1579600,EXEL
2021-03-05,21.5,22.350000381469727,21.079999923706055,22.329999923706055,22.329999923706055,2005500,EXEL
2021-03-08,22.149999618530273,22.829999923706055,21.93000030517578,22.100000381469727,22.100000381469727,2546400,EXEL
2021-03-09,22.299999237060547,23.270000457763672,22.110000610351562,22.200000762939453,22.200000762939453,2247000,EXEL
2021-03-10,22.3700008392334,22.6299991607666,21.920000076293945,22.209999084472656,22.209999084472656,1599300,EXEL
2021-03-11,22.170000076293945,22.84000015258789,21.989999771118164,22.81999969482422,22.81999969482422,1438500,EXEL
2021-03-12,22.75,23.360000610351562,22.5,23.280000686645508,23.280000686645508,1508100,EXEL
2021-03-15,23.399999618530273,24.200000762939453,23.09000015258789,24.170000076293945,24.170000076293945,2126600,EXEL
2021-03-16,24.170000076293945,24.260000228881836,23.25,23.56999969482422,23.56999969482422,1828000,EXEL
2021-03-17,23.239999771118164,23.299999237060547,22.68000030517578,23.149999618530273,23.149999618530273,1441200,EXEL
2021-03-18,22.920000076293945,23.530000686645508,22.700000762939453,22.860000610351562,22.860000610351562,1299100,EXEL
2021-03-19,22.979999542236328,23.729999542236328,22.899999618530273,23.399999618530273,23.399999618530273,4245400,EXEL
2021-03-22,23.450000762939453,23.920000076293945,23.329999923706055,23.6200008392334,23.6200008392334,1604400,EXEL
2021-03-23,23.469999313354492,23.979999542236328,22.719999313354492,22.719999313354492,22.719999313354492,1789000,EXEL
2021-03-24,22.780000686645508,22.90999984741211,21.860000610351562,21.8700008392334,21.8700008392334,1971800,EXEL
2021-03-25,21.780000686645508,22.190000534057617,21.239999771118164,22.049999237060547,22.049999237060547,1880200,EXEL
2021-03-26,22.0,22.709999084472656,21.600000381469727,22.690000534057617,22.690000534057617,1247500,EXEL
2021-03-29,22.549999237060547,22.950000762939453,21.899999618530273,22.079999923706055,22.079999923706055,1719000,EXEL
2021-03-30,21.8799991607666,22.329999923706055,21.43000030517578,21.969999313354492,21.969999313354492,1395500,EXEL
2021-03-31,22.3799991607666,22.8799991607666,22.290000915527344,22.59000015258789,22.59000015258789,2116900,EXEL
2021-04-01,22.760000228881836,23.149999618530273,22.56999969482422,23.1200008392334,23.1200008392334,1613400,EXEL
2021-04-05,22.959999084472656,23.489999771118164,22.700000762939453,23.479999542236328,23.479999542236328,1747900,EXEL
2021-04-06,23.34000015258789,23.8799991607666,23.25,23.329999923706055,23.329999923706055,2272500,EXEL
2021-04-07,23.440000534057617,23.780000686645508,23.219999313354492,23.420000076293945,23.420000076293945,1522600,EXEL
2021-04-08,23.579999923706055,23.90999984741211,23.290000915527344,23.360000610351562,23.360000610351562,1086900,EXEL
2021-04-09,23.25,23.25,22.700000762939453,23.1200008392334,23.1200008392334,1491700,EXEL
2021-04-12,23.100000381469727,23.40999984741211,22.670000076293945,23.030000686645508,23.030000686645508,2054300,EXEL
2021-04-13,23.15999984741211,23.489999771118164,22.969999313354492,23.420000076293945,23.420000076293945,959400,EXEL
2021-04-14,23.329999923706055,24.309999465942383,23.329999923706055,24.049999237060547,24.049999237060547,1544600,EXEL
2021-04-15,24.290000915527344,24.889999389648438,23.90999984741211,23.950000762939453,23.950000762939453,1161600,EXEL
2021-04-16,23.90999984741211,24.110000610351562,23.389999389648438,23.59000015258789,23.59000015258789,1721000,EXEL
2021-04-19,23.639999389648438,24.1299991607666,23.559999465942383,23.739999771118164,23.739999771118164,1305100,EXEL
2021-04-20,23.579999923706055,24.540000915527344,23.520000457763672,24.510000228881836,24.510000228881836,1787500,EXEL
2021-04-21,24.510000228881836,24.959999084472656,24.299999237060547,24.670000076293945,24.670000076293945,1561200,EXEL
2021-04-22,24.520000457763672,24.920000076293945,24.25,24.65999984741211,24.65999984741211,870000,EXEL
2021-04-23,24.639999389648438,24.979999542236328,24.399999618530273,24.729999542236328,24.729999542236328,1529000,EXEL
2021-04-26,24.959999084472656,25.1299991607666,24.6200008392334,24.860000610351562,24.860000610351562,1338500,EXEL
2021-04-27,25.010000228881836,25.190000534057617,24.469999313354492,24.6299991607666,24.6299991607666,1551600,EXEL
2021-04-28,24.479999542236328,24.959999084472656,24.25,24.75,24.75,865600,EXEL
2021-04-29,24.780000686645508,24.8799991607666,24.469999313354492,24.690000534057617,24.690000534057617,658500,EXEL
2021-04-30,24.5,25.040000915527344,24.489999771118164,24.6200008392334,24.6200008392334,1408100,EXEL
2021-05-03,24.68000030517578,24.940000534057617,24.489999771118164,24.760000228881836,24.760000228881836,1377100,EXEL
2021-05-04,24.670000076293945,24.889999389648438,23.65999984741211,23.809999465942383,23.809999465942383,1508000,EXEL
2021-05-05,23.809999465942383,24.43000030517578,23.760000228881836,23.969999313354492,23.969999313354492,2201600,EXEL
2021-05-06,23.760000228881836,23.84000015258789,22.780000686645508,23.219999313354492,23.219999313354492,1910900,EXEL
2021-05-07,23.399999618530273,25.170000076293945,23.079999923706055,25.110000610351562,25.110000610351562,2409300,EXEL
2021-05-10,25.010000228881836,25.329999923706055,24.719999313354492,24.950000762939453,24.950000762939453,2180300,EXEL
2021-05-11,24.110000610351562,25.18000030517578,24.100000381469727,24.690000534057617,24.690000534057617,2246000,EXEL
2021-05-12,24.549999237060547,25.6299991607666,24.469999313354492,25.15999984741211,25.15999984741211,1977400,EXEL
2021-05-13,25.209999084472656,25.65999984741211,25.149999618530273,25.450000762939453,25.450000762939453,1652900,EXEL
2021-05-14,25.030000686645508,25.770000457763672,24.940000534057617,25.559999465942383,25.559999465942383,1335400,EXEL
2021-05-17,25.540000915527344,25.739999771118164,25.09000015258789,25.239999771118164,25.239999771118164,850100,EXEL
2021-05-18,24.729999542236328,25.139999389648438,24.31999969482422,24.34000015258789,24.34000015258789,1495500,EXEL
2021-05-19,23.969999313354492,24.059999465942383,23.25,23.600000381469727,23.600000381469727,1980200,EXEL
2021-05-20,23.729999542236328,24.479999542236328,23.579999923706055,24.329999923706055,24.329999923706055,1552300,EXEL
2021-05-21,24.350000381469727,24.75,24.15999984741211,24.459999084472656,24.459999084472656,1518300,EXEL
2021-05-24,24.690000534057617,24.690000534057617,23.6299991607666,23.68000030517578,23.68000030517578,989400,EXEL
2021-05-25,23.6200008392334,23.6200008392334,22.260000228881836,22.360000610351562,22.360000610351562,2947700,EXEL
2021-05-26,22.5,22.75,22.200000762939453,22.399999618530273,22.399999618530273,1970600,EXEL
2021-05-27,22.440000534057617,22.59000015258789,22.200000762939453,22.479999542236328,22.479999542236328,1162200,EXEL
2021-05-28,22.739999771118164,23.110000610351562,22.5,22.549999237060547,22.549999237060547,1875400,EXEL
2021-06-01,22.600000381469727,22.979999542236328,22.3700008392334,22.889999389648438,22.889999389648438,1386600,EXEL
2021-06-02,22.81999969482422,22.950000762939453,22.110000610351562,22.329999923706055,22.329999923706055,2251500,EXEL
2021-06-03,22.200000762939453,22.270000457763672,21.68000030517578,22.190000534057617,22.190000534057617,1181200,EXEL
2021-06-04,22.31999969482422,22.690000534057617,22.200000762939453,22.3700008392334,22.3700008392334,871700,EXEL
2021-06-07,22.290000915527344,22.479999542236328,21.700000762939453,22.059999465942383,22.059999465942383,1996500,EXEL
2021-06-08,22.239999771118164,22.34000015258789,21.649999618530273,22.209999084472656,22.209999084472656,1703700,EXEL
2021-06-09,22.399999618530273,22.799999237060547,22.239999771118164,22.780000686645508,22.780000686645508,1363500,EXEL
2021-06-10,22.790000915527344,23.260000228881836,22.520000457763672,22.950000762939453,22.950000762939453,1308600,EXEL
2021-06-11,22.850000381469727,23.100000381469727,22.799999237060547,22.979999542236328,22.979999542236328,758100,EXEL
2021-06-14,23.09000015258789,23.34000015258789,22.709999084472656,22.760000228881836,22.760000228881836,1188600,EXEL
2021-06-15,23.149999618530273,23.190000534057617,22.559999465942383,22.639999389648438,22.639999389648438,1170100,EXEL
2021-06-16,22.600000381469727,22.760000228881836,22.15999984741211,22.43000030517578,22.43000030517578,1046600,EXEL
2021-06-17,22.170000076293945,22.420000076293945,21.889999389648438,22.1299991607666,22.1299991607666,1285100,EXEL
2021-06-18,22.059999465942383,22.479999542236328,21.729999542236328,22.40999984741211,22.40999984741211,2887100,EXEL
2021-06-21,22.479999542236328,22.770000457763672,22.190000534057617,22.739999771118164,22.739999771118164,1476600,EXEL
2021-06-22,22.729999542236328,22.940000534057617,22.440000534057617,22.829999923706055,22.829999923706055,1422600,EXEL
2021-06-23,22.899999618530273,22.950000762939453,22.15999984741211,22.219999313354492,22.219999313354492,1392900,EXEL
2021-06-24,22.329999923706055,22.899999618530273,22.25,22.860000610351562,22.860000610351562,1334100,EXEL
2021-06-25,22.889999389648438,23.520000457763672,22.649999618530273,23.420000076293945,23.420000076293945,6571200,EXEL
2021-06-28,20.309999465942383,20.75,17.90999984741211,18.020000457763672,18.020000457763672,16565600,EXEL
2021-06-29,18.100000381469727,18.290000915527344,17.790000915527344,17.950000762939453,17.950000762939453,4922900,EXEL
2021-06-30,17.979999542236328,18.399999618530273,17.850000381469727,18.219999313354492,18.219999313354492,3785200,EXEL
2021-07-01,18.270000457763672,18.68000030517578,18.010000228881836,18.639999389648438,18.639999389648438,4049200,EXEL
2021-07-02,18.510000228881836,18.649999618530273,17.8799991607666,18.260000228881836,18.260000228881836,3360200,EXEL
2021-07-06,18.200000762939453,18.530000686645508,18.049999237060547,18.389999389648438,18.389999389648438,3325100,EXEL
2021-07-07,18.280000686645508,18.549999237060547,17.780000686645508,17.969999313354492,17.969999313354492,3486600,EXEL
2021-07-08,17.700000762939453,18.40999984741211,17.600000381469727,17.829999923706055,17.829999923706055,3081800,EXEL
2021-07-09,18.030000686645508,18.31999969482422,17.8700008392334,18.010000228881836,18.010000228881836,1306500,EXEL
2021-07-12,17.940000534057617,18.079999923706055,17.6200008392334,18.020000457763672,18.020000457763672,1734800,EXEL
2021-07-13,17.850000381469727,18.139999389648438,17.65999984741211,17.709999084472656,17.709999084472656,1628800,EXEL
2021-07-14,17.860000610351562,17.8799991607666,17.40999984741211,17.489999771118164,17.489999771118164,1717000,EXEL
2021-07-15,17.40999984741211,17.649999618530273,17.200000762939453,17.40999984741211,17.40999984741211,2178100,EXEL
2021-07-16,17.5,17.5,16.760000228881836,16.799999237060547,16.799999237060547,3973700,EXEL
2021-07-19,16.6200008392334,16.799999237060547,16.239999771118164,16.299999237060547,16.299999237060547,3286600,EXEL
2021-07-20,16.3700008392334,16.90999984741211,16.350000381469727,16.8799991607666,16.8799991607666,3172600,EXEL
2021-07-21,16.93000030517578,17.040000915527344,16.719999313354492,17.030000686645508,17.030000686645508,2132600,EXEL
2021-07-22,17.280000686645508,17.280000686645508,16.670000076293945,16.940000534057617,16.940000534057617,1162400,EXEL
2021-07-23,17.059999465942383,17.059999465942383,16.579999923706055,16.729999542236328,16.729999542236328,1097100,EXEL
2021-07-26,16.770000457763672,17.059999465942383,16.489999771118164,16.510000228881836,16.510000228881836,1295900,EXEL
2021-07-27,16.510000228881836,16.68000030517578,16.190000534057617,16.649999618530273,16.649999618530273,1780900,EXEL
2021-07-28,16.649999618530273,17.350000381469727,16.59000015258789,17.139999389648438,17.139999389648438,1471900,EXEL
2021-07-29,17.25,17.3799991607666,16.84000015258789,16.860000610351562,16.860000610351562,1228000,EXEL
2021-07-30,16.860000610351562,17.110000610351562,16.799999237060547,16.850000381469727,16.850000381469727,1194900,EXEL
2021-08-02,17.020000457763672,17.360000610351562,16.93000030517578,17.229999542236328,17.229999542236328,2204000,EXEL
2021-08-03,17.209999084472656,17.209999084472656,16.68000030517578,16.969999313354492,16.969999313354492,2294000,EXEL
2021-08-04,16.920000076293945,17.260000228881836,16.760000228881836,16.790000915527344,16.790000915527344,2820800,EXEL
2021-08-05,16.790000915527344,17.1299991607666,16.610000610351562,17.0,17.0,2241500,EXEL
2021-08-06,17.940000534057617,18.079999923706055,17.030000686645508,17.25,17.25,4167000,EXEL
2021-08-09,17.290000915527344,17.610000610351562,17.049999237060547,17.549999237060547,17.549999237060547,3954600,EXEL
2021-08-10,17.579999923706055,17.75,16.969999313354492,17.209999084472656,17.209999084472656,2522700,EXEL
2021-08-11,17.280000686645508,17.469999313354492,17.06999969482422,17.450000762939453,17.450000762939453,1657900,EXEL
2021-08-12,17.510000228881836,17.979999542236328,17.459999084472656,17.969999313354492,17.969999313354492,2107500,EXEL
2021-08-13,18.0,18.700000762939453,17.979999542236328,18.280000686645508,18.280000686645508,3118800,EXEL
2021-08-16,18.299999237060547,18.670000076293945,18.209999084472656,18.489999771118164,18.489999771118164,2220600,EXEL
2021-08-17,18.270000457763672,19.059999465942383,18.170000076293945,19.0,19.0,2332800,EXEL
2021-08-18,19.030000686645508,19.030000686645508,18.239999771118164,18.260000228881836,18.260000228881836,1897900,EXEL
2021-08-19,18.190000534057617,18.399999618530273,17.739999771118164,17.790000915527344,17.790000915527344,1793900,EXEL
2021-08-20,17.860000610351562,18.450000762939453,17.799999237060547,18.440000534057617,18.440000534057617,1407600,EXEL
2021-08-23,18.600000381469727,19.0,18.549999237060547,18.790000915527344,18.790000915527344,1459900,EXEL
2021-08-24,18.84000015258789,18.989999771118164,18.65999984741211,18.93000030517578,18.93000030517578,1382200,EXEL
2021-08-25,18.860000610351562,19.280000686645508,18.770000457763672,18.90999984741211,18.90999984741211,1440900,EXEL
2021-08-26,19.0,19.5,18.959999084472656,19.040000915527344,19.040000915527344,1939800,EXEL
2021-08-27,19.200000762939453,19.809999465942383,19.149999618530273,19.43000030517578,19.43000030517578,2055900,EXEL
2021-08-30,19.440000534057617,19.6299991607666,19.229999542236328,19.260000228881836,19.260000228881836,1564500,EXEL
2021-08-31,19.260000228881836,19.5,19.100000381469727,19.170000076293945,19.170000076293945,1848600,EXEL
2021-09-01,19.25,19.790000915527344,19.139999389648438,19.540000915527344,19.540000915527344,3497700,EXEL
2021-09-02,19.639999389648438,20.350000381469727,19.510000228881836,20.270000457763672,20.270000457763672,2585500,EXEL
2021-09-03,20.219999313354492,20.3799991607666,19.709999084472656,19.770000457763672,19.770000457763672,3601600,EXEL
2021-09-07,19.700000762939453,20.09000015258789,19.40999984741211,19.520000457763672,19.520000457763672,2154400,EXEL
2021-09-08,19.5,19.959999084472656,19.270000457763672,19.8799991607666,19.8799991607666,1305500,EXEL
2021-09-09,19.799999237060547,20.0,19.5,19.540000915527344,19.540000915527344,1385000,EXEL
2021-09-10,19.6299991607666,20.020000457763672,19.459999084472656,19.959999084472656,19.959999084472656,1745500,EXEL
2021-09-13,20.0,20.600000381469727,19.90999984741211,20.219999313354492,20.219999313354492,2040800,EXEL
2021-09-14,20.299999237060547,20.489999771118164,20.049999237060547,20.1299991607666,20.1299991607666,917600,EXEL
2021-09-15,20.09000015258789,20.6299991607666,20.0,20.469999313354492,20.469999313354492,1289100,EXEL
2021-09-16,20.469999313354492,20.639999389648438,20.110000610351562,20.540000915527344,20.540000915527344,1137200,EXEL
2021-09-17,20.450000762939453,20.75,19.959999084472656,20.719999313354492,20.719999313354492,3938200,EXEL
2021-09-20,20.079999923706055,20.350000381469727,19.6200008392334,19.81999969482422,19.81999969482422,2337600,EXEL
2021-09-21,19.8799991607666,20.420000076293945,19.8799991607666,20.329999923706055,20.329999923706055,1211400,EXEL
2021-09-22,20.329999923706055,20.479999542236328,20.049999237060547,20.200000762939453,20.200000762939453,992200,EXEL
2021-09-23,20.31999969482422,20.530000686645508,20.260000228881836,20.5,20.5,1177700,EXEL
2021-09-24,20.3700008392334,20.489999771118164,20.190000534057617,20.350000381469727,20.350000381469727,913300,EXEL
2021-09-27,20.420000076293945,20.780000686645508,20.219999313354492,20.700000762939453,20.700000762939453,1206300,EXEL
2021-09-28,20.540000915527344,20.920000076293945,20.440000534057617,20.600000381469727,20.600000381469727,1290600,EXEL
2021-09-29,20.68000030517578,20.940000534057617,20.469999313354492,20.6299991607666,20.6299991607666,1841500,EXEL
2021-09-30,20.780000686645508,21.43000030517578,20.670000076293945,21.139999389648438,21.139999389648438,2343600,EXEL
2021-10-01,21.1200008392334,21.739999771118164,20.979999542236328,21.540000915527344,21.540000915527344,1828000,EXEL
2021-10-04,21.459999084472656,21.530000686645508,20.799999237060547,21.040000915527344,21.040000915527344,1839200,EXEL
2021-10-05,21.15999984741211,21.299999237060547,20.8799991607666,20.90999984741211,20.90999984741211,1442000,EXEL
2021-10-06,20.65999984741211,21.0,20.549999237060547,20.899999618530273,20.899999618530273,1603700,EXEL
2021-10-07,21.139999389648438,21.56999969482422,20.979999542236328,21.559999465942383,21.559999465942383,1968300,EXEL
2021-10-08,21.5,21.81999969482422,21.299999237060547,21.6200008392334,21.6200008392334,1755200,EXEL
2021-10-11,21.65999984741211,21.860000610351562,21.510000228881836,21.670000076293945,21.670000076293945,959900,EXEL
2021-10-12,21.700000762939453,22.0,21.389999389648438,21.399999618530273,21.399999618530273,1396600,EXEL
2021-10-13,21.399999618530273,21.489999771118164,21.020000457763672,21.450000762939453,21.450000762939453,1138200,EXEL
2021-10-14,21.649999618530273,21.860000610351562,21.299999237060547,21.84000015258789,21.84000015258789,1247000,EXEL
2021-10-15,22.0,22.079999923706055,21.670000076293945,21.81999969482422,21.81999969482422,3196900,EXEL
2021-10-18,21.649999618530273,21.729999542236328,21.190000534057617,21.309999465942383,21.309999465942383,1438000,EXEL
2021-10-19,21.459999084472656,21.709999084472656,21.3700008392334,21.5,21.5,755700,EXEL
2021-10-20,21.56999969482422,21.700000762939453,21.43000030517578,21.639999389648438,21.639999389648438,1104500,EXEL
2021-10-21,21.68000030517578,21.700000762939453,21.290000915527344,21.329999923706055,21.329999923706055,1333800,EXEL
2021-10-22,21.399999618530273,21.549999237060547,21.219999313354492,21.399999618530273,21.399999618530273,913200,EXEL
