Date,Open,High,Low,Close,Adj Close,Volume,ticker,PriceReturn_22days,PriceReturn_66days,PriceReturn_132days,PriceReturn_22days_mean,AdjRet22Day,AdjRet66Day,AdjRet132Day
2017-09-29,57.5,57.59999847412109,56.84999847412109,57.18999862670898,48.03328704833984,2754400,O,0.9421377107569328,0.977238703971636,0.9286393080868433,1.0206479989635429,-0.0785102882066101,-0.11302168475080998,-0.16065389090435966
2017-10-02,57.18999862670898,57.43000030517578,56.88999938964844,57.06999969482422,47.9324836730957,2169700,O,0.9486927917576884,0.9785846049724743,0.910303231628465,1.012478214064533,-0.06378542230684459,-0.11012295078892531,-0.17882764684846875
2017-10-03,57.09999847412109,57.34999847412109,56.83000183105469,57.04999923706055,47.91567611694336,1448700,O,0.9664470602884034,0.9801691085612572,0.9125982908582227,1.0113391723313174,-0.04489211204291399,-0.10979426644364487,-0.1692023513623494
2017-10-04,57.119998931884766,57.209999084472656,56.77999877929688,57.150001525878906,47.99967956542969,1302800,O,0.9693230329461708,0.9602230118698278,0.915841971296119,1.0126829906128405,-0.04335995766666967,-0.12826067515173856,-0.17411739530054504
2017-10-05,57.310001373291016,57.41999816894531,56.93999862670898,57.02999877929688,47.89889144897461,1820500,O,0.9727707934284068,0.9411360272090576,0.927292019126172,1.0121464877707815,-0.039375694342374756,-0.14166444847405502,-0.17062972964508716
2017-10-06,56.81999969482422,56.81999969482422,55.90999984741211,56.47999954223633,47.43694686889648,2045200,O,0.999307536417867,0.9542411122649044,0.9330561977903088,1.0081446760609294,-0.00883713964306243,-0.14070211056213178,-0.1675168686454548
2017-10-09,56.540000915527344,56.720001220703125,56.369998931884766,56.52999877929688,47.47895812988281,984400,O,0.9975355775729444,0.9433761325834036,0.9093915601104388,1.0143616235707735,-0.01682604599782911,-0.16033929236924904,-0.18909058606625817
2017-10-10,56.709999084472656,57.060001373291016,56.2400016784668,56.61000061035156,47.546142578125,1531600,O,0.997722067892518,0.9459742893416654,0.8965222542862864,1.008797349947511,-0.011075282054992863,-0.1468763868022802,-0.19277505840766918
2017-10-11,56.59999847412109,56.9900016784668,56.54999923706055,56.66999816894531,47.596527099609375,1624000,O,0.9968432679786337,0.9503279756970024,0.8883407933738683,1.0091988628593096,-0.012355594880675946,-0.1509042320457039,-0.19975625681912534
2017-10-12,56.650001525878906,56.93000030517578,56.45000076293945,56.75,47.66373062133789,1374000,O,1.002513453438605,0.9402536791219936,0.8934078851128084,1.0112728774332036,-0.008759423994598503,-0.158431246701359,-0.182627215852321
2017-10-13,56.93000030517578,57.209999084472656,56.720001220703125,56.869998931884766,47.76451110839844,1410000,O,1.0044586053391134,0.9452067616630382,0.8938649552198754,1.0098252549340065,-0.005366649594893191,-0.16304273672423686,-0.1830256486237416
2017-10-16,56.86000061035156,57.02000045776367,56.560001373291016,56.900001525878906,47.78971099853516,1247900,O,0.996342131003834,0.9575086132537703,0.9074402292631754,1.0047827275420922,-0.008440596538258238,-0.15755315188793728,-0.1781537680970311
2017-10-17,56.810001373291016,57.16999816894531,56.709999084472656,57.09000015258789,47.94928741455078,1258000,O,0.9933781599408988,0.966193165138352,0.9234454062168,1.016827126331923,-0.02344896639102423,-0.15480260503096432,-0.16349288009800023
2017-10-18,57.0,57.13999938964844,56.06999969482422,56.290000915527344,47.27737808227539,1693100,O,1.007317395330658,0.9705799363391124,0.923406749080424,1.016900814218988,-0.00958341888832992,-0.146003787758194,-0.1525885953442313
2017-10-19,56.47999954223633,56.61000061035156,56.02999877929688,56.209999084472656,47.21017074584961,1459700,O,1.002321615874384,0.9797000015271662,0.9369876670418864,1.0195478153138224,-0.017226199439438483,-0.13685090081203533,-0.14084587427593775
2017-10-20,56.29999923706055,56.29999923706055,55.43999862670898,55.540000915527344,46.64746856689453,1690200,O,1.02200451508028,0.9873294476100382,0.9414345544788776,1.0187296628598663,0.003274852220413571,-0.1295960781675064,-0.12403945474558653
2017-10-23,55.7599983215332,55.7599983215332,55.27999877929688,55.470001220703125,46.58866500854492,1162700,O,1.018769847290648,0.9674215190954446,0.9515278836650212,1.0231439317955078,-0.004374084504859876,-0.1468166338692375,-0.11692926820056737
2017-10-24,55.43999862670898,55.56999969482422,54.77999877929688,54.959999084472656,46.16032028198242,1948100,O,1.030050201431311,0.9655397879006676,0.9787069307262892,1.0231766620252993,0.006873539406011764,-0.13525309594572688,-0.10067388957156398
2017-10-25,54.81999969482422,54.93999862670898,54.06999969482422,54.470001220703125,45.7487907409668,2491300,O,1.0361825469693369,0.99192255067657,0.995068112281974,1.028738706809164,0.007443840160172854,-0.11629127087799562,-0.09875315000333051
2017-10-26,54.72999954223633,54.97999954223633,53.34999847412109,53.43999862670898,44.88368988037109,3000400,O,1.0497671679136225,0.9806281494374892,1.0102033063091167,1.0357335667629224,0.01403360115070007,-0.12374038124995212,-0.0808187280117445
2017-10-27,53.380001068115234,54.09000015258789,53.0099983215332,53.93000030517578,45.29523849487305,1812200,O,1.0325966038887897,0.9653146087524082,1.0088481645629586,1.0327543330408862,-0.0001577291520964419,-0.11310434484363252,-0.08728063417211107
2017-10-30,54.02000045776367,54.65999984741211,53.95000076293945,54.16999816894531,45.49681091308594,1707600,O,1.0288030669968162,0.9394727769152884,1.016726565804032,1.0448229351223306,-0.01601986812551437,-0.10663815665719034,-0.09366292659083486
2017-10-31,54.0,54.09999847412109,53.20000076293945,53.66999816894531,45.25397109985352,2176100,O,1.0389999812021469,0.9439486803443664,1.0120602134846015,1.0378093145840102,0.0011906666181367154,-0.10970768807012488,-0.09551973764382193
2017-11-01,53.7599983215332,54.22999954223633,53.38999938964844,53.93000030517578,45.47320175170898,1252500,O,1.0300820592915063,0.917821670132537,1.003189456305078,1.0388512590749122,-0.008769199783405845,-0.13676234821931277,-0.10625314995399049
2017-11-02,54.060001373291016,55.52000045776367,54.040000915527344,54.91999816894531,46.30796432495117,1964300,O,1.0093198526610352,0.8762209359558231,0.965321304138482,1.0310647944789963,-0.02174494181796116,-0.14182540616417638,-0.13918070714710007
2017-11-03,54.79999923706055,55.5,54.560001373291016,55.18000030517578,46.52719497680664,1553900,O,0.995104299684549,0.8966633529627588,0.9641168090876108,1.0262436118253357,-0.03113931214078669,-0.1289730526049937,-0.14369350960175542
2017-11-06,55.22999954223633,55.970001220703125,55.16999816894531,55.2599983215332,46.59464263916016,1560600,O,0.9960252997542428,0.8913369889867014,0.959382065881338,1.0311845275729687,-0.035159227818725935,-0.14477394021574297,-0.1463462184547687
2017-11-07,55.25,56.470001220703125,55.25,56.220001220703125,47.40409851074219,1692700,O,0.9924094087730452,0.8816962669091553,0.9419059766470584,1.0414917955670933,-0.04908238679404808,-0.16421354311851077,-0.16992038244801166
2017-11-08,56.29999923706055,56.84000015258789,56.02000045776367,56.16999816894531,47.3619499206543,1172200,O,0.9904330429391096,0.8664491294093237,0.9546061660399444,1.0390384642435906,-0.04860542130448098,-0.1945556336884149,-0.16004713936140724
2017-11-09,56.0,56.869998931884766,55.86000061035156,56.2599983215332,47.437835693359375,987800,O,0.9945585010193362,0.8862846691708864,0.9525323540329236,1.0401272810196784,-0.04556878000034226,-0.18929018356320582,-0.16014663879339985
2017-11-10,56.02999877929688,56.70000076293945,55.84999847412109,56.27000045776367,47.4462776184082,1300000,O,1.01454016186359,0.8983545023431475,0.9651142886936932,1.0393664161720684,-0.02482625430847829,-0.1775387462972703,-0.14822367166123485
2017-11-13,56.5,56.790000915527344,56.34999847412109,56.66999816894531,47.78353118896485,1555900,O,1.0091509245526522,0.882015374856121,0.954866237602152,1.0305050740272153,-0.021354149474563044,-0.18465183991019973,-0.15676632322845485
2017-11-14,56.68000030517578,56.970001220703125,56.310001373291016,56.900001525878906,47.97747421264648,1496100,O,1.012657780980801,0.860489781074305,0.9519067612827125,1.043144349882203,-0.030486568901402,-0.20445100136851735,-0.16174545955553843
2017-11-15,56.77000045776367,57.22999954223633,56.470001220703125,56.470001220703125,47.61490249633789,1594700,O,1.0274793359793386,0.8833471759765953,0.9678684302891188,1.0570826794517585,-0.029603343472419885,-0.1846025422970018,-0.14275966914152904
2017-11-16,56.459999084472656,56.84999847412109,56.11000061035156,56.4900016784668,47.63177490234375,1205300,O,1.0013486690782538,0.8991546311566262,0.974965370278537,1.0412088647392546,-0.03986019566100074,-0.17132458118099192,-0.13724934048461113
2017-11-17,56.380001068115234,56.72999954223633,56.31999969482422,56.47999954223633,47.62332534790039,1077400,O,0.9883741561012191,0.9064799587381428,0.9713112662925342,1.0392013474275237,-0.05082719132630453,-0.16884108894082261,-0.1286281056251416
2017-11-20,56.4900016784668,56.630001068115234,56.02000045776367,56.119998931884766,47.31977462768555,1035100,O,0.988274990033935,0.8901186213657116,0.9727736375109386,1.0381241126825425,-0.049849122648607413,-0.16759093926314705,-0.13439431427819315
2017-11-21,56.25,56.59999847412109,56.0,56.540000915527344,47.67392349243164,1303100,O,0.9915859520911214,0.884027303847118,0.9677319334298492,1.0319953792429801,-0.04040942715185869,-0.1585742359563287,-0.13783753178955538
2017-11-22,56.369998931884766,56.63999938964844,56.25,56.290000915527344,47.46312713623047,1218100,O,1.0027667190637262,0.895717340072563,0.9691040327839812,1.0328322263084138,-0.030065507244687595,-0.13878630624581667,-0.14052000591202918
2017-11-24,56.380001068115234,56.52000045776367,56.15999984741211,56.38999938964844,47.54744720458984,416500,O,1.009711192256784,0.8962917065874174,0.9723136791396984,1.0320198840812407,-0.022308691824456606,-0.14641931540729125,-0.1447113923495379
2017-11-27,56.400001525878906,56.540000915527344,56.11000061035156,56.220001220703125,47.40409851074219,1448100,O,1.0199067330827976,0.9094874745507658,0.9767187588016129,1.0369551897736957,-0.01704845669089816,-0.14754376223960242,-0.14034873668418668
2017-11-28,56.18999862670898,56.220001220703125,55.77999877929688,55.880001068115234,47.11742401123047,1384400,O,1.0281495035036088,0.9192041484671964,0.9811876242252996,1.020376345675996,0.007773157827612787,-0.13420903128618789,-0.13021162580583512
2017-11-29,55.7400016784668,55.900001525878906,55.18999862670898,55.470001220703125,46.77170944213867,2076300,O,1.0284830921782968,0.9316783899548182,0.9906668527320496,1.026253639124301,0.002229453053995911,-0.12237496470039155,-0.12161741071016763
2017-11-30,55.400001525878906,55.630001068115234,55.09000015258789,55.29999923706055,46.80725860595703,2003300,O,1.0249797029268046,0.9260273758251876,1.000668527971983,1.0246409570196735,0.0003387459071311216,-0.12339780664866074,-0.11013317396195221
2017-12-01,55.470001220703125,55.84000015258789,55.08000183105469,55.54999923706055,47.01887512207031,2938400,O,0.9983222070020112,0.9271454088346672,0.967185922505435,1.029880242563007,-0.03155803556099568,-0.14109486685667438,-0.1419780081629557
2017-12-04,55.560001373291016,55.88999938964844,55.27999877929688,55.34000015258789,46.84112930297852,2506700,O,1.001384708237666,0.9376154042296676,0.9817877028819896,1.036157586789428,-0.03477287855176203,-0.1329958937238911,-0.1356230195731204
2017-12-05,55.38999938964844,55.66999816894531,55.150001525878906,55.220001220703125,46.73954772949219,1736100,O,1.0048335473306165,0.9433200201232532,0.983549877037259,1.0465343935592823,-0.04170084622866588,-0.12808963490195313,-0.14147533201760476
2017-12-06,55.29999923706055,55.47999954223633,54.400001525878906,54.70000076293945,46.29941177368164,2296300,O,0.9954855821149562,0.951177186864784,0.9915877029405592,1.048372731047773,-0.052887148932816874,-0.11796215772153928,-0.13639465214048674
2017-12-07,54.650001525878906,55.150001525878906,54.61000061035156,54.83000183105469,46.40944290161133,1631500,O,0.9713405201086934,0.9443056555271402,0.9884890272092856,1.0387885930282448,-0.06744807291955135,-0.1127131573816339,-0.12612197557372118
2017-12-08,54.93000030517578,55.58000183105469,54.93000030517578,55.58000183105469,47.04427337646485,1357100,O,0.9622060602443616,0.9375738199311824,0.9867722954234114,1.0447156071702373,-0.08250954692587564,-0.11940821736010221,-0.12705357228085756
2017-12-11,55.61000061035156,55.810001373291016,55.33000183105469,55.41999816894531,46.90884017944336,2125300,O,0.9548416828964053,0.9298676874791972,0.9901760374651404,1.0484619827112251,-0.0936202998148199,-0.11475583235545372,-0.11427515397577881
2017-12-12,55.66999816894531,55.84000015258789,55.27000045776367,55.7400016784668,47.17970275878906,1500200,O,0.9533215727583296,0.9169009294724494,0.98927398689961,1.0415757419863072,-0.08825416922797757,-0.13188627737614367,-0.11822248502982491
2017-12-13,55.88999938964844,57.15999984741211,55.88999938964844,56.869998931884766,48.13615417480469,2421700,O,0.9396743887041704,0.8883568261592171,0.9779107102497232,1.0495576207370112,-0.10988323203284078,-0.1605189659961722,-0.11258350128837724
2017-12-14,56.86000061035156,57.18000030517578,56.59999847412109,56.970001220703125,48.220794677734375,2045300,O,0.9293915286320668,0.8862640094070056,0.9781741523790598,1.0539026313731312,-0.12451110274106447,-0.1444624833278696,-0.12227801193260535
2017-12-15,57.220001220703125,57.56999969482422,57.06999969482422,57.400001525878906,48.58476257324219,5255400,O,0.9292489347689468,0.8701003061822817,0.9740614236392572,1.0520989179928428,-0.12284998322389606,-0.13062289143048955,-0.09977313793234222
2017-12-18,57.5,58.22999954223633,57.5,57.79999923706055,48.9233283996582,1813900,O,0.9353218884086708,0.8749388399508864,0.96324034458751,1.049480051520865,-0.11415816311219429,-0.1409546484560984,-0.10815203132589057
2017-12-19,57.619998931884766,57.7599983215332,56.27000045776367,56.34999847412109,47.69601440429688,1538800,O,0.9713237961664926,0.9041005743798558,0.9827284546769696,1.0585213557872057,-0.08719755962071318,-0.10050639391252814,-0.09484625879018449
2017-12-20,56.41999816894531,56.59999847412109,55.61000061035156,55.61000061035156,47.06966400146485,1552100,O,0.9748630159745132,0.9423483045263686,0.9863640010600508,1.0561912314345747,-0.08132821546006153,-0.05977907571708874,-0.09409205487041528
2017-12-21,55.88999938964844,55.90999984741211,55.16999816894531,55.25,46.764949798583984,1219500,O,0.9890271357290568,0.9519848478903638,1.0090024994389906,1.054691754118366,-0.06566461838930926,-0.06201154051803781,-0.06938794223791733
2017-12-22,55.40999984741211,55.900001525878906,55.29999923706055,55.84999847412109,47.27279281616211,985400,O,0.9742690589842272,0.9315629514151512,1.0167804485357377,1.0628648969920687,-0.08859583800784143,-0.05957494879012404,-0.07136236582318678
2017-12-26,55.93000030517578,56.4900016784668,55.7400016784668,56.22999954223633,47.59444427490234,947600,O,0.9469776937591484,0.9355739441152148,1.0175983068461452,1.054562443450246,-0.10758474969109766,-0.06583741987647718,-0.07935793077685993
2017-12-27,56.380001068115234,56.97999954223633,56.119998931884766,56.720001220703125,48.00918960571289,1261900,O,0.9283561380754612,0.9402195621390984,0.9961020461853932,1.0427572783556516,-0.11440114028019033,-0.07172816027007112,-0.10817882690628233
2017-12-28,56.7400016784668,57.150001525878906,56.5099983215332,57.119998931884766,48.34775924682617,1309000,O,0.9386010418906312,0.932211147559092,0.9997604558912582,1.039387058829826,-0.10078601693919476,-0.08353281839893989,-0.10215294268679675
2017-12-29,56.93000030517578,57.16999816894531,56.68999862670898,57.02000045776367,48.443756103515625,1453200,O,0.9085631108633272,0.9252118236996858,0.9918432914095646,1.0452598484191695,-0.13669673755584233,-0.07483291494096678,-0.10993770189520491
2018-01-02,57.02000045776367,57.060001373291016,56.41999816894531,56.619998931884766,48.103912353515625,1621000,O,0.9089521680626848,0.92834907937668,1.003922712430429,1.0173995405954512,-0.10844737253276648,-0.06515953935197305,-0.09667309752589803
2018-01-03,56.70000076293945,56.83000183105469,56.31999969482422,56.470001220703125,47.97649002075195,1544000,O,0.8909158479667519,0.9277653549418852,1.0016850936597366,0.9765980219270426,-0.08568217396029065,-0.07618343738197031,-0.0937633672257776
2018-01-04,56.27999877929688,56.33000183105469,55.25,55.25,46.93998718261719,1879200,O,0.910043416370338,0.9502686542322996,1.0193485821577444,0.9849127815791189,-0.07486936520878085,-0.04808828208669258,-0.0702462776254531
2018-01-05,55.29999923706055,55.369998931884766,54.90999984741211,55.209999084472656,46.90599060058594,1425600,O,0.8897859195304146,0.9302243536255816,1.0165572500732751,0.9789917900086822,-0.08920587047826756,-0.06940246545607354,-0.07333212081512341
2018-01-08,55.25,55.38999938964844,55.02000045776367,55.27999877929688,46.9654655456543,1098200,O,0.8639541282428971,0.93106208192766,1.0199085992487642,0.942840182406444,-0.07888605416354688,-0.06066240254665678,-0.0674414064042903
2018-01-09,55.209999084472656,55.27000045776367,54.18999862670898,54.25,46.09039688110352,1923700,O,0.9051610199729008,0.9537804863817142,1.0551535586581418,0.9530778204901077,-0.047916800517206926,-0.047443760665700885,-0.03414425969273638
2018-01-10,54.0,54.040000915527344,52.79999923706055,53.060001373291016,45.07937240600586,3655700,O,0.921297841035764,0.985290109311892,1.0726327455701126,0.966664672858564,-0.04536683182279999,-0.027984468684316255,-0.013152293889536537
2018-01-11,53.25,53.75,53.150001525878906,53.27999877929688,45.26628494262695,2239300,O,0.9233365792242476,0.9777992016878072,1.0678185295566387,0.9609362737659176,-0.03759969454167,-0.027074568160343482,-0.007263076650082301
2018-01-12,53.20000076293945,53.220001220703125,52.630001068115234,52.720001220703125,44.7905158996582,2066400,O,0.9161921771075662,0.9639755858780324,1.0690443735566766,0.9729510699723093,-0.056758892864743116,-0.030749638126322476,0.005779341911297031
2018-01-16,53.0,53.5099983215332,52.91999816894531,52.93999862670898,44.9774284362793,2002400,O,0.9347672371539852,0.9477237007257414,1.0801010095955554,0.9917823196316325,-0.057015082477647305,-0.04858930634325287,-0.0021072805232358327
2018-01-17,53.20000076293945,53.5,52.95000076293945,53.2400016784668,45.2323112487793,1665300,O,0.942325871510053,0.9347728532587176,1.0742072931969198,0.9854883712686995,-0.0431624997586465,-0.05314694410153842,-0.0016210820914628332
2018-01-18,53.04999923706055,53.18999862670898,52.619998931884766,52.75,44.81599807739258,1921500,O,0.940418845538206,0.9501774945960012,1.0701865682916896,0.981540936006692,-0.04112209046848603,-0.029628908658124287,0.004668664962953484
2018-01-19,52.880001068115234,53.150001525878906,52.59999847412109,53.13999938964844,45.1473388671875,1977500,O,0.9144310011977926,0.945681930636182,1.0687015509115931,0.9694690060853025,-0.05503800488750987,-0.026030102039985903,0.022886187562857208
2018-01-22,53.16999816894531,53.900001525878906,53.16999816894531,53.86000061035156,45.75905990600586,1705500,O,0.919172940635972,0.9477097299203874,1.0662686384010354,0.9621388743443279,-0.042965933708355886,-0.025526870041352345,0.016824417812402626
2018-01-23,53.95000076293945,54.560001373291016,53.95000076293945,54.52999877929688,46.32827377319336,1639800,O,0.92445341700674,0.9557565086734692,1.057133580887564,0.9712482450100665,-0.04679482800332646,-0.013174676165126575,0.014878875750789833
2018-01-24,54.41999816894531,54.58000183105469,53.86000061035156,54.0099983215332,45.886474609375,1666600,O,0.9407911669796916,0.9513969066405604,1.0850431927736484,0.9795485186833895,-0.038757351703697984,-0.011514542170527942,0.03151408466205341
2018-01-25,54.0099983215332,54.459999084472656,53.93000030517578,54.43999862670898,46.25180435180664,1638400,O,0.910671770436268,0.9564026391561709,1.0908483580492705,0.966216685842239,-0.05554491540597095,-0.007923611815074949,0.03495556608200556
2018-01-26,54.5,54.52999877929688,53.97999954223633,54.209999084472656,46.056419372558594,1672600,O,0.9150743940363512,0.9535161305658864,1.094336117356698,0.9510576163473857,-0.03598322231103457,0.0007352787118639625,0.041494936658436066
2018-01-29,54.0,54.16999816894531,52.650001525878906,53.04999923706055,45.07087707519531,2118100,O,0.9432597887780512,0.983571137175774,1.1112776405705935,0.9505813448789945,-0.007321556100943316,0.025347704703237994,0.047047809556864495
2018-01-30,52.95000076293945,53.0,52.27999877929688,52.459999084472656,44.56962585449219,2088500,O,0.956175462141144,1.013637079476808,1.1218126854085106,0.9691515138835962,-0.0129760517424522,0.03406990010301891,0.04828649417305164
2018-01-31,52.33000183105469,53.45000076293945,52.209999084472656,53.18999862670898,45.37925720214844,3632300,O,0.9500691835001978,1.003171176623879,1.098520498659202,0.9806085357513575,-0.03053935225115978,0.01818039261201987,0.02247327127477572
2018-02-01,53.09000015258789,53.209999084472656,51.40999984741211,51.59000015258789,44.01420974731445,3189000,O,0.9840124783531652,1.030159400266648,1.1232476583370463,0.9878286984701531,-0.0038162201169879006,0.04357915929994738,0.050451660661149145
2018-02-02,51.09999847412109,51.45000076293945,50.41999816894531,51.25,43.72415542602539,2514600,O,0.9966159557320804,1.0450977903119214,1.1349008573964898,1.0090257197028396,-0.012409763970759213,0.030237956122534104,0.04688988234608793
2018-02-05,50.88999938964844,51.790000915527344,50.04999923706055,50.09999847412109,42.74301528930664,3114800,O,1.014079202486429,1.0822310031615845,1.1683203441374586,1.0478685372259775,-0.03378933473954859,0.022524251945432727,0.03142656798929089
2018-02-06,49.7599983215332,50.65999984741211,49.0099983215332,50.06999969482422,42.71742630004883,3823200,O,1.0205046973522425,1.072155970508256,1.1798745271191575,1.051568894585514,-0.031064197233271473,0.022338703160981854,0.06526322238848525
2018-02-07,50.09999847412109,50.95000076293945,48.88999938964844,48.91999816894531,41.736289978027344,5867100,O,1.0522967999577366,1.0930112994174712,1.2199787074539814,1.0532451350968348,-0.0009483351390981998,0.04253650724552349,0.09413138855002168
2018-02-08,48.84000015258789,49.33000183105469,47.540000915527344,47.560001373291016,40.57600784301758,4398400,O,1.0866113609627446,1.1016871025633097,1.2688790389777636,1.0842445858930831,0.002366775069661431,0.019229884918479323,0.10037501122146253
2018-02-09,47.869998931884766,49.27999877929688,47.41999816894531,48.900001525878906,41.71923065185547,3233600,O,1.0556029810781309,1.075227180749578,1.232640109958939,1.0683764455000002,-0.01277346442186933,-0.002584641644223229,0.06841825642950838
2018-02-12,49.060001373291016,49.22999954223633,47.25,48.68000030517578,41.53152847290039,4290600,O,1.055215182616055,1.0763404612794003,1.2344196293624805,1.051323312301984,0.0038918703140709,0.010933137013509953,0.07901079845101067
2018-02-13,48.650001525878906,49.18000030517578,47.959999084472656,48.9900016784668,41.796016693115234,2853800,O,1.0553034137036434,1.0682884934388712,1.2240964900071418,1.0516026800277547,0.0037007336758887455,0.007725500068813673,0.07369620734986815
2018-02-14,48.54999923706055,48.650001525878906,47.77999877929688,48.09999847412109,41.036720275878906,2728500,O,1.062926433856099,1.101745196155623,1.2461060299157891,1.0231635804963441,0.039762853359754935,0.052491213375542856,0.11623611880230555
2018-02-15,48.27000045776367,49.369998931884766,48.13999938964844,49.27999877929688,42.04342651367188,3003400,O,1.0289150266498943,1.0747476371491471,1.219390003041347,1.0138027741967723,0.015112252453121977,0.04164367665976587,0.09455393178263694
2018-02-16,49.33000183105469,50.02999877929688,49.310001373291016,49.959999084472656,42.62357711791992,2907400,O,1.003249469840064,1.0743134098804183,1.1980719585555664,1.0126035769127726,-0.009354107072708562,0.04092035268853356,0.06860464696174762
2018-02-20,49.900001525878906,50.25,49.38999938964844,49.400001525878906,42.145809173583984,2980000,O,1.0140119662162523,1.082595910256003,1.2261842599624864,0.9956620495601287,0.01834991665612362,0.04228039216968482,0.09032337030195459
2018-02-21,49.27999877929688,49.56999969482422,48.34000015258789,48.38999938964844,41.28412628173828,3500300,O,1.023967820035249,1.1062383101101736,1.240121910270064,0.9806987264614347,0.043269093573814366,0.06307702621902389,0.09638750465697732
2018-02-22,48.560001373291016,49.75,48.2599983215332,49.29999923706055,42.060489654541016,2940500,O,1.0176990460193518,1.095682939404974,1.215151318644592,1.0046696471232213,0.013029398896130528,0.05801276737921368,0.07473069158813073
2018-02-23,49.459999084472656,50.2400016784668,49.34000015258789,50.20000076293945,42.82833099365234,2375600,O,1.0068567468796736,1.0843133500012023,1.2009522418343328,0.976500995653683,0.030355751225990657,0.04710003391196582,0.07166738729703503
2018-02-26,50.380001068115234,50.77999877929688,50.15999984741211,50.59999847412109,43.16958999633789,2815700,O,1.0274829589571963,1.071519846555283,1.1873900127148946,0.9683080291768851,0.05917492978031125,0.050405877250523146,0.06636431695190725
2018-02-27,50.68000030517578,50.84000015258789,49.34999847412109,49.369998931884766,42.12021255493164,3216000,O,1.0569634130536434,1.0928584282602796,1.2223933735456427,0.9939380132018831,0.06302539985176026,0.049195754256851965,0.09279881683521252
2018-02-28,49.5,49.79999923706055,49.150001525878906,49.18000030517578,42.145050048828125,3400200,O,1.044905210610503,1.0946855704778171,1.2250071324661893,0.9796088244001283,0.0652963862103747,0.037795104858259654,0.0905604667104194
2018-03-01,49.16999816894531,49.84999847412109,48.84000015258789,49.61000061035156,42.51354598999024,2497900,O,1.0473866837343155,1.0819306375217357,1.2009625945889293,0.9981950099645204,0.04919167376979516,0.013627120172630791,0.060525154473364484
2018-03-02,49.45000076293945,49.77999877929688,49.150001525878906,49.72999954223633,42.61638259887695,2017600,O,1.0591978126019044,1.0848183375942757,1.2023917013355885,1.0004572627883503,0.05874054981355403,0.01829404752223307,0.0687951500274262
2018-03-05,49.58000183105469,50.63999938964844,49.58000183105469,50.310001373291016,43.11343383789063,1806500,O,1.0453892468612431,1.0739221662003156,1.1816038820987,0.9956284307075198,0.0497608161537233,0.021447443553240575,0.05837641318588016
2018-03-06,50.150001525878906,50.56999969482422,49.90999984741211,50.540000915527344,43.31053161621094,1814700,O,1.034869216766212,1.0674316753916555,1.1782542729193464,0.9682028074328803,0.06666640933333157,0.01704151544534982,0.06154851824579155
2018-03-07,50.400001525878906,50.900001525878906,50.130001068115234,50.84999847412109,43.57619094848633,1445100,O,1.0248078543761283,1.0633141901896983,1.1716760319338555,0.9677982186735337,0.05700963570259465,0.01298145765131653,0.052724958526502164
2018-03-08,50.880001068115234,51.150001525878906,50.33000183105469,50.58000183105469,43.34480285644531,1592600,O,1.0269033969397796,1.0806036129118564,1.1682056363959592,0.9800165942868843,0.046886802652895354,0.027112976421560964,0.05039285377408009
2018-03-09,50.59000015258789,50.869998931884766,50.09999847412109,50.869998931884766,43.59333419799805,1482900,O,1.0232206200863496,1.0431868758548832,1.1718190601441356,0.9628220053684061,0.0603986147179435,0.009875239766590882,0.08073775519454829
2018-03-12,50.900001525878906,51.380001068115234,50.70000076293945,51.25,43.91896438598633,1692800,O,0.9934909758828492,1.047111319260602,1.1499339056845976,0.9681602160142494,0.025330759868599784,0.009152117073331079,0.05277536391676141
2018-03-13,51.45000076293945,52.0099983215332,51.33000183105469,51.45000076293945,44.09035110473633,1447100,O,0.9917762738101964,1.0426470933042948,1.1283352054819766,0.9690913782459089,0.022684895564287544,-0.0014357501386552673,0.030291428051201885
2018-03-14,51.45000076293945,51.790000915527344,51.290000915527344,51.38999938964844,44.038944244384766,1707900,O,0.998210150335072,1.0424847406285829,1.142015384755311,0.9826382916238805,0.015571858711191489,-0.0056982046127058705,0.03254142526071835
2018-03-15,51.54999923706055,51.650001525878906,50.90999984741211,51.13999938964844,43.82469940185547,1390700,O,1.0134983324892923,1.046789269367958,1.141987618447924,0.995714794917482,0.01778353757181028,-0.0007746965670591965,0.029744475435455442
2018-03-16,51.13999938964844,51.720001220703125,50.86000061035156,51.470001220703125,44.10747909545898,2642500,O,1.0034882561409024,1.0524742419704511,1.1175435854720486,0.99283022632097,0.010658029819932469,0.006433344737659219,0.01715257113706259
2018-03-19,51.45000076293945,51.59000015258789,50.58000183105469,50.900001525878906,43.61901473999024,1740600,O,0.989865636890862,1.0648569154493743,1.136702265773215,0.9977193171282257,-0.007853680237363658,0.014207868040429172,0.021288834022006098
2018-03-20,50.95000076293945,51.27999877929688,50.209999084472656,50.47999954223633,43.25911331176758,1729400,O,0.9853686694766906,1.0789322544026665,1.133167056389277,0.9892852301876452,-0.003916560710954697,0.02825830767170956,0.0268271871631538
2018-03-21,50.54999923706055,50.63999938964844,49.58000183105469,49.900001525878906,42.76208114624024,2314600,O,0.9887717228006184,1.1008084605796182,1.1524986612188255,0.9886352809649157,0.0001364418357027164,0.06476164483900404,0.04752559763381714
2018-03-22,49.81999969482422,50.68999862670898,49.81999969482422,49.869998931884766,42.73635482788086,1896400,O,0.9964151819334668,1.1037051510571334,1.1736263753919791,1.001420944386749,-0.005005762453282214,0.04093216756242257,0.041233898135716984
2018-03-23,49.93000030517578,50.09000015258789,49.119998931884766,49.33000183105469,42.27361679077149,1990500,O,1.009968529409774,1.1194817617213848,1.1804251575221476,1.0208790000721215,-0.010910470662347516,0.05090963914929869,0.033606646994591705
2018-03-26,49.65999984741211,49.9900016784668,49.34999847412109,49.95000076293945,42.8049201965332,1623900,O,1.013114990188532,1.1009230595381734,1.1700987420699287,1.0055604459985765,0.007554544189955381,0.04985914482801834,0.055387716244902796
2018-03-27,49.970001220703125,50.93999862670898,49.43000030517578,50.31999969482422,43.12199401855469,1546600,O,1.0268205402394797,1.0869680680725666,1.160472611350924,1.0208143643040246,0.006006175935455049,0.019235255465348544,0.027198068916639784
2018-03-28,50.68000030517578,52.09999847412109,50.560001373291016,51.7599983215332,44.35601806640625,2036100,O,0.9842238303411588,1.0467085220212762,1.1238143792252684,1.0137855361542834,-0.02956170581312456,-0.024917761193197885,0.0013049143423196075
2018-03-29,51.9900016784668,52.13999938964844,51.45000076293945,51.72999954223633,44.51952362060547,2506600,O,0.9936168258397264,1.0598934443914525,1.129985143771583,1.0027391855749308,-0.009122359735204366,0.00269015596152955,0.02964318782748654
2018-04-02,51.619998931884766,51.93999862670898,50.86000061035156,51.16999816894531,44.03758239746094,2175600,O,0.9972286487364898,1.0914779800883354,1.1627720373230237,1.0209426799016275,-0.023714031165137706,0.00020210384129737413,0.04057915914080423
2018-04-03,51.2400016784668,51.91999816894531,50.63999938964844,51.7400016784668,44.52812194824219,1908800,O,0.9955599265984624,1.087672773752268,1.1596641931056697,1.0073860021346626,-0.011826075536200187,-0.0010080776239844713,0.05604894453094689
2018-04-04,51.5099983215332,52.70000076293945,51.22999954223633,52.45000076293945,45.13917922973633,1661900,O,1.0008472939791508,1.059435568346564,1.1193557151567677,1.0086288213636454,-0.007781527384494558,-0.02488498116401816,0.062055085628423434
2018-04-05,52.34999847412109,52.43999862670898,51.869998931884766,52.369998931884766,45.07032012939453,1162100,O,1.0100474705105769,1.0724613822834426,1.094658242963089,1.0070075641703935,0.0030399063401833626,-0.0050396874149314375,0.06450420037169335
2018-04-06,52.5,53.18000030517578,51.9900016784668,52.08000183105469,44.82073593139648,1574500,O,1.0116222095483831,1.0720175272333168,1.0985898363051938,1.0294048035181318,-0.017782593969748683,-0.020553883656989846,0.035663107628869595
2018-04-09,52.09000015258789,52.459999084472656,51.720001220703125,51.88999938964844,44.657222747802734,1352000,O,1.0232615332363568,1.0814064824672325,1.1089299621248587,1.0371214117684873,-0.013859878532130443,-0.017769277967971453,0.04699790536621662
2018-04-10,52.130001068115234,52.13999938964844,51.68000030517578,51.720001220703125,44.51092529296875,1264600,O,1.0392463425604066,1.079675036714948,1.1399090627986732,1.029383087600204,0.009863254960202683,-0.0025510184666821534,0.0699881714270385
2018-04-11,51.720001220703125,52.31999969482422,51.650001525878906,51.83000183105469,44.60559844970703,922700,O,1.0267711956377656,1.0726951558570064,1.1471747844239633,1.0343834471238158,-0.007612251486050159,-0.009277078544866812,0.07694933602176013
2018-04-12,51.84000015258789,51.91999816894531,50.56999969482422,50.70000076293945,43.633094787597656,1349100,O,1.0454962400401324,1.0928086822401586,1.1701163491941096,1.0271557935683588,0.018340446471773575,0.011908748384456658,0.1216540321833024
2018-04-13,50.720001220703125,50.86000061035156,50.380001068115234,50.810001373291016,43.72776412963867,1295200,O,1.022281047382917,1.0954249120930342,1.1794784266661755,1.0272560919411187,-0.004975044558201747,0.007075293565184992,0.13461435874998795
2018-04-16,50.93999862670898,51.22999954223633,50.5099983215332,51.08000183105469,43.96012115478516,1198600,O,1.020416904650707,1.1062855381545904,1.157400171227022,1.0235757079403338,-0.0031588032896268103,0.027205111295683926,0.12664561300315613
2018-04-17,51.13999938964844,51.88999938964844,50.86000061035156,51.61000061035156,44.416259765625,1228800,O,1.0064346874330097,1.088646618323632,1.160599825343953,1.014767811419326,-0.008333123986316249,0.024773221550098645,0.14717591672116082
2018-04-18,51.650001525878906,51.91999816894531,51.400001525878906,51.43000030517578,44.26133728027344,1186200,O,1.0087856908185613,1.092063204503999,1.1911545134968633,1.0120135674144037,-0.0032278765958424493,0.03028238283368956,0.21112307130358632
2018-04-19,51.16999816894531,51.22999954223633,50.060001373291016,50.16999816894531,43.17696380615234,1684500,O,1.0471326708593005,1.108995278737213,1.2300542594469874,1.024856428629928,0.022276242229372523,0.04736748996538753,0.2284757679416083
2018-04-20,50.27000045776367,50.45000076293945,49.31999969482422,49.52999877929688,42.62617492675781,1973300,O,1.0600546115353624,1.139679221663912,1.235399844427286,1.0270315688040224,0.033023042731340047,0.06264368386550889,0.24318781782914767
2018-04-23,49.52999877929688,49.61000061035156,48.84999847412109,49.130001068115234,42.28193664550781,1575200,O,1.082993923830084,1.149163980802522,1.278194806980468,1.0289721591416667,0.05402176468841735,0.06863109230620945,0.2892433446549355
2018-04-24,49.31999969482422,49.65999984741211,48.79999923706055,49.47999954223633,42.583152770996094,1913900,O,1.071477278611202,1.1263017429672062,1.2712237965019542,1.0406249194487622,0.03085235916243967,0.04593447708686993,0.2504467812911575
2018-04-25,49.369998931884766,49.630001068115234,49.0099983215332,49.61000061035156,42.69502258300781,1480700,O,1.069681647397966,1.13008562000614,1.2490542557864177,1.0395306529925599,0.03015099440540614,0.06000764274625081,0.21779725370355574
2018-04-26,49.810001373291016,50.68000030517578,49.619998931884766,50.38999938964844,43.36630630493164,1186600,O,1.0626904817175815,1.1251004445112194,1.2484909462935128,1.0247521280151235,0.037938353702458016,0.053499500457425686,0.2074657830512474
2018-04-27,50.34000015258789,51.810001373291016,50.34000015258789,51.45000076293945,44.27854919433594,1956400,O,1.0487997438865493,1.106069978382674,1.2041849151520811,1.0380132315445008,0.010786512342048526,0.03711499144979258,0.1664129282580722
2018-04-30,51.34999847412109,51.43000030517578,50.5099983215332,50.5099983215332,43.65625,2931300,O,1.059575031037491,1.1404737446593145,1.2458739884853705,1.0376551498532594,0.021919881184231604,0.053984289829244414,0.19754605402959746
2018-05-01,50.5,51.31999969482422,50.2400016784668,51.18000030517578,44.235347747802734,1926700,O,1.0406028579951194,1.1405743913585604,1.231364076208489,1.0446815749675655,-0.004078716972446106,0.053994720533157015,0.17952980630480364
2018-05-02,50.959999084472656,51.11000061035156,50.25,50.810001373291016,43.9155387878418,1409000,O,1.0505524793490728,1.1476849549542898,1.2550398946508463,1.0548014599130375,-0.004248980563964722,0.05075266014363078,0.17858865185331574
2018-05-03,50.720001220703125,51.52999877929688,50.59999847412109,51.290000915527344,44.330413818359375,1328600,O,1.0375880564690396,1.1298396207126575,1.2470862972327914,1.0605317444062077,-0.022943687937168056,0.026993855443233628,0.17140273348275414
2018-05-04,51.25,52.43000030517578,51.22999954223633,52.27000045776367,45.17742538452149,1852600,O,1.0233215578733446,1.1067202533549167,1.229189399873731,1.056267554793551,-0.03294599692020639,0.019069229867114457,0.1781926639497471
2018-05-07,52.459999084472656,52.66999816894531,52.16999816894531,52.66999816894531,45.52316284179688,1728100,O,1.0170750310215908,1.095047908330277,1.2223808124003237,1.0491433491707594,-0.03206831814916855,0.011527451532990618,0.1970416336071492
2018-05-08,52.5,52.650001525878906,52.04999923706055,52.459999084472656,45.34165191650391,1678300,O,1.0196151082084346,1.0903629652326652,1.226298544124276,1.0533582377542972,-0.03374312954586256,0.012953073297443218,0.20141388946182803
2018-05-09,52.11000061035156,53.060001373291016,51.75,52.869998931884766,45.69601821899414,1946000,O,1.0139873012104497,1.0859279082943671,1.223178567513962,1.0460669201720088,-0.03207961896155909,0.023174692121326723,0.2135671625892257
2018-05-10,53.119998931884766,53.70000076293945,53.0,53.52000045776367,46.25781631469727,1378100,O,1.0125542945862138,1.0795480269225113,1.1989508015242023,1.042896340423364,-0.030342045837150167,0.016040617180102412,0.1858557992648846
2018-05-11,53.59999847412109,53.869998931884766,52.880001068115234,52.9900016784668,45.79974365234375,1250900,O,0.9929311931373712,1.1004691104409348,1.2323866612116745,1.0355751904583157,-0.04264399732094448,0.0483231607396335,0.2193776922253583
2018-05-14,52.81999969482422,53.09999847412109,52.290000915527344,52.77999877929688,45.61823654174805,1435500,O,1.0081065868620995,1.1161629418691084,1.2407815096599948,1.041087727357805,-0.03298114049570544,0.05445689578293211,0.2481001187000591
2018-05-15,52.29999923706055,52.31999969482422,51.18000030517578,51.720001220703125,44.70206451416016,2517100,O,1.028379268871511,1.1517599107999414,1.264033896158666,1.0466187864615744,-0.01823951759006337,0.080628677030264,0.28383933626848956
2018-05-16,51.90999984741211,52.25,51.75,51.900001525878906,44.85765075683594,1875200,O,1.0234581301868058,1.1463996930394031,1.2543238617983388,1.0408877248167445,-0.01742959462993876,0.07683109335259264,0.2697641147375316
2018-05-17,51.97999954223633,52.22999954223633,51.5,51.720001220703125,44.70206451416016,1205600,O,1.026243990422565,1.1468672541541156,1.2549290524678414,1.0349193513761987,-0.008675360953633637,0.07265690969642002,0.2721534205911921
2018-05-18,51.70000076293945,51.959999084472656,51.36000061035156,51.65999984741211,44.650203704833984,4008400,O,1.0396813849517756,1.145848239988729,1.2490540832751875,1.0385787395853494,0.001102645366426236,0.07186875170560625,0.2516059940051478
2018-05-21,51.91999816894531,52.560001373291016,51.38999938964844,52.310001373291016,45.21200942993164,1715200,O,1.027337870548547,1.1310292382157798,1.246254299991976,1.0250893121794087,0.002248558369138287,0.06518962066271272,0.2581373920037069
2018-05-22,52.18000030517578,52.43000030517578,52.11000061035156,52.27999877929688,45.186073303222656,1519600,O,1.0329211909103204,1.1345826321385315,1.246186279775417,1.0307376712719065,0.0021835196384139,0.05717438879289283,0.2313573023778397
2018-05-23,52.459999084472656,53.209999084472656,52.34999847412109,52.97999954223633,45.79108047485352,1642700,O,1.027991919597176,1.115197806838252,1.233972297404076,1.0150475795387122,0.012944340058463899,0.033988005029437884,0.22266469236228947
2018-05-24,53.09999847412109,53.29999923706055,52.40999984741211,52.790000915527344,45.62688064575195,1369200,O,1.0337839074985955,1.132633375339954,1.2471894678062436,1.0168206501033525,0.01696325739524296,0.05137761055381418,0.23029403570389406
2018-05-25,52.83000183105469,53.119998931884766,52.63999938964844,52.84000015258789,45.67008209228516,953600,O,1.0362263615738474,1.1210260022061218,1.2530087775466672,1.0047051141844092,0.03152124738943818,0.0348096903377324,0.2243507339638211
2018-05-29,52.84000015258789,53.43000030517578,52.59999847412109,53.31999969482422,46.0849609375,1822300,O,1.0225662070098112,1.10903553842364,1.2338293451081774,1.0170681966545738,0.005498010355237337,0.021374613927476416,0.23317748686062467
2018-05-30,53.09999847412109,54.02000045776367,52.720001220703125,53.72999954223633,46.4393310546875,1796000,O,1.009321828399894,1.1075693588324822,1.2659034259826354,1.0058059528088674,0.003515875591026507,0.03125188829681402,0.2774125607806811
2018-05-31,53.369998931884766,53.47999954223633,52.95000076293945,53.29999923706055,46.25707244873047,2068600,O,1.00369132016506,1.1081362762734728,1.2655170116082664,1.0168871932272077,-0.013195873062147756,0.022585518431250673,0.2914342327921704
2018-06-01,53.40999984741211,53.63999938964844,52.95000076293945,53.040000915527344,46.03142929077149,2069700,O,1.0250811664970425,1.1185285686926252,1.266512348735541,1.0077177169743035,0.01736344952273905,0.04620320409362799,0.3023963035839987
2018-06-04,53.22999954223633,53.27000045776367,52.68999862670898,53.15999984741211,46.13557815551758,2066500,O,1.0418434840272148,1.1190493101425356,1.2759705196679556,1.0112024797155206,0.030641004311694253,0.056136041613387144,0.3186772558571226
2018-06-05,53.290000915527344,53.52999877929688,52.97999954223633,53.0,45.996707916259766,1919200,O,1.05294548465507,1.110018103692717,1.2580094264598545,1.01633028397258,0.03661520068249002,0.05285289976780816,0.2972013943977915
2018-06-06,53.0,53.27999877929688,52.72999954223633,53.27000045776367,46.23103332519531,1487800,O,1.0344145168801735,1.1083806934920062,1.2737195759319848,1.01575942124869,0.018655095631483487,0.05509211892654964,0.32728908772008125
2018-06-07,53.2599983215332,53.65999984741211,53.09000015258789,53.34999847412109,46.30047225952149,1168100,O,1.0439672743508055,1.1002695719368354,1.2721930108373372,1.0174469663824934,0.026520307968312062,0.04403449830429507,0.337025792619812
2018-06-08,53.400001525878906,53.59999847412109,53.220001220703125,53.27000045776367,46.23103332519531,1039600,O,1.0393151752411136,1.103821724689806,1.2312752306507664,1.0052080736804023,0.034107101560711284,0.05229033534139971,0.3237174735445595
2018-06-11,53.310001373291016,53.47999954223633,53.11000061035156,53.38999938964844,46.335182189941406,997200,O,1.0422449613015776,1.101909522833345,1.2467120954283912,1.0105777092882633,0.03166725201331433,0.0482807744892515,0.34048718040295956
2018-06-12,53.34000015258789,54.11000061035156,53.29999923706055,53.970001220703125,46.83855056762695,2015100,O,1.0260209660099466,1.0810676759149875,1.2249731948956075,1.0061680526397327,0.019852913370213887,0.030281333578513037,0.336429033306076
2018-06-13,54.09999847412109,54.09999847412109,52.369998931884766,52.400001525878906,45.47599411010742,2455400,O,1.052164121255985,1.1233069426643614,1.2532802953110909,1.0074181839888556,0.04474593726712928,0.07609128964969991,0.37551772836085684
2018-06-14,52.560001373291016,53.34000015258789,52.560001373291016,52.9900016784668,45.98804473876953,1999900,O,1.0368482741058225,1.098196423372256,1.2316025312948706,1.0075359550207903,0.02931231908503218,0.05051919187151355,0.3761434201864763
2018-06-15,53.0,53.459999084472656,52.88999938964844,52.970001220703125,45.97067642211914,2931600,O,1.041979059387664,1.0821832360421435,1.16408143200815,1.0096019294644618,0.0323771299232023,0.03911669804209361,0.3316695106964125
2018-06-18,52.95000076293945,53.20000076293945,52.66999816894531,52.900001525878906,45.90992736816406,1787200,O,1.0593013118723935,1.0954744374164314,1.216679135841327,1.0102476448598272,0.049053667012566304,0.045790338879703185,0.34490521967156773
2018-06-19,52.81999969482422,53.13999938964844,52.68000030517578,52.86000061035156,45.87522506713867,2146900,O,1.0540244962649412,1.0909431839489967,1.225341356562058,1.010631938115176,0.04339255814976517,0.037505787742480035,0.34338078532289884
2018-06-20,52.970001220703125,53.54999923706055,52.77000045776367,53.4900016784668,46.4219856262207,2751000,O,1.0412346041188256,1.0618251173347235,1.211674265741219,1.0076096239040084,0.03362498021481719,0.018192087970328563,0.3328166924395133
2018-06-21,53.4900016784668,53.790000915527344,53.33000183105469,53.52000045776367,46.4480094909668,1639700,O,1.0308956085737702,1.067469487479003,1.2092880237929045,1.008634820248486,0.02226078832528411,0.01628787870198245,0.3164078440717072
2018-06-22,53.54999923706055,53.93999862670898,53.34999847412109,53.77999877929688,46.67365264892578,2719200,O,1.040847739696996,1.0502671059886306,1.182251595353675,1.0148038426897,0.026043897007296035,0.006765888798351938,0.2927008053201282
2018-06-25,53.880001068115234,54.45000076293945,53.650001525878906,54.2400016784668,47.07286071777344,3054400,O,1.0322057740001758,1.046956580086594,1.1826359892990752,1.0325715690378434,-0.00036579503766764887,-0.010961613962559236,0.298663880116229
2018-06-26,54.25,54.88999938964844,54.02999877929688,54.34999847412109,47.1683349609375,3201900,O,1.016815183888324,1.0633513617906694,1.1798645940895904,1.0198612964637193,-0.003046112575395332,0.006141065036290749,0.2680256123147359
2018-06-27,54.650001525878906,54.9900016784668,54.33000183105469,54.52999877929688,47.32454299926758,2428500,O,1.0195350659306155,1.0544389358403237,1.172580989041859,1.0240098685139658,-0.0044748025833503124,-0.01199212328844923,0.23638763029579812
2018-06-28,54.27000045776367,54.45000076293945,53.52999877929688,54.29999923706055,47.12492370605469,2904800,O,1.0353640210608863,1.0628342570649525,1.194753542230406,1.0280310192931805,0.0073330017677057935,0.007193374695328769,0.2516907171835505
2018-06-29,53.880001068115234,54.34000015258789,53.43999862670898,53.790000915527344,46.87223052978516,2418900,O,1.044865443710297,1.0676234614772973,1.1964424330408845,1.0229810328203164,0.02188441088998072,0.01186967979454101,0.24826409617615197
2018-07-02,53.75,54.09999847412109,52.7400016784668,53.27999877929688,46.42782211303711,3226000,O,1.0723916102302442,1.0736650706302595,1.22689376806325,1.0280373837237413,0.04435422650650289,0.031027800576983955,0.2745787645940302
2018-07-03,53.33000183105469,54.34000015258789,53.02999877929688,54.150001525878906,47.18595123291016,1208000,O,1.0692526804205886,1.0661308924505843,1.2139798701873006,1.0316057780571557,0.03764690236343293,0.0305758357404744,0.2598970791843851
2018-07-05,54.310001373291016,55.209999084472656,54.02999877929688,55.15999984741211,48.0660514831543,2056500,O,1.0485821406233395,1.065318823224375,1.183224318101571,1.0278585751886447,0.02072356543469489,0.04069225332727777,0.2431441883733665
2018-07-06,55.34999847412109,55.77999877929688,55.16999816894531,55.58000183105469,48.43202590942383,2082100,O,1.034155747030698,1.0661884907765455,1.191576275198062,1.022944787767895,0.011210959262802911,0.0560309673618864,0.25125953633234954
2018-07-09,55.58000183105469,55.58000183105469,54.5,54.880001068115234,47.822052001953125,1500000,O,1.045517069519276,1.0565585568395817,1.2045396459423636,1.0132572440264689,0.03225982549280704,0.0842906111353432,0.2673194226698463
2018-07-10,55.27000045776367,55.630001068115234,54.959999084472656,55.470001220703125,48.33617782592773,1811400,O,1.0313195310976473,1.0206971188392682,1.1946768532556804,1.014019569285541,0.017299961812106357,0.06802750795341517,0.2490143916797818
2018-07-11,55.459999084472656,55.72999954223633,55.09999847412109,55.13999938964844,48.048614501953125,1008700,O,1.0289341023603693,1.024787196474721,1.1988599085271938,1.0161209399346474,0.012813162425721947,0.05597392687012048,0.23345642502088493
2018-07-12,55.22999954223633,55.54999923706055,54.959999084472656,55.41999816894531,48.29261016845703,1247700,O,1.0275398515184266,1.0254515578590129,1.1950162319273774,1.0037965838177763,0.023743267700650383,0.06269368528322872,0.24935291856229602
2018-07-13,55.540000915527344,55.810001373291016,55.08000183105469,55.150001525878906,48.05733489990234,909900,O,1.0391240886805164,1.0557890328436186,1.1943777801167843,1.0115806406556596,0.027543448024856865,0.0711501562779413,0.2493281212624826
2018-07-16,55.02999877929688,55.09999847412109,54.41999816894531,54.90999984741211,47.84820938110352,1475000,O,1.0533560985340091,1.069432240986912,1.1966184492679293,1.0069134712233376,0.0464426273106715,0.08392346412492857,0.24295833949396595
2018-07-17,54.959999084472656,55.06999969482422,54.59000015258789,54.720001220703125,47.68262481689453,1409500,O,1.0678393921652929,1.070742178581046,1.2187128441498742,1.0107632127673372,0.05707617939795573,0.10411891024490427,0.2586797006487197
2018-07-18,54.720001220703125,55.02999877929688,54.47999954223633,54.970001220703125,47.900482177734375,1742300,O,1.0748544377145048,1.0767314250801,1.227492636673095,1.0123701639629037,0.06248427375160115,0.11918917841050936,0.2734783525271468
2018-07-19,54.970001220703125,55.91999816894531,54.7599983215332,55.810001373291016,48.6324462890625,1904500,O,1.057417444157461,1.0462038337387076,1.221659236891844,1.0156203938264288,0.041797050331032315,0.09383866051532652,0.26852696684953736
2018-07-20,55.70000076293945,55.84000015258789,55.2400016784668,55.4900016784668,48.35361099243164,1591400,O,1.060258643194185,1.0660941813525489,1.2451041997272083,1.0254269547025365,0.034831688491648416,0.11662438887879556,0.2778206669721732
2018-07-23,55.52999877929688,55.61000061035156,55.02000045776367,55.470001220703125,48.33617782592773,1755700,O,1.0584692383947365,1.0907377050926923,1.2704478298898774,1.0245017604647775,0.03396747792995902,0.17013502066661035,0.29503507580343125
2018-07-24,55.34999847412109,55.369998931884766,54.900001525878906,54.95000076293945,47.88304901123047,1589100,O,1.0679375194287817,1.1091609522879318,1.2664139046262128,1.028705132789729,0.03923238663905271,0.16891432873772616,0.281055721292339
2018-07-25,55.06999969482422,55.88999938964844,54.91999816894531,55.75,48.58016586303711,1669000,O,1.0553140993572123,1.0839890917934114,1.266643680144773,1.0275315155090796,0.027782583848132703,0.16464191339812673,0.2813868053554518
2018-07-26,55.75,56.16999816894531,55.68000030517578,55.7599983215332,48.5888786315918,1254100,O,1.0509835574823925,1.112282344672722,1.2754320525028768,1.0295081833374728,0.021475374144919623,0.19937881617045317,0.2894785303023587
2018-07-27,55.95000076293945,55.9900016784668,54.84999847412109,55.040000915527344,47.96147918701172,1482400,O,1.0775007090695845,1.1286707176293231,1.2895070268278843,1.0411669837331483,0.036333725336436196,0.1866198244845284,0.29458997946203425
2018-07-30,55.02000045776367,55.5,54.68000030517578,55.369998931884766,48.24903106689453,1460200,O,1.0611062733541246,1.105274001964233,1.2988682020531943,1.0547896538977317,0.006316619456392836,0.14540084421030985,0.30048029158126965
2018-07-31,55.29999923706055,56.18999862670898,55.20000076293945,55.77000045776367,48.79145050048828,3650500,O,1.04751670512524,1.1096706541929229,1.2840622636408314,1.039332918396705,0.008183786728535036,0.14182937589581568,0.29141014843185975
2018-08-01,55.33000183105469,56.06999969482422,55.0099983215332,55.97999954223633,48.97517395019531,2044000,O,1.0502214892213668,1.0887059035024833,1.2852688637375504,1.0441469543239128,0.00607453489745402,0.12102484231569222,0.2869071356236258
2018-08-02,55.880001068115234,57.18000030517578,55.72999954223633,56.90999984741211,49.7888069152832,2264400,O,1.0295313985303371,1.0924179485232617,1.245232529336675,1.036080044554326,-0.006548646023988747,0.12933622887744056,0.24243127715919965
2018-08-03,56.959999084472656,57.7400016784668,56.90999984741211,57.66999816894531,50.453704833984375,1468300,O,1.0204893553188927,1.0795999678212895,1.2328978773543535,1.0300075892155895,-0.009518233896696815,0.11380616025009815,0.22936097463733263
2018-08-06,57.790000915527344,57.880001068115234,57.380001068115234,57.61000061035156,50.40120315551758,1653900,O,1.024340366412604,1.093540426083944,1.2377292860260605,1.0208245578915283,0.0035158085210758028,0.11579728590105509,0.2402989373192368
2018-08-07,57.61000061035156,57.61000061035156,56.93000030517578,57.25,50.08625793457031,1528600,O,1.0193849691069454,1.1037728491466596,1.2510456356877009,1.0153550048561928,0.004029964250752638,0.13169870007316165,0.24718329854589105
2018-08-08,57.29999923706055,57.380001068115234,56.95000076293945,57.150001525878906,49.99877166748047,1185800,O,1.0248568728571366,1.1106595331092577,1.2501948976712838,1.0213436192153664,0.003513253641770131,0.1473636967931774,0.2428122598466269
2018-08-09,57.220001220703125,57.310001373291016,56.88999938964844,56.97999954223633,49.85004425048828,1290800,O,1.0219248861139787,1.116280669641388,1.2340185753017512,1.0211666951779201,0.0007581909360585559,0.17179415619657779,0.22639890960427533
2018-08-10,56.90999984741211,57.22999954223633,56.5099983215332,56.5099983215332,49.43885803222656,970600,O,1.0322006003040098,1.124670025694246,1.2578438437975017,1.0270259004091946,0.005174699894815227,0.1746187741811217,0.24718276707836306
2018-08-13,56.61000061035156,56.79999923706055,56.47999954223633,56.720001220703125,49.6225814819336,959200,O,1.0289101649397896,1.126390212620256,1.2564299519797493,1.0361343742708915,-0.007224209331101905,0.17799094432435703,0.23177657125255258
2018-08-14,56.77999877929688,57.2400016784668,56.59000015258789,57.08000183105469,49.93753433227539,1333800,O,1.0139796384108717,1.1106044118686178,1.242419022483304,1.0304608447362038,-0.01648120632533212,0.15951761922898944,0.2260557101268308
2018-08-15,57.08000183105469,57.66999816894531,56.9900016784668,57.61000061035156,50.40120315551758,1247400,O,1.013537310822212,1.119873924237531,1.2269094280035844,1.0307359015638238,-0.017198590741611675,0.15897356269493157,0.20596281674449823
2018-08-16,57.63999938964844,58.2400016784668,57.5,58.20000076293945,50.91738510131836,1206500,O,0.9918794170106028,1.1116490819720302,1.2085019674195236,1.0271667832483622,-0.03528736623775941,0.17747751792220634,0.1935455111707285
2018-08-17,58.15999984741211,58.900001525878906,57.93999862670898,58.84999847412109,51.48604583740234,1518200,O,0.9662558964160136,1.0974803726939464,1.2048405254061756,1.0197024215319765,-0.05344652511596293,0.18286630053910047,0.19807837719212684
2018-08-20,58.93999862670898,59.2400016784668,58.70000076293945,58.77999877929688,51.42479705810547,1077100,O,0.9779941727070296,1.0941418332665465,1.2059261453891643,1.0223927591148063,-0.04439858640777672,0.17431266231809994,0.19606126218929387
2018-08-21,58.7400016784668,58.75,58.2599983215332,58.59999847412109,51.267333984375,1354800,O,0.9762018074584148,1.094223457791048,1.216628331690406,1.0153576837490752,-0.03915587629066042,0.18027118964003974,0.21933306818111475
2018-08-22,58.68000030517578,58.79999923706055,58.150001525878906,58.47999954223633,51.162357330322266,876300,O,0.9634432990689988,1.0900693823882588,1.2236830636661982,1.0093416701778264,-0.04589837110882755,0.16181014656005555,0.2284602222378047
2018-08-23,58.5,58.63999938964844,58.2599983215332,58.45000076293945,51.13610458374024,945400,O,0.9696051994838052,1.1018762892089031,1.2192246891333194,1.0113582232611953,-0.0417530237773901,0.17469296683095992,0.23236039814886122
2018-08-24,58.27999877929688,58.70000076293945,58.13999938964844,58.59999847412109,51.267333984375,735700,O,0.9561605467615278,1.098365376373273,1.2152287181355392,0.9990272938710923,-0.04286674710956451,0.15655092675847848,0.24089191618010963
2018-08-27,58.72999954223633,58.77000045776367,57.959999084472656,58.369998931884766,51.06611251831055,1195700,O,0.9650869988253244,1.1065053121854382,1.2251108658423395,0.9932191999359588,-0.028132201110634303,0.17146977091258964,0.2582096755328085
2018-08-28,58.459999084472656,59.08000183105469,58.27999877929688,59.06999969482422,51.67852783203125,1140900,O,0.9705484137847954,1.1011413710388909,1.2276018925216812,0.9940396115641873,-0.023491197779391904,0.16089817279456908,0.24757852315179718
2018-08-29,58.900001525878906,58.900001525878906,58.369998931884766,58.52000045776367,51.19734954833984,1370700,O,0.9746762517884184,1.1177339107931572,1.25017662515634,0.9863033577406791,-0.011627105952260686,0.17092736338886205,0.27150018743400794
2018-08-30,58.7400016784668,58.77999877929688,58.29999923706055,58.41999816894531,51.109859466552734,903300,O,0.979967149178808,1.1125246237482314,1.2512641490690164,0.9878902855184554,-0.007923136339647363,0.19227082857461675,0.26202984215752056
2018-08-31,58.400001525878906,58.619998931884766,58.18000030517578,58.56999969482422,51.43478012084961,1250900,O,0.972919353165196,1.142956344799081,1.2539967347802126,0.9879708571431072,-0.015051503977911218,0.22468049755871644,0.2671444861936797
2018-09-04,58.540000915527344,58.83000183105469,58.119998931884766,58.369998931884766,51.25914001464844,1316800,O,0.9724691224620228,1.1420229070237151,1.2465696172349217,0.9790277137708221,-0.006558591308799322,0.2433517965947709,0.2563811706054461
2018-09-05,58.18999862670898,58.90999984741211,57.97999954223633,58.630001068115234,51.48746871948242,1446600,O,0.9770610509744626,1.1323021907396469,1.2370354855413346,0.9747074081630952,0.002353642811367407,0.23356284987257236,0.23961688443679452
2018-09-06,58.7599983215332,59.0,58.63999938964844,58.790000915527344,51.62798690795898,1478300,O,0.9918199889212084,1.140227251921037,1.2169901847699205,0.9766839873062472,0.015136001614961203,0.2400389402620099,0.21859387224746007
2018-09-07,58.369998931884766,58.47999954223633,57.97999954223633,58.13999938964844,51.05717849731445,1614300,O,1.0113694122822556,1.1333233415516484,1.242716689729701,0.9729456327900377,0.03842377949221798,0.2248126885412688,0.2485224472051477
2018-09-10,58.34999847412109,58.70000076293945,58.22999954223633,58.34999847412109,51.24158477783203,990600,O,0.9860506552902274,1.149171564797895,1.268527025966684,0.9403069119583949,0.04574374333183251,0.2511519372380532,0.2648156351050521
2018-09-11,58.18999862670898,58.459999084472656,57.90999984741211,58.0099983215332,50.94300079345703,1167900,O,0.9684666524191798,1.1562557424885067,1.278251171411494,0.9210338084476081,0.04743284397157177,0.27080889921090645,0.29892967778167334
2018-09-12,58.06999969482422,58.459999084472656,57.88999938964844,58.11000061035156,51.03081893920898,941200,O,0.9648993681368976,1.1154656618094534,1.2874757716788954,0.9287627078344606,0.03613666030243701,0.2515928291706191,0.30863792686351665
2018-09-13,58.36000061035156,58.4900016784668,58.060001373291016,58.13999938964844,51.05717849731445,1504800,O,0.9699269287457208,1.1314105828060317,1.299635327363717,0.9265966228653494,0.043330305880371456,0.27060409453262335,0.31632590499890345
2018-09-14,57.900001525878906,57.900001525878906,56.959999084472656,57.65999984741211,50.63564300537109,2083500,O,1.002029482071113,1.1331142556443772,1.301066685350046,0.9450727450922518,0.05695673697886128,0.2872811433345577,0.32485794217383224
2018-09-17,57.709999084472656,58.18000030517578,57.29999923706055,58.16999816894531,51.08349990844727,5074700,O,1.0017014863381135,1.1157059995894327,1.2970341117953812,0.9498029031390749,0.05189858319903862,0.2780095363687236,0.30635027645847024
2018-09-18,58.09999847412109,58.220001220703125,57.209999084472656,57.5099983215332,50.50390625,1816500,O,1.0109276958533142,1.1214774562031091,1.310423454540181,0.9312963299920387,0.0796313658612755,0.3048029756019264,0.31903712770385906
2018-09-19,57.65999984741211,57.68999862670898,56.5099983215332,56.650001525878906,49.74869537353516,2052400,O,1.036729788590451,1.0756786773610834,1.3153057642469066,0.9281535809731143,0.10857620761733666,0.2770474787606413,0.3091431160101543
2018-09-20,56.63999938964844,57.33000183105469,56.27999877929688,57.27000045776367,50.29315185546875,1446600,O,1.0116576486978808,1.110641284072995,1.2978464580832836,0.9173105895814623,0.0943470591164185,0.2802268841494582,0.2990652817533094
2018-09-21,57.25,57.5099983215332,56.90999984741211,56.9900016784668,50.04726409912109,3667800,O,1.030016410573806,1.1231944748273386,1.293436608918419,0.9119866221941441,0.11802978837966205,0.28616029011339017,0.28926158701903715
2018-09-24,57.0,57.02000045776367,55.97999954223633,56.130001068115234,49.292030334472656,1754700,O,1.0695865298519305,1.1411241323643109,1.3103337741968686,0.8905498993775471,0.17903663047438334,0.2990186187030238,0.29917171134196563
2018-09-25,56.36000061035156,56.79999923706055,56.09999847412109,56.459999084472656,49.58183288574219,1540100,O,1.071158631068245,1.1328548852940317,1.31156630695868,0.9049442418293064,0.1662143892389386,0.2822609415057079,0.29315536137032105
2018-09-26,56.43999862670898,56.650001525878906,55.77999877929688,55.81999969482422,49.01980209350586,1351200,O,1.0742672884030946,1.1256675455343388,1.3214653383705388,0.8967353845070432,0.17753190389605145,0.2713743786277041,0.29618068951581966
2018-09-27,55.880001068115234,56.43000030517578,55.84000015258789,56.119998931884766,49.283241271972656,1174700,O,1.096611149236654,1.1295941128726263,1.2996143910516555,0.8940192753436789,0.20259187389297506,0.29090816184545887,0.2827919255825091
2018-09-28,56.119998931884766,56.95000076293945,56.060001373291016,56.88999938964844,50.15651321411133,2177200,O,1.0792759237765026,1.1095717149435107,1.2872113803311458,0.9113153745879687,0.16796054918853387,0.24451424787252052,0.26431024779917034
2018-10-01,56.59999847412109,57.209999084472656,56.41999816894531,56.59999847412109,49.900840759277344,2832500,O,1.068687397782743,1.1120425746678098,1.2873160165813458,0.9236523660614411,0.14503503172130183,0.23219871391426927,0.258158871651726
2018-10-02,56.619998931884766,57.0,56.459999084472656,56.810001373291016,50.08598327636719,2134000,O,1.0809898748947049,1.1241202796094971,1.280940673615776,0.9440697883215469,0.13692008657315802,0.22893312252240527,0.2400322546260527
2018-10-03,57.0,57.31999969482422,56.209999084472656,56.7599983215332,50.04189300537109,4741000,O,1.0654984814206727,1.1206595548072136,1.2833275220606029,0.9398574419912977,0.125641039429375,0.2203972410921604,0.24627965895480575
2018-10-04,56.38999938964844,56.68000030517578,55.91999816894531,56.540000915527344,49.847930908203125,3995600,O,1.0911222455747676,1.142715546611796,1.251501683281122,0.9515964929494279,0.13952575262533962,0.22716858304865628,0.20299326248082816
2018-10-05,56.650001525878906,57.209999084472656,56.59999847412109,57.060001373291016,50.306400299072266,3752500,O,1.0827611952238787,1.138678073005533,1.2120177856020096,0.963805777686949,0.11895541753692973,0.21521365296042816,0.16402351663864323
2018-10-08,57.06999969482422,58.5,57.06999969482422,58.08000183105469,51.20566940307617,3215800,O,1.076360368223544,1.110676252316967,1.2040854609152665,0.9817406222856885,0.0946197459378556,0.19133775721751678,0.15213370255237724
2018-10-09,58.15999984741211,58.77999877929688,57.93999862670898,58.56999969482422,51.63766860961914,2969200,O,1.0706109147080434,1.1176037684764275,1.1828616027549208,0.985404470737889,0.08520644397015442,0.18526052928893721,0.12689405653093777
2018-10-10,58.310001373291016,58.650001525878906,57.290000915527344,57.310001373291016,50.526798248291016,2403700,O,1.0990526675241787,1.1400595245240632,1.2297010025520756,1.004670879558299,0.0943817879658797,0.17513158815233298,0.12729006103149154
2018-10-11,57.540000915527344,57.63999938964844,55.90999984741211,55.959999084472656,49.33659744262695,2755800,O,1.1278978215370208,1.1704518717700123,1.2750491309521867,1.005569825537468,0.12232799599955269,0.17716943910148875,0.15031403947128275
2018-10-12,56.220001220703125,56.43000030517578,55.54999923706055,55.84999847412109,49.23960494995117,2231400,O,1.1292211176331457,1.1698623018040084,1.2804843743741705,0.9966747140918392,0.13254640354130653,0.17211682508266768,0.17237055630623188
2018-10-15,55.77000045776367,56.77000045776367,55.75,56.16999816894531,49.521732330322266,2180000,O,1.128684064066493,1.1653561036294977,1.2822734091701282,0.9891317727722226,0.13955229129427038,0.1820754151987235,0.1656622943823134
2018-10-16,56.43000030517578,57.709999084472656,56.15999984741211,57.54999923706055,50.738407135009766,1937900,O,1.0930742425494346,1.1312655681788022,1.2323744589504562,0.9777864585235492,0.11528778402588546,0.17086428742955717,0.14083688278958628
2018-10-17,57.40999984741211,58.310001373291016,57.18999862670898,58.040000915527344,51.17041778564453,3030700,O,1.1030395217898172,1.1189287206860763,1.234952942511334,0.9825023252332036,0.12053719655661366,0.15041734817054841,0.1392017629584923
2018-10-18,58.08000183105469,58.45000076293945,57.7400016784668,57.90999984741211,51.0557975769043,1726800,O,1.108635396774246,1.1381944865242162,1.23754870658342,0.9779319429497442,0.13070345382450177,0.14337796842921624,0.1352632067080124
2018-10-19,58.0,58.68999862670898,58.0,58.5,51.57595443725586,1538300,O,1.09556721520123,1.1400174714709193,1.2290927578896576,0.968237340120051,0.12732987508117888,0.1407914821486994,0.11600299527049462
2018-10-22,58.59999847412109,58.91999816894531,57.650001525878906,57.709999084472656,50.87945175170898,1553100,O,1.1058692613885277,1.16770671019827,1.247159883047679,0.9826563959246815,0.12321286546384624,0.1637156277484808,0.11615556080324096
2018-10-23,57.5,58.83000183105469,57.5,58.470001220703125,51.549503326416016,1946400,O,1.088233946870338,1.1679120114393178,1.224995750512103,0.9881077347865406,0.10012621208379735,0.14650201032596644,0.09101679907404825
2018-10-24,58.5099983215332,60.18999862670898,58.31999969482422,59.79999923706055,52.72209167480469,3076700,O,1.057820687399698,1.164760165489936,1.1407392346886356,1.0352093368410413,0.022611350558656707,0.10163232442683934,-0.011008431317848455
2018-10-25,59.5099983215332,60.540000915527344,59.220001220703125,60.2400016784668,53.110008239746094,2416700,O,1.060923600481811,1.1417764951190414,1.1356366363152517,1.0143747476211535,0.046548852860657464,0.09165708140619033,0.004087766305777896
2018-10-26,60.060001373291016,60.34999847412109,58.900001525878906,59.72999954223633,52.66036987304688,2888200,O,1.0693100850441155,1.1685022383843064,1.1545891949060456,1.0530815682361059,0.01622851680800963,0.09414946900476306,0.005945484606232343
2018-10-29,59.93999862670898,61.34000015258789,59.91999816894531,61.29999923706055,54.044551849365234,3262700,O,1.04552490196722,1.146680120035673,1.1397148605730527,1.055315029975959,-0.00979012800873913,0.06226707144517474,-0.019610849202713165
2018-10-30,61.29999923706055,61.9900016784668,60.869998931884766,61.400001525878906,54.13271713256836,3897400,O,1.0512194473976977,1.1425006484941722,1.1421938249542811,1.039498234163286,0.011721213234411776,0.08324311710120313,0.03969666478330014
2018-10-31,60.97999954223633,61.18000030517578,59.7599983215332,60.27000045776367,53.328399658203125,4850500,O,1.0730682731842984,1.1751549387255251,1.168053723536666,1.0407634740694096,0.032304799114888816,0.13363499886465702,0.06533685150619672
2018-11-01,60.27000045776367,61.33000183105469,59.54999923706055,61.18999862670898,54.14244079589844,2464600,O,1.0502108205132683,1.1571561875489498,1.1548262552071018,0.9864869819371144,0.06372383857615393,0.1319803686640435,0.06722774204416959
2018-11-02,61.06999969482422,61.220001220703125,59.369998931884766,60.2599983215332,53.31956100463867,2687400,O,1.1025542441610934,1.1805473448823076,1.173325831701354,0.988961756405294,0.11359248775579933,0.14899747105561545,0.07263367908889884
2018-11-05,60.43999862670898,61.77000045776367,60.36000061035156,61.470001220703125,54.39018630981445,1900700,O,1.0762807789923188,1.1398865525964574,1.149566059508372,0.9641545570690643,0.1121262219232545,0.09749576169643026,0.06009832326177844
2018-11-06,61.4900016784668,61.650001525878906,61.040000915527344,61.560001373291016,54.469818115234375,1854600,O,1.0703060087950529,1.1419951038368683,1.1319772705753426,0.9564908430667262,0.11381516572832673,0.10131954348111982,0.056330445894187786
2018-11-07,61.59999847412109,62.29999923706055,61.29999923706055,62.290000915527344,55.115753173828125,1858000,O,1.068072814837824,1.131855079613717,1.1308297661227675,0.9384431965267839,0.12962961831104014,0.10954455043077216,0.06128268963790107
2018-11-08,62.20000076293945,62.5,61.709999084472656,62.47999954223633,55.28385162353516,1637200,O,1.046676207345541,1.1334267160629103,1.138330896412102,0.9476590583772034,0.09901714896833747,0.097547267139799,0.07038061658859118
2018-11-09,62.34999847412109,62.959999084472656,62.25,62.7599983215332,55.53161239624024,1465900,O,1.0603937040706577,1.1256328878494393,1.147230605389922,0.9499672718524811,0.1104264322181766,0.07611888918331267,0.08286139776389367
2018-11-12,62.77000045776367,63.34999847412109,62.66999816894531,62.88999938964844,55.64664077758789,1484500,O,1.0585209885796905,1.1054733893207942,1.1440480994839874,0.9554368959668009,0.10308409261288953,0.033137098743515114,0.05495024218241529
2018-11-13,62.900001525878906,63.09000015258789,62.43999862670898,62.84000015258789,55.60240173339844,1339400,O,1.0237530114910731,1.11841145852629,1.1321334844876136,0.9321128663785744,0.09164014511249874,0.04950533290641079,0.05171118620072468
2018-11-14,62.93999862670898,63.5,62.91999816894531,63.16999816894531,55.89439010620117,2117400,O,1.0334960623117926,1.1154482149281015,1.111039647554844,0.9389238595591887,0.09457220275260392,0.029334772253467367,0.031526144367739706
2018-11-15,63.15999984741211,63.18000030517578,62.36000061035156,62.68000030517578,55.460845947265625,2698800,O,1.0345310813985928,1.1186872744300602,1.1265601089723942,0.9146569716831342,0.11987410971545864,0.04468908625675572,0.05779033748840123
2018-11-16,62.66999816894531,63.84999847412109,62.63999938964844,63.790000915527344,56.4429931640625,2113600,O,1.0097651476812413,1.0955781730866971,1.1243813273036738,0.8964348880940413,0.1133302595872,0.028330851783467947,0.07031098725611651
2018-11-19,63.77999877929688,64.48999786376953,63.54999923706055,63.970001220703125,56.60226440429688,2071700,O,1.000648876960312,1.0871254130626182,1.1410563350286265,0.8957911154576635,0.10485776150264836,-0.007691484600112597,0.06085269648328118
2018-11-20,63.77000045776367,64.55999755859375,63.56999969482422,63.86000061035156,56.50492477416992,2446500,O,0.9470610049251214,1.0978242120619397,1.128277425434738,0.8879637982276005,0.05909720669752083,-0.010972726594217441,0.003741758523251315
2018-11-21,63.91999816894531,64.16999816894531,63.400001525878906,63.59000015258789,56.266021728515625,1813300,O,0.9927421388764592,1.1021661988637137,1.1665454446839958,0.9212998027107722,0.07144233616568707,-0.002800087366861659,0.04535677622281864
2018-11-23,63.54999923706055,63.790000915527344,63.09000015258789,63.400001525878906,56.09791946411133,881900,O,1.002048044799943,1.1118646040969191,1.1721391922456363,0.929240887735936,0.07280715706400687,0.013854548888977858,0.044936731213974346
2018-11-26,63.560001373291016,63.650001525878906,62.650001525878906,63.02999877929688,55.7705192565918,1619200,O,1.0085673595598112,1.1225735567264554,1.1796696107574418,0.9146134017433241,0.09395395781648719,0.04464919928954125,0.06158715322063446
2018-11-27,63.02999877929688,63.709999084472656,62.79999923706055,63.68000030517578,56.34566116333008,1738800,O,0.9968650726029687,1.1064987068636054,1.1534848402683235,0.9269017933347641,0.06996327926820467,0.03573444285894922,0.025487152049455952
2018-11-28,63.83000183105469,64.33000183105469,63.27999877929688,63.63999938964844,56.31026458740234,2288400,O,0.9799279173964418,1.1063975105880894,1.161608134947652,0.9053221834064322,0.07460573399000958,0.0667128623042168,0.06168535002658215
2018-11-29,63.75,64.04000091552734,63.41999816894531,63.86000061035156,56.50492477416992,2655800,O,0.9852249060873008,1.107189321506867,1.1710685899076498,0.8896719965366943,0.09555290955060658,0.06784864485086395,0.06961929208368445
2018-11-30,63.810001373291016,64.37000274658203,63.4900016784668,64.08999633789062,56.905364990234375,4113100,O,0.9779789373483316,1.114844946170244,1.1569395471060642,0.9143339650597341,0.06364497228859756,0.06707793284425678,0.05594243549424638
2018-12-03,64.01000213623047,64.44999694824219,63.36000061035156,64.44999694824219,57.22501373291016,2730500,O,0.9697133441511387,1.1184921680234252,1.1594973040146004,0.9162245864028973,0.05348875774824147,0.08040151200320755,0.07689556044047374
2018-12-04,64.4000015258789,65.19999694824219,63.959999084472656,64.04000091552734,56.86097717285156,2347700,O,0.9901811809176636,1.124706925455146,1.1670800637927716,0.9618269940790171,0.028354186838646545,0.04249939236007472,0.04456474680192479
2018-12-06,64.25,66.2300033569336,63.650001525878906,66.20999908447266,58.7877082824707,3956500,O,0.9539396444516832,1.097151908282771,1.1183548987742074,0.9694525250380055,-0.015512880586322275,0.015836026513852408,-0.014405644152990726
2018-12-07,65.73999786376953,66.41999816894531,65.4000015258789,65.93000030517578,58.53911209106445,3591400,O,0.9730589272796502,1.0915451954319122,1.132695286105657,0.9991068404183747,-0.026047913138724565,-0.01987313725076878,-0.0327705693818936
2018-12-10,65.97000122070312,66.05999755859375,64.7300033569336,65.66000366210938,58.29937362670898,1922100,O,0.9825627856514282,1.092495886396964,1.1384402536414884,1.002962635548684,-0.02039984989725585,-0.026702870545403545,-0.03823873418149337
2018-12-11,66.0,66.7699966430664,65.76000213623047,66.30000305175781,58.867637634277344,1654200,O,0.9661152251992932,1.067322485688317,1.111452080956477,0.999317577953094,-0.03320235275380079,-0.05176935151573914,-0.06153330728128781
2018-12-12,66.62000274658203,66.91000366210938,65.08999633789062,65.16999816894531,57.86429214477539,2260500,O,0.9973413809168664,1.096524393495929,1.1233692736072265,0.9999013279633359,-0.0025599470464694463,-0.006615209502015551,-0.03363913920821293
2018-12-13,65.31999969482422,66.77999877929688,65.25,66.31999969482422,58.885372161865234,2686400,O,0.978232037463025,1.103862177611208,1.0828206775820888,1.01310217819441,-0.03487014073138506,-0.024648708783712392,-0.07349126765713088
2018-12-14,66.05999755859375,66.43000030517578,65.83999633789062,66.33999633789062,58.90313720703125,2351600,O,0.9803571687620264,1.1055090361414572,1.053129102685922,1.0368354288357888,-0.05647826007376244,-0.009727424209578395,-0.11618632857723643
2018-12-17,66.48999786376953,66.83000183105469,63.91999816894531,64.11000061035156,56.923126220703125,3355100,O,1.0119535136445004,1.1542047556985444,1.104397812204967,1.0774525152860501,-0.06549900164154976,0.011140318265528082,-0.10704984762946146
2018-12-18,64.68000030517578,65.48999786376953,64.47000122070312,65.05999755859375,57.766632080078125,2236600,O,0.9990274827420615,1.1486858503130386,1.084764120815871,1.0611103771593748,-0.062082894417313295,-0.003389528974973688,-0.13831268804040753
2018-12-19,65.0999984741211,65.55000305175781,64.33000183105469,64.62000274658203,57.37596893310547,2857200,O,1.000394660750656,1.148221972205405,1.0772648813231986,1.0767260051985343,-0.07633134444787837,-0.01629104891311317,-0.17326705314421575
2018-12-20,64.6500015258789,65.05000305175781,63.59999847412109,64.19000244140625,56.99416732788086,2340700,O,1.0045949049571308,1.162523202593403,1.1015380894000868,1.103472266160576,-0.09887736120344526,-0.03184672918747755,-0.17229937692195785
2018-12-21,64.19999694824219,65.25,63.709999084472656,63.790000915527344,56.63899230957031,5567900,O,1.0259968431202084,1.1684795332193034,1.1334707115749296,1.141954602863601,-0.11595775974339251,-0.05987912957972075,-0.18092843070939968
2018-12-24,63.61000061035156,63.70000076293945,59.93000030517578,60.27000045776367,53.51361083984375,2380800,O,1.0987389608641749,1.2227682782312748,1.1882936116436864,1.166284980250879,-0.06754601938670413,-0.05114230494353933,-0.15820369026042536
2018-12-26,60.47999954223633,62.93000030517578,60.11000061035156,62.90999984741211,55.85765075683594,2006500,O,1.063637235305832,1.1685559295290748,1.1403789780442852,1.1113287815869515,-0.04769154628111938,-0.04483853825152262,-0.13350623046152066
2018-12-27,62.619998931884766,63.34000015258789,61.27999877929688,63.310001373291016,56.21281051635742,2094000,O,1.0710242659212554,1.151569597168158,1.1428716264842798,1.1155736616231424,-0.044549395701886985,-0.05841149158221648,-0.12421724439204285
2018-12-28,63.43000030517578,64.05000305175781,62.77000045776367,63.34999847412109,56.24832534790039,1980200,O,1.091740809069497,1.1482832910403624,1.15071107056749,1.125268657046021,-0.03352784797652397,-0.06313385464744425,-0.11815721526782497
2018-12-31,63.15999984741211,63.27000045776367,62.0099983215332,63.040000915527344,56.16902160644531,1760200,O,1.0795943623266242,1.1577531456010484,1.1429545518138229,1.1192605847178094,-0.039666222391185224,-0.05003284423623078,-0.11449554201128298
2019-01-02,62.61000061035156,62.66999816894531,61.59000015258789,61.93000030517578,55.18000030517578,2487700,O,1.1151460625314464,1.1739392715131158,1.1645926410770857,1.1282955545492954,-0.013149492017848985,-0.035220098616142614,-0.10357240356732356
2019-01-03,62.0,63.310001373291016,61.9900016784668,62.47999954223633,55.67005920410156,2655300,O,1.113198262906436,1.150514486789115,1.1487918105313764,1.156797624498726,-0.04359936159228983,-0.07323507363976423,-0.14459844461685667
2019-01-04,62.619998931884766,63.02000045776367,62.02000045776367,62.459999084472656,55.65224838256836,2489800,O,1.1113057643881792,1.1600975069887025,1.1405070004235411,1.1153694690580063,-0.004063704669827084,-0.031082355227902925,-0.10700425182092732
2019-01-07,62.470001220703125,63.0,62.15999984741211,62.27999877929688,55.49185943603516,2728600,O,1.1293392016337822,1.1576139672223376,1.14478528627969,1.0926917705380343,0.03664743109574786,-0.018684379916776628,-0.076543201178777
2019-01-08,62.54999923706055,63.400001525878906,62.20000076293945,63.18999862670898,56.30266952514648,2793100,O,1.1127582564800875,1.1395049950177538,1.131204255021899,1.081303723883271,0.03145453259681652,-0.029423852167650644,-0.07900763748937267
2019-01-09,63.06999969482422,63.310001373291016,62.08000183105469,62.93999862670898,56.079925537109375,2315600,O,1.1224384763610895,1.1451537771266966,1.1136635726401496,1.0765719272798775,0.045866549081212016,-0.01210409179443328,-0.08054324427780468
2019-01-10,62.70000076293945,63.959999084472656,62.52999877929688,63.93000030517578,56.962005615234375,2110900,O,1.0884209798819309,1.0951996645113315,1.092590077528849,1.0832896482048868,0.005131331677044049,-0.054273968867527556,-0.09443546355565147
2019-01-11,63.91999816894531,64.30999755859375,63.56999969482422,64.29000091552734,57.28279495239258,1391000,O,1.085915337165026,1.0644077675114063,1.103918657680989,1.0859071025850418,8.23457998433419e-06,-0.07447116083660177,-0.09028499744195262
2019-01-14,64.13999938964844,64.2699966430664,63.43000030517578,63.83000183105469,56.87292098999024,1533300,O,1.096884846261242,1.0841012026712908,1.1070817790319132,1.0927621499400229,0.004122696321219088,-0.06410028570116544,-0.10733085016170651
2019-01-15,64.01000213623047,64.83999633789062,63.77000045776367,64.7699966430664,57.71045303344727,1265400,O,1.0857685411108566,1.0583908502451242,1.0844027699072123,1.0960145102552552,-0.01024596914439857,-0.07925248461268852,-0.11267752603254366
2019-01-16,64.66999816894531,64.9800033569336,64.19999694824219,64.6500015258789,57.60355758666992,1829100,O,1.085144943252267,1.0786287699016723,1.0968250103126225,1.0938351035858227,-0.00869016033355563,-0.06780496248380419,-0.10402074398202976
2019-01-17,64.63999938964844,65.0999984741211,64.41000366210938,64.80999755859375,57.74611282348633,1316100,O,1.065281757973105,1.0893648527589583,1.1041870227219983,1.0858226358732557,-0.020540877900150578,-0.04751524709646748,-0.07977358273480073
2019-01-18,65.12000274658203,65.19000244140625,64.44999694824219,64.6500015258789,57.60355758666992,1689400,O,1.0795576840310543,1.0945599088025788,1.1043959220490918,1.066978972170165,0.012578711860889324,-0.019332914295668857,-0.06408208885251065
2019-01-22,64.83999633789062,65.37999725341797,64.26000213623047,64.7699966430664,57.71045303344727,1949900,O,1.0803467030889946,1.1003275352284956,1.0931419341136688,1.0921354993188455,-0.01178879622985085,-0.03946148600523092,-0.08256216857525911
2019-01-23,64.7699966430664,64.91000366210938,64.01000213623047,64.41999816894531,57.39861297607422,1753800,O,1.0809205897744236,1.089376794994677,1.1063861037455252,1.093735096733343,-0.012814506958919392,-0.05235403846954956,-0.05688576764117914
2019-01-24,64.38999938964844,64.4800033569336,63.79999923706055,64.26000213623047,57.25605010986328,1687800,O,1.0800205605446749,1.1036922367620674,1.115190351601304,1.0815305230501042,-0.0015099625054293409,-0.030585473607955604,-0.02837247317204783
2019-01-25,64.23999786376953,65.2300033569336,64.23999786376953,65.22000122070312,58.111427307128906,1899300,O,1.058892595178987,1.0872910747991835,1.0816780737164426,1.071659144914872,-0.012766549735885091,-0.022863032672102657,-0.015253130559979233
2019-01-28,65.1500015258789,66.01000213623047,65.0,65.98999786376953,58.797489166259766,2052000,O,1.0550191070645047,1.0781350186710803,1.0831641462313757,1.0717564169540592,-0.016737309889554464,-0.037383388622893365,-0.03173326995831882
2019-01-29,66.0199966430664,66.72000122070312,66.01000213623047,66.68000030517578,59.41227722167969,2014700,O,1.0437995342664954,1.0680420624078786,1.0942017539872042,1.0799450686516954,-0.03614553438519996,-0.06060282631127545,-0.024343185245755627
2019-01-30,66.51000213623047,67.68000030517578,66.5,67.56999969482422,60.20528411865234,2034800,O,1.0360102427670628,1.0488767462905326,1.0899329090393677,1.0606854292749508,-0.024675186507888025,-0.06324938780805578,-0.03990588431008768
2019-01-31,67.25,68.91000366210938,66.70999908447266,68.69000244140625,61.40859222412109,6268200,O,1.0195073343134204,0.979376929677882,1.0788180118467672,1.0491297846528118,-0.02962245033939137,-0.10465241136721004,-0.03033989170741469
2019-02-01,68.77999877929688,69.0199966430664,66.9800033569336,67.83000183105469,60.6397590637207,2117500,O,1.028143946764128,0.9946225387980598,1.0933974839128155,1.033701269744067,-0.00555732297993905,-0.083247008887948,0.004641938598764828
2019-02-04,67.91000366210938,69.0,67.41000366210938,68.83000183105469,61.53376007080078,2880600,O,1.0124773212034242,0.988093267585436,1.0706980835184772,1.0188657427648729,-0.006388421561448698,-0.08068175995328597,-0.023898257211772966
2019-02-05,68.80000305175781,69.36000061035156,68.25,69.31999969482422,61.9718132019043,2315600,O,1.0095178128592717,0.9939257170845486,1.0556282558553458,1.0118359015222647,-0.0023180886629929898,-0.07431031985568004,-0.0015045116074627884
2019-02-06,69.33000183105469,69.33000183105469,68.72000122070312,69.18000030517578,61.84666442871094,1655700,O,1.0257733243231308,0.9997314456317418,1.064249257928892,1.0285592028780797,-0.0027858785549488285,-0.04121247838207276,0.004762005596079755
2019-02-07,69.08000183105469,70.19000244140625,68.80000305175781,70.0999984741211,62.669132232666016,2271200,O,1.021327843469488,0.9939572094241796,1.0590087115938758,1.0380111047151712,-0.016683261245683312,-0.06528075409895406,-0.024959964457119455
2019-02-08,69.7699966430664,70.30999755859375,69.69000244140625,70.08000183105469,62.65126037597656,1661000,O,1.0207605470452004,0.9979865014188076,1.0677496089176757,1.0411920338578657,-0.020431486812665378,-0.06297612677275799,-0.023871969025386575
2019-02-11,70.05000305175781,70.4800033569336,69.9000015258789,70.41000366210938,62.946266174316406,1422500,O,1.024668344061379,0.9938829109969548,1.0501468215293317,1.036831024960284,-0.01216268089890482,-0.07300231891335296,-0.030505253333138915
2019-02-12,70.38999938964844,70.45999908447266,68.93000030517578,69.3499984741211,61.99864196777344,1923200,O,1.0306368739667788,1.008491640584641,1.068109219882244,1.0266865901713607,0.003950283795418175,-0.035593927291847516,-0.00833400250917582
2019-02-13,69.16000366210938,69.69000244140625,68.75,69.58000183105469,62.20426559448242,1603500,O,1.0239141200044768,0.9912277791490804,1.0707331903431,1.0273780778147723,-0.003463957810295515,-0.041104546516578466,-0.0017790195005014109
2019-02-14,69.63999938964844,69.94999694824219,69.33999633789062,69.77999877929688,62.3830451965332,1196300,O,1.0071767597826031,0.9990941300618632,1.0593358262388095,1.0248943927666594,-0.017717632984056264,-0.0459397907905752,0.013950052695861137
2019-02-15,70.05999755859375,70.16000366210938,69.68000030517578,70.08999633789062,62.660194396972656,1560900,O,1.0125983243388497,1.0043268614368177,1.0645422127878532,1.0068242604495434,0.005774063889306236,-0.02434614390191081,0.020950442094559873
2019-02-19,69.93000030517578,70.27999877929688,69.7300033569336,69.91999816894531,62.508209228515625,1861400,O,1.039884775876606,1.0191871770748862,1.0664015566314775,1.018602516828689,0.02128225904791714,0.007230408055288962,0.03146053987583519
2019-02-20,69.79000091552734,69.9000015258789,68.16000366210938,68.80999755859375,61.5158805847168,1519200,O,1.0585551213848874,1.034894291021237,1.0874567368424903,0.9918611625488267,0.06669395883606066,0.02145875863792357,0.04728350617986887
2019-02-21,67.9800033569336,69.56999969482422,67.51000213623047,69.55999755859375,62.18636322021485,3375200,O,1.0565168887671297,1.012269210813885,1.083646806220326,0.9945712384616437,0.06194565030548593,0.004424864066988166,0.026818677383666056
2019-02-22,69.7300033569336,70.05000305175781,69.26000213623047,69.73999786376953,62.34729766845703,2124500,O,1.0642917234919056,0.9960477166808308,1.082418531115757,0.9944907779035735,0.06980094558833205,0.004589701164193771,0.033984736489074185
2019-02-25,69.8499984741211,69.86000061035156,69.13999938964844,69.4000015258789,62.04334259033203,1501100,O,1.061843953839977,1.007037565119658,1.1120374759672875,0.9897222410498856,0.0721217127900915,0.014287568891786506,0.0741518109249355
2019-02-26,69.58999633789062,69.68000030517578,68.86000061035156,69.16999816894531,61.83771133422852,1900900,O,1.0714665937915724,1.026290368797533,1.130964872210006,1.0000281637041895,0.07143843008738293,0.04109798339977877,0.07812148420667575
2019-02-27,68.87000274658203,68.9800033569336,68.19999694824219,68.83000183105469,61.53376007080078,1657800,O,1.075531597935019,1.0496087400018326,1.1144116072786894,1.0030742544286035,0.07245734350641553,0.06425237554385144,0.050704749689084005
2019-02-28,68.62000274658203,69.62000274658203,68.30999755859375,69.16000366210938,62.032474517822266,2134100,O,1.0548466153768292,1.027739608070404,1.1194546657949933,1.0182043788806252,0.03664223649620402,0.016347833016235658,0.05263395134914761
2019-03-01,69.11000061035156,69.19999694824219,68.18000030517578,69.13999938964844,62.01450729370117,1858600,O,1.052540636859895,1.0584115588798264,1.109458352973916,1.0101864486721943,0.04235418818770076,0.04716438762593289,0.05078368892683005
2019-03-04,69.20999908447266,69.55000305175781,68.66999816894531,69.54000091552734,62.373291015625,2020000,O,1.037831458112345,1.0542103669157394,1.0803551682904011,1.0217972965916944,0.016034161520650514,0.03157791677154864,0.012714003968496534
2019-03-05,69.36000061035156,70.06999969482422,69.26000213623047,69.80000305175781,62.60651016235352,1552500,O,1.031666067610245,1.0508617486033474,1.0751627429842,1.025853178306934,0.00581288930331092,0.018214698645057315,-0.0053628347111163155
2019-03-06,69.86000061035156,70.16000366210938,69.5,69.51000213623047,62.34640121459961,1412600,O,1.0430411408408176,1.0424637942306334,1.092406968174655,1.0439701731821824,-0.0009290323413648771,-0.0057942678421896154,-0.0006007144320592239
2019-03-07,69.73999786376953,70.18000030517578,69.33000183105469,69.45999908447266,62.301536560058594,2249200,O,1.0397491448369929,1.049901255047308,1.065896749529481,1.051615733678982,-0.0118665888419891,-0.0035451865211824085,-0.03408983924226594
2019-03-08,69.55000305175781,70.0,69.27999877929688,69.75,62.561649322509766,1167500,O,1.023777510476879,1.0576949823846242,1.0810482897088631,1.0447938742436944,-0.021016363766815482,0.0027159920790733594,-0.022610824382357952
2019-03-11,69.91999816894531,70.7699966430664,69.86000061035156,70.7300033569336,63.44065856933594,1678200,O,1.0176759835551217,1.037758256052041,1.0920119000001685,1.0378598344851322,-0.020183850930010516,-0.008547653479781925,0.0017238933496406261
2019-03-12,70.87999725341797,71.44000244140625,70.76000213623047,71.36000061035156,64.00572967529297,1706600,O,1.0036312667034513,1.0366610845953783,1.076657227328095,1.0369816348467653,-0.033350368143314046,-0.0018475259248871279,-0.008280123193783462
2019-03-13,71.44000244140625,71.91000366210938,71.1500015258789,71.30000305175781,63.951934814453125,2116600,O,1.0032092593113973,1.037674826551351,1.081137080622664,1.0381516152855237,-0.03494235597412643,0.00462416477664962,0.00414189601168391
2019-03-14,71.55999755859375,71.91000366210938,71.25,71.91000366210938,64.4990463256836,1757000,O,0.9956757844996564,1.0193254829448573,1.0757937733520588,1.0368706366121625,-0.041194852112506064,-0.02445971562256788,0.001975428328913953
2019-03-15,71.94999694824219,72.11000061035156,71.0999984741211,71.23999786376953,63.89808654785156,3564100,O,0.9763167069639712,1.0376989343601684,1.0880582669174057,1.033509193192778,-0.057192486228806794,-0.00740078605761707,0.017146128546333905
2019-03-18,71.33000183105469,71.58999633789062,70.51000213623047,71.01000213623047,63.69182586669922,2106500,O,0.957301051781728,1.042054499075551,1.092442635940737,1.0209918251991643,-0.06369077341743634,-0.006267036740739584,0.03729591792857612
2019-03-19,70.83000183105469,70.91000366210938,69.80999755859375,70.05000305175781,62.830753326416016,2045700,O,0.9813029254060466,1.041346074743006,1.1078509389853075,1.0253191175225083,-0.04401619211646168,-0.004399236066382262,0.04265048265209437
2019-03-20,70.06999969482422,71.19999694824219,69.95999908447266,70.73999786376953,63.44960784912109,1580600,O,0.9626570994630294,1.0244817901640204,1.1136172367424777,1.0305905868421654,-0.06793348737913607,-0.021959931967580282,0.044780950215290494
2019-03-21,70.81999969482422,72.51000213623047,70.81999969482422,72.47000122070312,65.00133514404297,1795300,O,0.9558704344146702,0.9809382906164484,1.0849228067848573,1.0288626554622844,-0.07299222104761416,-0.04262928321193382,0.03898211308396382
2019-03-22,72.55000305175781,73.45999908447266,72.51000213623047,72.5999984741211,65.11795043945312,1693900,O,0.9660406273359312,0.9526191720346708,1.0798395808387442,1.055588179693563,-0.08954755235763168,-0.0936935927357494,0.0025534284631980597
2019-03-25,72.58000183105469,73.56999969482422,72.19000244140625,73.25,65.70094299316406,1307300,O,0.9596596618914542,0.9568473936295354,1.0724904006872626,1.049775645573302,-0.09011598368184781,-0.10074402766755153,0.011698312395750587
2019-03-26,73.45999908447266,74.05000305175781,73.33999633789062,73.9800033569336,66.355712890625,1812900,O,0.9569696078449408,0.9443522966007216,1.0603878687089072,1.0495013150566668,-0.09253170721172599,-0.11531475134542335,0.024735010270035662
2019-03-27,74.05000305175781,74.13999938964844,73.0999984741211,73.44999694824219,65.8803482055664,1770100,O,0.949125478904685,0.9382026362499246,1.0830722950795182,1.0553202646750557,-0.10619478577037067,-0.13324900838592735,0.03450924534893285
2019-03-28,73.9000015258789,73.9000015258789,73.26000213623047,73.87000274658203,66.25704193115234,2351200,O,0.9537561015715113,0.9475407346216678,1.085218706599836,1.0490338384171682,-0.09527773684565699,-0.11641141982493375,0.03135789198870009
2019-03-29,73.8499984741211,73.8499984741211,72.80000305175781,73.55999755859375,66.18150329589844,2577700,O,0.954708386909649,0.970038994565938,1.0782821732836154,1.0324632338783333,-0.07775484696868429,-0.09662103368830377,0.035041665116075205
2019-04-01,73.51000213623047,73.5199966430664,72.02999877929688,72.7300033569336,65.43474578857422,2046300,O,0.9687763177823356,0.9718060509081444,1.0919893902791795,1.0212813420416047,-0.05250502425926906,-0.0820457719204758,0.07921825439516872
2019-04-02,72.55000305175781,72.63999938964844,71.70999908447266,72.55000305175781,65.27278900146484,1995700,O,0.9721479971503496,0.9758873745169008,1.099896849195862,1.0336972441913572,-0.061549247041007615,-0.07134673364620192,0.07776727232919001
2019-04-03,72.45999908447266,72.45999908447266,71.75,71.94999694824219,64.73296356201172,1865900,O,0.975514159109614,0.9924468562688112,1.115302417451503,1.0249207136838323,-0.049406554574218275,-0.05157766880207315,0.09224009202573691
2019-04-04,72.0199966430664,72.06999969482422,71.3499984741211,71.79000091552734,64.5890121459961,1212900,O,0.931151545906234,1.0021142687924405,1.105862155439095,1.0063768150467909,-0.07522526914055694,-0.0421931418269641,0.06907500690261315
2019-04-05,71.6500015258789,72.30000305175781,71.61000061035156,72.27999877929688,65.02986145019531,1122800,O,0.927476543345448,0.9872178332285652,1.0994933592566705,0.9978526240736149,-0.07037608072816681,-0.05066135468377342,0.07168605213675461
2019-04-08,72.19999694824219,72.43000030517578,71.72000122070312,72.0,64.77796936035156,1066600,O,0.9386075953839657,0.9920382334394666,1.1053256916078034,0.9970067760311297,-0.058399180647164095,-0.0533738485094819,0.06868908619581426
2019-04-09,72.0,72.08000183105469,71.08000183105469,71.19000244140625,64.04920959472656,1373100,O,0.9616883528380624,0.998502690511489,1.1253473174336617,1.0096366937147183,-0.04794834087665589,-0.054243837831528974,0.0833980617953538
2019-04-10,71.52999877929688,71.95999908447266,71.33000183105469,71.76000213623047,64.5620346069336,1374600,O,0.957684428832672,0.983113051750268,1.1162664886215583,0.9747325358921803,-0.01704810705950832,-0.06064993222705706,0.07620364102444488
2019-04-11,71.94999694824219,72.29000091552734,71.23999786376953,71.4000015258789,64.23815155029297,1866600,O,0.969679766427394,0.9889179974448394,1.134457102007964,0.9836252853453007,-0.01394551891790674,-0.0460107643406753,0.09859638009131988
2019-04-12,71.3499984741211,71.3499984741211,70.72000122070312,71.30999755859375,64.15717315673828,1889000,O,0.9745615194009328,0.9927154860819848,1.142749692628641,0.9813274551009966,-0.006765935700063785,-0.039656076723867506,0.10698355920990132
2019-04-15,71.38999938964844,71.44999694824219,70.93000030517578,71.37999725341797,64.22013854980469,1723700,O,0.9741682231532498,0.9725013311613404,1.138345263691122,0.9921070743335895,-0.017938851180339666,-0.05672936730184919,0.10404302926476516
2019-04-16,71.4000015258789,71.44000244140625,69.0199966430664,69.33999633789062,62.38476943969727,1949500,O,1.0022496310183209,0.9976172500165555,1.180361033064317,0.984238240605008,0.0180113904133129,-0.0324655812017679,0.1436901931977328
2019-04-17,69.2699966430664,69.30000305175781,67.7699966430664,67.7699966430664,60.97225189208984,2247100,O,1.0112566638992313,1.037120069371496,1.215978092421502,0.9851225042245522,0.026134159674679136,-0.009588895650451734,0.16796487362083634
2019-04-18,67.95999908447266,68.72000122070312,67.95999908447266,68.52999877929688,61.65600204467773,1764600,O,1.0108753763514642,1.021197814654201,1.202939029376868,0.9960603425316994,0.014815033819764789,-0.034692212317237736,0.1521004559088488
2019-04-22,68.48999786376953,68.54000091552734,67.22000122070312,67.88999938964844,61.08021545410156,1515200,O,1.0303060640482165,1.0245768561359576,1.2142788086694998,0.9930065863727758,0.03729947767544062,-0.02662422257634045,0.15647260709493516
2019-04-23,68.30000305175781,69.1500015258789,68.05000305175781,69.05999755859375,62.13285446166992,1640000,O,1.0253442540116793,1.01686978960575,1.1932643878791154,0.967174065327414,0.05817018868426527,-0.029119059617640497,0.1465605927862097
2019-04-24,69.30999755859375,70.29000091552734,69.12000274658203,69.91999816894531,62.906585693359375,1422100,O,1.0120154022440928,1.0136062494815223,1.1944769208901274,0.9699825032562136,0.04203289898787921,-0.027039498692567943,0.14834444748679765
2019-04-25,69.70999908447266,70.37000274658203,69.33999633789062,70.08000183105469,63.05054473876953,904500,O,0.9983948763824906,1.0089862721696734,1.1928725735135122,0.9664471965417172,0.0319476798407734,-0.03857525982847809,0.14769266719409102
2019-04-26,70.38999938964844,70.81999969482422,70.08999633789062,70.58000183105469,63.50040054321289,778900,O,0.977960500290486,0.993469579843483,1.1741401921838368,0.9508996027652467,0.027060897525239325,-0.03606583455154044,0.12449928181849312
2019-04-29,70.5,70.63999938964844,69.5,69.5,62.528717041015625,1051400,O,0.9992205119620332,1.0156137975666455,1.178856541013138,0.9509371245341641,0.048283387427869084,-0.0009655357464106729,0.12723122110036367
2019-04-30,69.5,70.30000305175781,69.0,70.01000213623047,63.193058013916016,1887400,O,1.0042787857619615,1.0104178632921883,1.138378072111856,0.9392273716208749,0.06505141414108662,0.004234531955627174,0.0881434757129409
2019-05-01,69.94999694824219,70.86000061035156,69.83000183105469,70.0,63.18403625488281,1388000,O,1.0221944687887377,0.9948376279242634,1.1468367807509077,0.9512030495001947,0.07099141928854291,0.008893791090740955,0.08805827467908034
2019-05-02,70.33000183105469,71.8499984741211,69.9800033569336,70.2300033569336,63.391632080078125,2218600,O,1.0057042066380162,1.004664654679795,1.1252383597861948,0.9730573317075355,0.032646874930480685,0.006321581010499844,0.06638759621944601
2019-05-03,70.4800033569336,70.70999908447266,70.1500015258789,70.30000305175781,63.454811096191406,1158500,O,1.034387624894059,1.0244931285949068,1.106003150839308,0.9685577099237417,0.06582991497031743,0.035218485464196925,0.05513067454139575
2019-05-06,70.12000274658203,70.69999694824219,69.86000061035156,69.95999908447266,63.14792251586914,1232700,O,1.0412784362114214,1.039142981188242,1.1148734049706506,0.9757631777316035,0.06551525847981787,0.026915914793173012,0.06067762474932192
2019-05-07,68.0,68.16999816894531,66.58000183105469,66.62999725341797,60.14215850830078,14726300,O,1.0939212754408152,1.1015350465745517,1.1583601982658025,0.9996107475822942,0.09431052785852101,0.08231757686493224,0.08565205569286505
2019-05-08,66.86000061035156,67.80000305175781,66.69999694824219,66.81999969482422,60.31367111206055,3323800,O,1.0775975789309973,1.0993089752763083,1.1712271060151225,1.0062546732425057,0.07134290568849155,0.09292767512206934,0.09638571658183825
2019-05-09,66.80000305175781,67.54000091552734,66.20999908447266,67.36000061035156,60.80109405517578,3408000,O,1.075810599171498,1.0836002213990377,1.1681901130598202,1.0047120161243328,0.0710985830471651,0.06374833486565623,0.08991664639356434
2019-05-10,67.3499984741211,68.2699966430664,67.19000244140625,68.23999786376953,61.59537887573242,2501800,O,1.0742874512002614,1.062079627994522,1.156410420131866,1.0003969532476458,0.0738904979526156,0.07634515420596955,0.07587952328752734
2019-05-13,67.97000122070312,68.7300033569336,67.73999786376953,68.5,61.830055236816406,3633900,O,1.0647906903454498,1.064535143491841,1.1640681134164073,1.0355430748618968,0.029247615483553036,0.0516744822268842,0.05303923263104404
2019-05-14,68.56999969482422,69.08000183105469,68.41999816894531,69.01000213623047,62.290435791015625,2201500,O,1.0652076567279056,1.065446984591401,1.1483786210893656,1.0187411547323868,0.04646650199551883,0.04672843401327276,0.04868181880177769
2019-05-15,69.0199966430664,69.48999786376953,68.69999694824219,69.2699966430664,62.52511215209961,2619100,O,1.0613545595052964,1.069903858819421,1.1470097189343418,1.0149267974711538,0.04642776203414267,0.045692154192873424,0.05430926601548847
2019-05-16,69.25,69.73999786376953,69.06999969482422,69.30999755859375,62.56121826171875,1954100,O,1.050898997368788,1.0566102001652675,1.1244468308873243,1.0155764066669875,0.03532259070180044,0.048486838675078525,0.046057752128188634
2019-05-17,69.08999633789062,69.30999755859375,68.68000030517578,69.2699966430664,62.52511215209961,1429300,O,1.0604855239133348,1.059115590946338,1.1209781860718435,1.0290497520456616,0.03143577186767321,0.033147957219018975,0.029532045564658382
2019-05-20,69.2699966430664,69.55000305175781,68.0999984741211,68.30999755859375,61.65859603881836,1794000,O,1.0764168820345137,1.0802090224532157,1.1379251100833727,1.0446379624017454,0.03177891963276824,0.046563785979414574,0.026647283652799558
2019-05-21,68.44999694824219,69.2300033569336,68.31999969482422,69.05000305175781,62.32653427124024,1594900,O,1.049770520928845,1.0602963167977135,1.1320741459741137,1.0269267582642037,0.022843762664641387,0.06495844531211048,0.03015264609608459
2019-05-22,69.29000091552734,69.7300033569336,68.81999969482422,69.72000122070312,62.93131637573242,1712200,O,1.0329192455846847,1.0599559303481036,1.135222279208783,1.0251883365565806,0.007730909028104138,0.050979138485361064,0.022353166222221832
2019-05-23,69.69000244140625,70.5999984741211,69.43000030517578,70.58000183105469,63.70756530761719,2382100,O,1.0008591330731744,1.046325523533468,1.1093310905337523,1.0315939619299814,-0.030734828856807006,0.030027919780154733,-0.012889362956956196
2019-05-24,70.56999969482422,71.0,70.41000366210938,70.52999877929688,63.66243362426758,1305600,O,0.9743989429989408,1.0507901592242668,1.0936028965663944,1.0262061090332957,-0.05180716603435487,0.030787157734556203,-0.013311706808091683
2019-05-28,70.7699966430664,71.22000122070312,69.73999786376953,69.73999786376953,62.9493408203125,2168500,O,0.9986725078100608,1.0705124631312768,1.1046727531167524,1.0459074063233282,-0.047234898513267454,0.027804964415698796,-0.004573581882242772
2019-05-29,69.69999694824219,69.77999877929688,68.61000061035156,68.80000305175781,62.10088348388672,1624400,O,1.0090544022147288,1.086713530876556,1.1277852575903715,1.0644748086933273,-0.05542040647859858,0.03458309295768225,0.003314282585259898
2019-05-30,69.0,69.9000015258789,68.73999786376953,69.22000122070312,62.479976654052734,1069200,O,0.9892627954353784,1.104266131159818,1.1171042285214543,1.070190523354997,-0.08092772791961866,0.0642409957792418,-0.00804987618628461
2019-05-31,69.0199966430664,70.44000244140625,68.93000030517578,70.08000183105469,63.46344757080078,1674400,O,0.9892504833630892,1.1019930680389374,1.1035716393807806,1.0820596298155767,-0.0928091464524875,0.03839946139427375,-0.043876265369218626
2019-06-03,70.33000183105469,71.44000244140625,70.23999786376953,71.31999969482422,64.58637237548828,1931600,O,0.9939966676372768,1.0617400225504448,1.081671119070246,1.0882635205145406,-0.09426685287726377,-0.014223665449491385,-0.05788197991597377
2019-06-04,71.0199966430664,71.02999877929688,69.73999786376953,70.4000015258789,63.753231048583984,2733100,O,0.9974377902276538,1.0892395865688056,1.0937815687597692,1.0615273897798907,-0.06408959955223692,0.0387710858065522,-0.016714787723699054
2019-06-05,70.87999725341797,72.48999786376953,70.7300033569336,72.4800033569336,65.63687133789062,1651500,O,0.9704742073722714,1.0482296264301147,1.0479196239147588,1.047279977293423,-0.07680576992115151,0.002827310264107874,-0.05813813435350501
2019-06-06,72.5999984741211,72.81999969482422,72.16000366210938,72.61000061035156,65.75457000732422,1151700,O,0.977027546175514,1.0248003645146773,1.025846940268487,1.0447668278492974,-0.0677392816737834,-0.020118613730871093,-0.08491283412495187
2019-06-07,72.98999786376953,73.4800033569336,72.54000091552734,72.6500015258789,65.79078674316406,1116500,O,0.983809038967545,1.0231248253284984,1.0163104044493252,1.0378656899032048,-0.05405665093565981,-0.024564132237447023,-0.08425352874970904
2019-06-10,72.61000061035156,72.66000366210938,71.37000274658203,71.7699966430664,64.99386596679688,1386400,O,0.9877645830271504,1.04790878514959,1.0364343840666304,1.033488437542036,-0.045723854514885476,0.004719356675930042,-0.06574305619049947
2019-06-11,71.75,72.41000366210938,71.69999694824219,72.2300033569336,65.41046142578125,1201900,O,0.9824456346781004,1.01523523703327,1.011363297050906,1.0434176593512368,-0.06097202467313634,-0.02925915481823016,-0.09373157680091748
2019-06-12,72.52999877929688,73.20999908447266,72.3499984741211,73.06999969482422,66.171142578125,1352900,O,0.9664833583606668,1.022079434726624,1.0044755190250778,1.0429082865131034,-0.07642492815243662,-0.025018661104719175,-0.10246694938055723
2019-06-13,73.0999984741211,73.30000305175781,72.2699966430664,72.69999694824219,65.83606719970703,1477500,O,0.9640882508533462,1.0522796553356517,1.013510072989994,1.0345098194162052,-0.07042156856285908,0.01126054453435854,-0.09033506137657032
2019-06-14,72.7300033569336,73.66999816894531,72.7300033569336,73.2699966430664,66.35224914550781,1415100,O,0.9574093570115956,1.0385816959149456,1.0077105440292553,1.0327814598604146,-0.07537210284881901,-0.005606652157865044,-0.10813315487171815
2019-06-17,73.48999786376953,73.97000122070312,73.0,73.27999877929688,66.36131286621094,1394900,O,0.9597432085820944,1.0418842714106855,0.9999290650497636,1.0362360305179736,-0.07649282193587925,0.00013705182610723732,-0.11478113782036381
2019-06-18,73.72000122070312,73.9000015258789,72.19000244140625,72.5999984741211,65.74552154541016,2001100,O,0.9499380149249246,1.0553977030418815,1.015046538995476,1.0211818473819212,-0.07124383245699661,0.02801194653985295,-0.08890201056949287
2019-06-19,72.33000183105469,73.4800033569336,72.05999755859375,73.22000122070312,66.30697631835938,2042600,O,0.9386059444564876,1.048529810419713,1.01312773645528,1.017305083656913,-0.07869913920042548,0.024809758269162874,-0.08873493974576929
2019-06-20,73.47000122070312,73.76000213623047,73.08999633789062,73.29000091552734,66.37035369873047,1975700,O,0.9527679541847932,1.0483546080458244,1.0178574240786178,1.0182124014951701,-0.06544444731037691,0.04303600341134173,-0.07388045827451317
2019-06-21,73.05999755859375,73.08999633789062,72.08000183105469,72.25,65.42855834960938,5512000,O,0.9623163972512584,1.0638643250839683,1.032508723331513,1.0334902234173287,-0.07117382616607026,0.046665340686796286,-0.060122653329257814
2019-06-24,72.58999633789062,72.8499984741211,71.62000274658203,71.77999877929688,65.00296783447266,1741300,O,0.9627464284620232,1.0870053986651986,1.0479220297394305,1.0339344217234232,-0.07118799326140002,0.06711887462990185,-0.055784925680689046
2019-06-25,71.88999938964844,72.18000030517578,70.38999938964844,70.41000366210938,63.762298583984375,1808400,O,0.9908837047463748,1.1060051556383452,1.0516268594782237,1.0504564498504023,-0.05957274510402755,0.08558105193267229,-0.06560504980814841
2019-06-26,70.41999816894531,70.41999816894531,68.30000305175781,68.5,62.03260803222656,2206600,O,1.0278869519593423,1.1335480247918457,1.1004869422677253,1.0472753859585067,-0.019388433999164345,0.1055468276472653,-0.012970803226159289
2019-06-27,68.9000015258789,69.48999786376953,68.83000183105469,69.41999816894531,62.86577606201172,1319800,O,1.011951781705286,1.120858360306619,1.091346869753832,1.037785887388319,-0.025834105683032904,0.1200676508750309,-0.011009425053047917
2019-06-28,69.33999633789062,69.58000183105469,68.63999938964844,68.97000122070312,62.66316986083984,3014100,O,1.0067431377579068,1.1228731825250655,1.0951709690533271,1.0177841146895465,-0.011040976931639745,0.14809825546500344,0.005451685169431286
2019-07-01,69.12999725341797,69.16999816894531,67.69999694824219,68.02999877929688,61.80911636352539,2140100,O,1.0274378846883416,1.154411907654246,1.1153923229369775,0.9991530471193941,0.028284837568947507,0.17751210247665106,0.029132922792065363
2019-07-02,68.3499984741211,69.36000061035156,68.22000122070312,69.0999984741211,62.781246185302734,2198900,O,1.0170456710091254,1.145300320025967,1.0794065304400784,0.9900308614668376,0.027014809542287743,0.15697715283737335,-0.012172889501171458
2019-07-03,69.31999969482422,70.68000030517578,69.31999969482422,70.66000366210938,64.19863891601562,907600,O,0.9791150998188396,1.1115864200553227,1.0626365179560775,0.9525258317006552,0.026589268118184406,0.1354584209182499,-0.01646387702197405
2019-07-05,69.97000122070312,70.26000213623047,68.79000091552734,69.98999786376953,63.589881896972656,946900,O,1.0015324805368493,1.1236700875228394,1.0905585257472448,0.9643929056443962,0.03713957489245312,0.16496146811234202,0.0022701254486536815
2019-07-08,70.0,70.44000244140625,69.72000122070312,70.11000061035156,63.69889068603516,1282000,O,1.020567505088248,1.1270735516384258,1.0886922379200443,0.9738381931141589,0.04672931197408903,0.1534571247795934,-0.009987909978803833
2019-07-09,70.11000061035156,70.88999938964844,69.8499984741211,70.70999908447266,64.24402618408203,2045500,O,1.021413575029692,1.123790569144002,1.0941428946868703,0.9920007326738394,0.02941284235585262,0.14603949762718405,-0.004981835694354508
2019-07-10,71.08999633789062,71.36000061035156,70.4800033569336,71.23999786376953,64.72557067871094,1216600,O,1.0235320396383183,1.1035289985159795,1.0884319478152835,0.9810388553975538,0.04249318424076454,0.11192194415379353,-0.020856048767710522
2019-07-11,71.41000366210938,71.44000244140625,70.16999816894531,70.66000366210938,64.19863891601562,1411900,O,1.0327845123334989,1.1137292320388124,1.1002480913036845,0.966091893467101,0.06669261886639788,0.12488044843876245,-0.00966314073014618
2019-07-12,70.58000183105469,70.95999908447266,70.19999694824219,70.7300033569336,64.26222229003906,1771300,O,1.0252381046228545,1.1141966653599238,1.11888218157521,0.9709027016272971,0.05433540299555739,0.1245097459346518,0.021258547102792624
2019-07-15,70.81999969482422,71.23999786376953,70.2300033569336,70.38999938964844,63.95330810546875,1059400,O,1.022921237704128,1.1270348373895671,1.112280148805462,0.943868517966083,0.07905271973804495,0.13894479027012174,0.01379156621349975
2019-07-16,70.01000213623047,70.12999725341797,69.22000122070312,69.86000061035156,63.471778869628906,1751900,O,1.0370005047255364,1.1354406155367718,1.1258200587952962,0.9448764493933882,0.09212405533214818,0.1408242177137683,0.0242430045696147
2019-07-17,70.13999938964844,70.5,69.47000122070312,69.91999816894531,63.52626419067383,1073300,O,1.044719972564751,1.1471700433596794,1.1232522323716605,0.9678053813628821,0.07691459120186883,0.14775540579292412,0.025846715097503026
2019-07-18,69.7300033569336,70.3499984741211,69.26000213623047,70.0999984741211,63.6898193359375,1051400,O,1.0503383344801216,1.1511351526697806,1.1242898857108905,0.9739839367274228,0.07635439775269881,0.14895863054332992,0.04681574855398041
2019-07-19,70.13999938964844,70.2300033569336,68.69999694824219,68.73999786376953,62.45417022705078,1350500,O,1.0584212568957732,1.1705333732877612,1.1573471904996742,0.9718210842213412,0.08660017267443199,0.16683050904096386,0.06420476273982345
2019-07-22,68.81999969482422,69.04000091552734,68.16999816894531,68.5,62.236122131347656,1241800,O,1.0640335361222977,1.1831802557992344,1.1615506043398809,0.9797792259190851,0.08425431020321261,0.17739347141599127,0.07115551835912304
2019-07-23,68.55999755859375,69.62000274658203,68.33000183105469,69.5999984741211,63.23554611206055,1105900,O,1.0532710769177127,1.1724564284619383,1.1554822430045233,0.9721811802165374,0.08108989670117528,0.17257716401083123,0.0718207066359362
2019-07-24,69.69999694824219,69.81999969482422,69.13999938964844,69.30000305175781,62.96297454833984,1025500,O,1.0495786642962053,1.1779686678865529,1.155518029712277,0.9381920732304816,0.11138659106572368,0.18352586982806118,0.10233589231132711
2019-07-25,69.30999755859375,69.4000015258789,68.30000305175781,68.87999725341797,62.58137512207031,1609400,O,1.0658829702440646,1.1851515104967092,1.1594503543116348,0.9521359277988415,0.11374704244522316,0.1798528970737714,0.08978948092298977
2019-07-26,68.9800033569336,69.56999969482422,68.75,69.54000091552734,63.18102264404297,1189200,O,1.0550454683059818,1.1734682258008229,1.150208247220261,0.9388045673908064,0.11624090091517536,0.1739162413212415,0.07191558761922989
2019-07-29,69.77999877929688,70.44000244140625,69.55999755859375,70.18000030517578,63.762508392333984,2191400,O,1.049140952125578,1.1784427350375193,1.142338309055978,0.9497848525428108,0.09935609958276714,0.1743428864733323,0.04929737286410307
2019-07-30,70.18000030517578,70.88999938964844,69.47000122070312,70.0199966430664,63.61713409423828,1367500,O,1.0592752228388456,1.1822485661260969,1.1544292837076546,0.9611184895937201,0.09815673324512542,0.18647770797217955,0.06455641296288528
2019-07-31,69.76000213623047,70.08000183105469,68.98999786376953,69.20999908447266,63.085716247558594,2745000,O,1.0697488175691403,1.181858222945103,1.1694490027599025,0.9713406100738472,0.09840820749529311,0.16350976510529858,0.07848068837308997
2019-08-01,69.26000213623047,69.95999908447266,68.80000305175781,69.66999816894531,63.505027770996094,1598500,O,1.0864418852555422,1.1607330895243972,1.170055591657155,0.9733290342890444,0.11311285096649781,0.12453063490994487,0.057731813788356456
2019-08-02,69.5999984741211,70.55000305175781,69.29000091552734,70.05000305175781,63.85139465332031,1699000,O,1.095297599631025,1.1266408814297304,1.1433637666041752,0.9934093547508855,0.10188824488013948,0.08028225114562026,0.01321888747952582
2019-08-05,70.12999725341797,70.69000244140625,68.2699966430664,68.95999908447266,62.85785675048828,2038300,O,1.0909365989776554,1.1527879008193442,1.155678940344621,1.0379157998062003,0.05302079917145508,0.07688794995474946,-0.01754380924408916
2019-08-06,68.38999938964844,70.2699966430664,68.38999938964844,69.87000274658203,63.68733215332031,1734800,O,1.0903666503506506,1.1200138817910623,1.147911753593177,1.0255734153445348,0.06479323500611578,0.05442531084804014,-0.011769134528666347
2019-08-07,69.81999969482422,71.93000030517578,69.7300033569336,71.31999969482422,65.00901794433594,2441900,O,1.058353368473753,1.0795613166836877,1.1454125181231665,1.025769842013649,0.032583526460103984,0.011052604664043564,-0.014091001625618826
2019-08-08,71.20999908447266,72.19000244140625,70.51000213623047,71.98999786376953,65.61972045898438,1783600,O,1.0269063452370375,1.0728777705795711,1.1368734556863067,1.0096805103859732,0.017225834851064326,0.026281777517798366,0.0021862376116146276
2019-08-09,71.91999816894531,72.75,71.62999725341797,72.68000030517578,66.24869537353516,1369200,O,1.0160530228601892,1.0515872389788778,1.1158556450973005,1.0311593098765404,-0.015106287016351194,-0.007123212723844974,-0.03787638372233304
2019-08-12,72.62000274658203,73.12000274658203,72.22000122070312,72.73999786376953,66.30335998535156,1438900,O,1.0272125446204907,1.065421216742761,1.1462830621986226,1.0473769330900449,-0.02016438846955415,-0.009269680572103312,-0.026144635976154573
2019-08-13,72.80999755859375,73.04000091552734,71.79000091552734,72.27999877929688,65.88407897949219,1148500,O,1.007937066718792,1.0780637452727433,1.1610420542598403,1.0342019941112954,-0.026264927392503523,0.014783173198040789,0.015430626517203283
2019-08-14,72.31999969482422,72.45999908447266,71.5199966430664,71.7699966430664,65.41919708251953,1385500,O,1.0338274851669895,1.08881706197064,1.1654630960537633,1.0679784217810349,-0.034150936614045335,-0.014964431696230962,0.0213369013236151
2019-08-15,71.83999633789062,72.56999969482422,71.62000274658203,72.20999908447266,65.82026672363281,1054600,O,1.0525322601995504,1.0934989986315364,1.1407399671318392,1.069498933232119,-0.016966673032568602,-0.010744102793566634,0.033848746014775166
2019-08-16,72.4000015258789,73.04000091552734,71.62000274658203,72.80999755859375,66.36715698242188,1304900,O,1.0383484027131782,1.0778374125576684,1.1151223445419844,1.0482526337704505,-0.009904231057272339,-0.007378624457921257,0.041502405143512444
2019-08-19,72.81999969482422,73.48999786376953,72.41999816894531,73.38999938964844,66.89585876464844,849600,O,1.033558868699458,1.0720680269346845,1.0110189419142457,1.0347592845115243,-0.0012004158120664243,0.0010796269257704605,-0.010103298045015974
2019-08-20,73.62000274658203,73.7300033569336,72.4800033569336,72.5199966430664,66.10282135009766,926600,O,1.049693054050164,1.0642021350082045,1.0193878762899735,1.0382631425000666,0.011429911550097538,-0.010255632885272536,0.0014071720929549336
2019-08-21,72.76000213623047,72.83999633789062,72.0999984741211,72.6500015258789,66.22132110595703,741200,O,1.04988605100993,1.0584096728008985,1.054111282557204,1.030135969977335,0.019750081032595013,-0.010629476361661228,0.010816581425258542
2019-08-22,72.5,73.2699966430664,72.36000061035156,73.06999969482422,66.60417175292969,882600,O,1.0446742945142131,1.0534304809814314,1.0426016576055144,1.0182153272701386,0.026458967244074483,-0.02647377049585331,0.024649691104137172
2019-08-23,73.01000213623047,73.83000183105469,72.2699966430664,72.5,66.0845947265625,1260200,O,1.0533031088082905,1.0676960091620256,1.1008032935265486,1.0531679495277058,0.00013515928058471793,-0.045231814132831616,0.017841239004720233
2019-08-26,72.91999816894531,73.29000091552734,72.4800033569336,73.18000030517578,66.70442199707031,1180700,O,1.0592787531902366,1.0710089416981334,1.0833179878674362,1.0400220381622944,0.01925671502794213,-0.038082151432817124,0.045862654014564797
2019-08-27,73.55000305175781,74.16999816894531,73.12999725341797,73.12999725341797,66.65885162353516,2311800,O,1.057945482882267,1.060216027979049,1.070373392388718,1.0403451871546723,0.017600295727594695,-0.05046828791791991,0.047678405838915694
2019-08-28,73.23999786376953,73.56999969482422,73.02999877929688,73.38999938964844,66.89585876464844,1133200,O,1.0511404084818572,1.0407433748463475,1.0202444659515195,1.0376918441745164,0.01344856430734076,-0.050481838194051054,0.09533982381509287
2019-08-29,73.62999725341797,74.01000213623047,73.25,73.93000030517578,67.38805389404297,941900,O,1.045639792285179,1.0319102216573508,1.0579619769159714,1.0061255072758946,0.039514285009284444,-0.03582833197387747,0.10699537862503516
2019-08-30,73.87000274658203,74.04000091552734,73.5,73.80999755859375,67.48587036132812,837200,O,1.0426299993171677,1.0377944375834605,1.0146348858652323,0.9877970758764808,0.05483292344068691,-0.03446817388884971,0.12175236348018925
2019-09-03,73.75,75.48999786376953,73.72000122070312,75.45999908447266,68.99452209472656,1674200,O,1.034186160948774,1.0116259088270256,0.9139272938379456,1.006579794190457,0.027606366758316847,-0.07424108260228746,0.10423116123408827
2019-09-04,75.8499984741211,76.7300033569336,75.69000244140625,76.48999786376953,69.936279296875,2062200,O,1.028127061813383,1.0014324693935257,0.957256099476714,1.0063518641843596,0.02177519762902347,-0.08063454866573783,0.09470675905159909
2019-09-05,75.80999755859375,75.94999694824219,74.87999725341797,75.0,68.57393646240234,2273400,O,1.0406626611585088,1.0187721062562227,0.7328839959132736,0.9877692663138891,0.052893394844619745,-0.042949795826515036,-0.006786469474434176
2019-09-06,75.16000366210938,76.13999938964844,75.08000183105469,75.94999694824219,69.44254302978516,1677100,O,1.028966466940739,1.0041698651490176,0.7388642001025492,0.9690296845701092,0.059936782370629826,-0.0558168907498815,-0.037746297648472926
2019-09-09,75.72000122070312,75.9000015258789,75.08999633789062,75.25,68.8025131225586,1394300,O,1.0434696597935504,0.999704260872294,0.5749969810657098,0.974601100586469,0.06886855920708146,-0.058771214975214536,-0.14090157559375194
2019-09-10,74.7699966430664,75.04000091552734,73.11000061035156,73.69999694824219,67.38530731201172,2054100,O,1.0714031534384991,1.0010212484207164,0.6641715710933257,0.9761899030612585,0.0952132503772406,-0.06140251117654949,-0.0678056549127185
2019-09-11,73.44999694824219,74.1500015258789,72.94999694824219,73.62000274658203,67.31218719482422,2167100,O,1.0611235077344994,0.9933395997140572,0.6557659562337926,0.9814555571814548,0.07966795055304454,-0.05633556719497401,-0.0409555683244488
2019-09-12,74.36000061035156,74.91999816894531,73.9000015258789,74.48999786376953,68.1076431274414,1588700,O,1.049807298192395,0.989050190965503,0.592343960824487,0.9786821553106511,0.07112514288174387,-0.06731077971320798,-0.08498815711213592
2019-09-13,73.9800033569336,74.75,72.38999938964844,72.62999725341797,66.4070053100586,1915000,O,1.078210852151383,0.9961861647024004,0.7102610505693927,0.987396678943335,0.09081417320804785,-0.06134671327864494,-0.039651625887538566
2019-09-16,72.73999786376953,74.0,72.73999786376953,73.97000122070312,67.63216400146484,1336400,O,1.0657297051682502,0.9827763722628322,0.7501086615279983,0.9826616262133097,0.0830680789549405,-0.07459878797317265,-0.01929616613698526
2019-09-17,74.4000015258789,75.79000091552734,74.37999725341797,75.7699966430664,69.2779541015625,1813600,O,1.04027950310559,0.96315657900533,0.7841537817717281,0.9869791412258752,0.053300361879714875,-0.09759744950633298,-0.028053558537469603
2019-09-18,76.06999969482422,76.16999816894531,74.77999877929688,75.37000274658203,68.9122314453125,1308900,O,1.0575107744686278,0.9702756634291596,0.7685938189180715,0.9867204398181848,0.07079033465044304,-0.09892146906374433,-0.01988840553249893
2019-09-19,75.5999984741211,76.0199966430664,75.44999694824219,75.62000274658203,69.14080810546875,1300400,O,1.060380864987116,0.9597314140234444,0.7152968675930413,0.995011450677082,0.06536941431003407,-0.1113589222774597,-0.09235877153462668
2019-09-20,75.8499984741211,76.23999786376953,75.41000366210938,75.88999938964844,69.3876724243164,3401000,O,1.0535688544891846,0.961766863875007,0.671830415707646,0.9960398818346243,0.05752897265456025,-0.11383111118653888,-0.12546818400557014
2019-09-23,75.9000015258789,76.5199966430664,75.9000015258789,76.04000091552734,69.52484130859375,1292500,O,1.0591401507336964,0.9662364640350454,0.6249171491403264,0.9976146190139425,0.061525531719753834,-0.11092043631632542,-0.12998360345625992
2019-09-24,76.18000030517578,76.4800033569336,75.37000274658203,76.0999984741211,69.57966613769531,2320800,O,1.065554445168864,0.9709094768762884,0.6130031362027801,1.0119348901247942,0.0536195550440699,-0.11741394019590834,-0.15922822805124637
2019-09-25,76.12000274658203,76.69000244140625,75.72000122070312,76.12999725341797,69.60710906982422,1647300,O,1.0655292576579076,0.9705266912207242,0.5856290149561415,1.0097773436008184,0.055751914057089236,-0.10586631648549205,-0.16556023742908021
2019-09-26,76.4000015258789,77.47000122070312,76.25,77.27999877929688,70.65857696533203,1208100,O,1.0496731527903944,0.9640449173722956,0.6193889861328157,1.0188342190622592,0.030838933728135176,-0.12170139745297859,-0.195884651614204
2019-09-27,77.30000305175781,77.51000213623047,76.5,77.12999725341797,70.52143096923828,1153500,O,1.0513247040992018,0.950833596133884,0.6540030519122594,1.0279220586600373,0.023402645439164482,-0.14716050966292593,-0.17291815155277945
2019-09-30,76.76000213623047,77.16999816894531,76.47000122070312,76.68000030517578,70.31694030761719,1450500,O,1.06859690501316,0.9708339816213865,0.7064307570854358,1.0229391089257944,0.04565779608736564,-0.11563050342951242,-0.15297647116138402
2019-10-01,76.62999725341797,77.04000091552734,75.69000244140625,76.83999633789062,70.46363067626953,1219700,O,1.0673770971227317,0.9736706335092032,0.7520636253954581,1.0331074467465924,0.03426965037613927,-0.13292610512745762,-0.14476943067215098
2019-10-02,76.76000213623047,77.1500015258789,76.19999694824219,76.7300033569336,70.36279296875,1096300,O,1.0596278139594597,0.9753291699340056,0.7114183843327342,1.0645124703401365,-0.004884656380676811,-0.14847775552829479,-0.1814994457376211
2019-10-03,76.68000030517578,78.01000213623047,76.58000183105469,77.80999755859375,71.35317993164062,1929200,O,1.0330637983560162,0.9661995995895816,0.7378395971773675,1.0604946631589243,-0.027430864802908017,-0.15137914814162756,-0.1710557814285475
2019-10-04,77.83999633789062,78.45999908447266,77.66999816894531,78.41000366210938,71.90338134765625,1450600,O,1.0004757801988855,0.942465929299317,0.6696497009927296,1.0487397601702302,-0.048263979971344684,-0.16694764673547724,-0.20108357419891842
2019-10-07,77.9800033569336,78.30999755859375,77.69000244140625,77.81999969482422,71.36233520507812,1201800,O,1.0154064679240216,0.9559639257766313,0.6525851425824741,1.0501054432696155,-0.03469897534559396,-0.15413661404426748,-0.22033412243394146
2019-10-08,78.12999725341797,78.43000030517578,77.4000015258789,77.91999816894531,71.45404815673828,1136200,O,0.9982736870203536,0.9705326659993326,0.6852444444444444,1.0730029298493442,-0.07472924282899063,-0.17061829982482124,-0.2377346556676252
2019-10-09,78.3499984741211,78.70999908447266,77.93000030517578,78.29000091552734,71.7933349609375,1057200,O,0.977545074991796,0.9659460434835097,0.6624716687268652,1.0691769327565497,-0.09163185776475369,-0.16840102851612815,-0.24141854914885974
2019-10-10,78.58999633789062,78.97000122070312,78.06999969482422,78.7300033569336,72.19683074951172,1637900,O,0.97513891761192,0.9736181497948374,0.6455602847431936,1.062308334970296,-0.08716941735837602,-0.15651659439977939,-0.22661403726928586
2019-10-11,78.52999877929688,78.58000183105469,77.83999633789062,77.88999938964844,71.42654418945312,1288900,O,0.975355639060801,0.9863192986129062,0.6568417392827616,1.0463310194455053,-0.0709753803847043,-0.13665721194882308,-0.21833102097850732
2019-10-14,78.0,78.08000183105469,77.5999984741211,77.97000122070312,71.4999008178711,1312900,O,0.9879874749710162,0.987895495289776,0.6449222574289332,1.0486679415024387,-0.06068046653142245,-0.1387969250465182,-0.23568094189618571
2019-10-15,78.05000305175781,78.1500015258789,77.2699966430664,78.08000183105469,71.60075378417969,1167200,O,0.9919900725147136,1.0042052865180429,0.6518485529982672,1.0411449978382394,-0.04915492532352583,-0.10863610047720829,-0.23481969921745793
2019-10-16,78.0,78.62999725341797,77.5,78.5999984741211,72.07760620117188,1060600,O,0.9882339566752856,0.9869084006149446,0.6655664823046786,1.0521863086694416,-0.06395235199415605,-0.12911815624850387,-0.25176073751487305
2019-10-17,78.5199966430664,79.05000305175781,78.5199966430664,78.58999633789062,72.06843566894531,1222400,O,0.9986951303144116,0.9915270278252928,0.6900405710091112,1.045139526059733,-0.04644439574532133,-0.11984060167925659,-0.22527617772373265
2019-10-18,78.61000061035156,79.56999969482422,78.44999694824219,79.47000122070312,72.87542724609375,1221600,O,0.981579216258749,0.9791505966125372,0.7090847523138785,1.0489642593361574,-0.06738504307740845,-0.12422889358689948,-0.2389084148062014
2019-10-21,79.3499984741211,79.97000122070312,79.18000030517578,79.94999694824219,73.31558990478516,983400,O,0.9781945614712588,0.9766793092048064,0.703329246803802,1.0401557689402523,-0.06196120746899347,-0.10364686967861558,-0.2167166496173334
2019-10-22,80.0,80.47000122070312,79.37999725341797,79.72000122070312,73.10469055175781,1036800,O,0.9622742819906288,0.9887348937766294,0.6651583837909041,1.0392857492778664,-0.07701146728723762,-0.1063828626572223,-0.2296508909696775
2019-10-23,80.0,80.33999633789062,79.56999969482422,80.30000305175781,73.63655090332031,1030900,O,0.9518274001755131,0.981719056455398,0.6453084382113392,1.040533347199015,-0.08870594702350187,-0.10849362814486996,-0.25214141741333984
2019-10-24,80.30000305175781,80.9000015258789,79.91000366210938,80.8499984741211,74.14092254638672,2353700,O,0.9463446403861616,0.985522544765538,0.6591545060769418,1.0483311387448295,-0.10198649835866791,-0.10282510171133374,-0.24249195415585578
2019-10-25,80.8499984741211,81.13999938964844,80.30000305175781,80.87999725341797,74.16841125488281,1829100,O,0.9513249220637106,0.9809412263786644,0.6643537115325546,1.0472237990930433,-0.09589887702933275,-0.08360091892973698,-0.23028186299333553
2019-10-28,80.56999969482422,80.94999694824219,80.19000244140625,80.87999725341797,74.16841125488281,2305700,O,0.9632272176379496,0.9783140333050728,0.6887859384891192,1.0479818360763853,-0.08475461843843568,-0.09148324632728833,-0.21848469284072702
2019-10-29,80.95999908447266,81.70999908447266,80.69999694824219,80.8499984741211,74.14092254638672,1508100,O,0.9532223294595824,0.980178433408635,0.6947399817592441,1.0403561361801832,-0.08713380672060078,-0.10462685546652306,-0.23661399041514375
2019-10-30,81.1500015258789,81.97000122070312,80.93000030517578,81.94000244140625,75.14046478271484,1182800,O,0.9265503216581168,0.969362596155008,0.6750022413873106,1.028957528147249,-0.10240720648913215,-0.12392065319196754,-0.25370066535902724
2019-10-31,81.83000183105469,82.16999816894531,81.2300033569336,81.79000091552734,75.21126556396484,3166100,O,0.9245745449093542,0.976469176435884,0.6450301077561569,1.028953970896263,-0.10437942598690875,-0.12329292262121705,-0.2692103543363612
2019-11-01,81.69999694824219,81.95999908447266,80.19999694824219,81.08000183105469,74.5583724975586,2095800,O,0.9393507198505197,0.9895002463541882,0.6324187274207305,1.0210186331905924,-0.08166791334007273,-0.08701178437182322,-0.24633005063937663
2019-11-04,80.88999938964844,81.05000305175781,79.36000061035156,80.16000366210938,73.71238708496094,3114000,O,0.946878114769454,1.008031564032156,0.6417149073189513,1.0177477365123033,-0.07086962174284928,-0.0715585612538403,-0.2435161275974892
2019-11-05,79.5,79.54000091552734,77.19999694824219,78.2300033569336,71.93759155273438,3301800,O,0.973572500340439,1.0148431371966753,0.6524566645639348,1.0255920535009635,-0.052019553160524534,-0.07154520502256667,-0.24148450929154364
2019-11-06,78.4800033569336,79.18000030517578,78.19999694824219,78.80000305175781,72.46177673339844,1869400,O,0.9641112436576816,1.0025078676860002,0.6876454429541436,1.02472378454011,-0.0606125408824284,-0.09433479179789428,-0.2502989854762314
2019-11-07,78.51000213623047,78.63999938964844,76.86000061035156,77.56999969482422,71.33069610595703,2407100,O,0.9775890728199508,1.0249085053816491,0.6922312172781799,1.0217537284366727,-0.04416465561672189,-0.0709894519464096,-0.2343711061425443
2019-11-08,77.48999786376953,77.58999633789062,76.20999908447266,76.31999969482422,70.18122100830078,1956000,O,0.9800651020193628,1.0609981113826563,0.6881839280436031,1.0184480680698833,-0.038382966050520495,-0.03158446796790071,-0.24864260851487208
2019-11-11,76.44999694824219,76.93000030517578,76.4000015258789,76.55999755859375,70.40193939208984,1722900,O,0.9581287821491824,1.059648626210388,0.690160617088311,1.02732105527683,-0.06919227312764753,-0.03165790688727954,-0.24405245399954245
2019-11-12,76.66999816894531,77.06999969482422,75.62999725341797,75.76000213623047,69.6662826538086,2070600,O,0.9597736313310954,1.061115620022956,0.7028394864739398,1.024242363400095,-0.06446873206899961,-0.035470044978261894,-0.23289329878580511
2019-11-13,75.91000366210938,77.2699966430664,75.76000213623047,76.81999969482422,70.64100646972656,2282500,O,0.9535803750230316,1.0758965976884474,0.7375344770493931,1.0310099359995386,-0.077429560976507,-0.021066301520664688,-0.21725678886573796
2019-11-14,77.16999816894531,77.52999877929688,76.91000366210938,77.23999786376953,71.02723693847656,1371900,O,0.931385518860902,1.0769697611583295,0.7322019699491346,1.030070938868324,-0.09868542000742198,-0.006260443809991578,-0.2385797220559127
2019-11-15,77.33999633789062,77.55000305175781,77.08999633789062,77.45999908447266,71.22953796386719,1836100,O,0.93314227054739,1.0703938583993184,0.7342087217944606,1.0243368944408853,-0.09119462389349531,0.02746437938309909,-0.22302074289327323
2019-11-18,77.48999786376953,79.1500015258789,77.4800033569336,78.2699966430664,71.97439575195312,1753000,O,0.927072976102596,1.0432016568459803,0.7245537548490391,1.0296677569338806,-0.1025947808312846,0.034041258798324314,-0.23889181254742242
2019-11-19,78.12999725341797,78.41000366210938,77.69000244140625,77.79000091552734,71.53300476074219,1652000,O,0.9347274213857676,1.0345923527518317,0.7456322404477658,1.0348511569492849,-0.10012373556351728,0.038684910806524475,-0.22943872850413416
2019-11-20,77.79000091552734,78.37000274658203,77.29000091552734,77.98999786376953,71.71691131591797,1289300,O,0.9252574366662236,0.943054840283789,0.752002775721353,1.0367429245182895,-0.11148548785206591,-0.017032331109606336,-0.2323272022913535
2019-11-21,77.6500015258789,77.70999908447266,76.45999908447266,76.5,70.34676361083984,1743100,O,0.9486543612482242,0.9578893358282112,0.8063223531154686,1.0414325601773815,-0.09277819892915729,0.0043500626016025334,-0.19685785675023992
2019-11-22,76.58000183105469,76.88999938964844,75.69999694824219,76.22000122070312,70.08928680419922,1267200,O,0.9584551347523274,0.9959388218436066,0.8086118224924764,1.0399834010172984,-0.081528266264971,0.013362368390640755,-0.1924030872602075
2019-11-25,76.44000244140625,77.02999877929688,76.26000213623047,76.30000305175781,70.1628646850586,1513900,O,0.9628392106595776,0.9897204195517216,0.8359839032437412,1.0272769628028116,-0.064437752143234,0.03986749079132346,-0.1785051943082595
2019-11-26,76.55000305175781,77.0,76.33000183105469,76.7300033569336,70.55825805664062,2906700,O,0.9574436658675212,1.0310081559549025,0.8574902910962682,1.019753497826135,-0.062309831958613726,0.050771103212399304,-0.1732917029960216
2019-11-27,76.75,77.69000244140625,76.4000015258789,77.69000244140625,71.44103240966797,2538200,O,0.9534862486529412,1.0114929443537477,0.8294734822033382,1.0184708296222131,-0.06498458096927195,0.0681739382355856,-0.17681748968292388
2019-11-29,77.45999908447266,77.87999725341797,76.5999984741211,76.62999725341797,70.67278289794922,1296800,O,0.9487973030553188,1.0095804667554695,0.8288846657367528,1.027957565839464,-0.07916026278414512,0.08196291624212004,-0.16506195462926265
2019-12-02,76.4000015258789,76.58999633789062,75.2699966430664,75.48999786376953,69.62142181396484,1869300,O,0.980532619926822,0.9803035893475138,0.7838457061533284,1.0333786657950568,-0.052846045868234826,0.12613721369252384,-0.15762262864341847
2019-12-03,75.70999908447266,76.12999725341797,75.0999984741211,75.4000015258789,69.53842163085938,2185000,O,0.9866253261272648,1.0252461451702444,0.8193562154535501,1.0417166514803613,-0.055091325353096465,0.12983355292010967,-0.14621491952580223
2019-12-04,75.05999755859375,76.16999816894531,75.0199966430664,75.94000244140625,70.03646087646484,1624600,O,0.9798736772478848,0.977683873723436,0.8423391027644446,1.0344529937206122,-0.0545793164727274,0.14056109761100954,-0.13129253688099318
2019-12-05,75.5999984741211,75.80000305175781,75.22000122070312,75.68000030517578,69.79664611816406,1385700,O,0.9877468003645672,0.9034241668421076,0.853203231695733,1.0367512645970387,-0.04900446423247151,0.15193576328793323,-0.14141441172644853
2019-12-06,75.62999725341797,76.33999633789062,75.62999725341797,75.94000244140625,70.03646087646484,1344800,O,0.967588685572123,0.9558868208621544,0.8489355835883038,1.0330572442281234,-0.06546855865600043,0.1529950767244127,-0.13391211149337134
2019-12-09,76.16000366210938,76.16000366210938,75.58000183105469,75.75,69.86121368408203,1110300,O,0.97650490905769,0.7193797233087496,0.8555188580700632,1.0340376238600335,-0.057532714802343454,0.0184869670277229,-0.1331062671882992
2019-12-10,75.76000213623047,76.08000183105469,74.93000030517578,75.61000061035156,69.73210906982422,1215200,O,0.9944986431510886,0.7357960298807639,0.8319535265434833,1.0438020196584652,-0.049303376507376595,-0.0018695129348611506,-0.1543657871561126
2019-12-11,75.88999938964844,75.94999694824219,74.26000213623047,74.58000183105469,68.78216552734375,1673300,O,1.0082335634872537,0.5751670804763751,0.8422097771195473,1.044148768614289,-0.03591520512703528,-0.10448262395055774,-0.14696246051667106
2019-12-12,74.91999816894531,75.11000061035156,72.95999908447266,73.13999938964844,67.4541244506836,3852500,O,1.0420733401822144,0.6634939789152038,0.8564152046062664,1.0379600676281349,0.004113272554079561,-0.028783575794022687,-0.13061734827295257
2019-12-13,73.37000274658203,73.9000015258789,72.12999725341797,72.5,66.86386108398438,4380600,O,1.053624152496925,0.6601629054379403,0.8384524496861016,1.049983828710455,0.0036403237864699456,-0.006421047311183203,-0.12178174619037041
2019-12-16,72.80999755859375,73.19999694824219,71.91000366210938,73.04000091552734,67.36187744140625,3266700,O,1.0485816698485126,0.598901821399221,0.8337933569940661,1.044141152852935,0.004440516995577681,-0.044773045623247576,-0.13210867076841493
2019-12-17,73.26000213623047,73.51000213623047,71.44000244140625,71.7300033569336,66.15373992919922,2517300,O,1.086890258142664,0.7129802397743349,0.8324875736702393,1.0401829423118683,0.04670731583079579,0.0020986670739915336,-0.11386944485234729
2019-12-18,71.69000244140625,72.55999755859375,71.62999725341797,72.06999969482422,66.46729278564453,1840600,O,1.0702105061741842,0.7632546759349546,0.8479942208454752,1.0376155592547895,0.032594946919394685,0.03443551825245306,-0.11286005050224401
2019-12-19,72.08999633789062,72.77999877929688,72.05999755859375,72.3499984741211,66.72551727294922,1693800,O,1.070921661446856,0.8141498473504053,0.8440528401651664,1.034943648284932,0.03597801316192406,0.04669120218271494,-0.12602154653381692
2019-12-20,72.55999755859375,72.93000030517578,72.11000061035156,72.5,66.86386108398438,4656900,O,1.067183631181267,0.7921396443168515,0.8648152437591141,1.0184381935354383,0.048745437645828726,0.0531823620991736,-0.10084863471840266
2019-12-23,72.68000030517578,72.94000244140625,71.83999633789062,71.94999694824219,66.35660552978516,1189800,O,1.0791061286281,0.7453094242214394,0.8715687957437851,1.004497558926818,0.07460856970128216,-0.01102951038249933,-0.09944694447016467
2019-12-24,72.04000091552734,72.58999633789062,71.80000305175781,72.36000061035156,66.7347640991211,621700,O,1.0831110205155814,0.698537702786731,0.8547156249889248,1.013647133004122,0.06946388751145949,-0.0446856501659284,-0.12545286504185005
2019-12-26,72.47000122070312,72.8499984741211,72.37000274658203,72.83999633789062,67.17743682861328,1047500,O,1.076111395227369,0.6467538458760346,0.8252706590660551,1.009368571505801,0.06674282372156815,-0.057047331298675674,-0.14655292511587703
2019-12-27,73.0,73.38999938964844,72.56999969482422,73.25,67.55555725097656,1085900,O,1.0815920056395278,0.6313700203802706,0.8200911454127677,1.0132043069838519,0.06838769865567595,-0.0806874498345923,-0.16075349894357993
2019-12-30,72.9800033569336,73.55000305175781,72.97000122070312,73.25,67.55555725097656,1500900,O,1.0769632470742465,0.6034136106236706,0.8003349542533736,0.9989207364455843,0.07804251062866219,-0.09754714287463706,-0.17590257901576267
2019-12-31,72.97000122070312,73.6500015258789,72.87000274658203,73.62999725341797,68.1180419921875,1389100,O,1.0652096777372977,0.6424897584866573,0.7919198111009762,1.003635286357499,0.06157439137979859,-0.10994048272931578,-0.1893237882802994
2020-01-02,73.8499984741211,74.0,71.93000030517578,72.4800033569336,67.05414581298828,1997600,O,1.0837709202301398,0.6878207233857262,0.8022258932581144,1.0150507088582201,0.06872021137191964,-0.06607734448237579,-0.15908064165195346
2020-01-03,72.19000244140625,73.9000015258789,72.11000061035156,73.79000091552734,68.26607513427734,1769600,O,1.0669773511190663,0.7276535128134146,0.7979671697006998,1.029111122076935,0.03786622904213144,-0.06401807617482413,-0.18415192376500833
2020-01-06,73.6500015258789,74.45999908447266,73.31999969482422,74.16000366210938,68.60836791992188,1283000,O,1.0704449729756658,0.7724004396486193,0.8088862931847792,1.0266874067249352,0.04375756625073057,-0.0387632584266594,-0.1910950666188984
2020-01-07,74.69999694824219,74.69999694824219,73.33999633789062,74.18000030517578,68.62688446044922,1560500,O,1.0750237102285998,0.7294136238956859,0.7952890935838915,1.0199620823962716,0.05506162783232815,-0.06618830380562502,-0.20489365985981445
2020-01-08,74.27999877929688,74.63999938964844,73.91999816894531,74.5199966430664,68.94141387939453,1853500,O,1.0777906726976083,0.7636513174822098,0.8044294510722266,1.0232695215769656,0.05452115112064271,-0.05070533078921524,-0.20484122905314905
2020-01-09,74.41999816894531,74.54000091552734,73.18000030517578,73.25,67.76648712158203,1998000,O,1.0773078876402242,0.7105293466582769,0.8014754980388501,1.0249701162824836,0.05233777135774065,-0.07559396848900879,-0.20625621479735323
2020-01-10,73.27999877929688,73.9800033569336,73.16000366210938,73.73999786376953,68.21981811523438,2429400,O,1.0648445464781449,0.6826462013745025,0.7935133310101381,1.0345902593360599,0.030254287142085,-0.10513208003011743,-0.2229467798925524
2020-01-13,73.91000366210938,75.02999877929688,73.80999755859375,74.95999908447266,69.3484878540039,1612800,O,1.054203767033806,0.7060498512318137,0.7984790385103049,1.0265771375432877,0.027626629490518306,-0.10449487803892266,-0.2179189087773472
2020-01-14,74.75,74.98999786376953,74.19999694824219,74.95999908447266,69.3484878540039,1518000,O,1.0737385233416707,0.685826784214345,0.7827823858907581,1.02603594253187,0.04770258080980083,-0.11209947521874664,-0.22474366372403987
2020-01-15,75.66999816894531,76.33999633789062,75.55000305175781,75.9800033569336,70.29214477539062,1960500,O,1.0613037715345546,0.6630528455937548,0.7732163564712528,1.0219015962939193,0.03940217524063527,-0.10771857393069728,-0.21954893809343623
2020-01-16,76.0,76.52999877929688,75.72000122070312,76.1500015258789,70.44937896728516,1463300,O,1.0493205447164975,0.665952435693492,0.7878824978413875,1.0174106968397891,0.031909847876708364,-0.11153020365751687,-0.20250696509101795
2020-01-17,76.1500015258789,76.75,75.9000015258789,76.3499984741211,70.63442993164062,1764000,O,1.0759967708611915,0.6528243731284151,0.802033085063224,1.0167057038236287,0.05929106703756282,-0.12657090992598885,-0.1759773034272447
2020-01-21,76.36000061035156,77.95999908447266,76.3499984741211,77.72000122070312,71.90185546875,1839400,O,1.0638694356728124,0.6491188223659639,0.7980323779328375,1.0096671574983878,0.05420227817442469,-0.14298389716285376,-0.18956688642952235
2020-01-22,77.88999938964844,78.16999816894531,76.58999633789062,76.88999938964844,71.13399505615234,1229800,O,1.0718315471099111,0.6743953966649416,0.8057152893038421,0.9795819064254594,0.09224964068445174,-0.14278723601123133,-0.18399653612806044
2020-01-23,77.0999984741211,77.58999633789062,76.66999816894531,77.23999786376953,71.45780181884766,1112000,O,1.05074333365684,0.6959372277753951,0.7985204541006695,0.9454235464635514,0.1053197871932885,-0.12388016943063762,-0.18675228783780018
2020-01-24,77.2699966430664,77.83000183105469,76.94999694824219,77.12999725341797,71.35601806640625,1001900,O,1.0371584864215715,0.7241835472163559,0.7911368239761115,0.9432939683900934,0.0938645180314781,-0.1302259060451313,-0.21685148897750717
2020-01-27,76.9000015258789,77.91000366210938,76.75,77.4000015258789,71.60581970214844,1792800,O,0.9445179264479596,0.720123012922675,0.820888735176897,0.9204723459143687,0.02404558053359096,-0.12506842951490638,-0.20349566425284893
2020-01-28,77.94000244140625,78.6500015258789,77.86000061035156,78.12999725341797,72.28115844726562,3249600,O,0.932254215626793,0.6727368357055008,0.8196604910515435,0.9016182453511679,0.030635970275625146,-0.13768537913286238,-0.2085053728128614
2020-01-29,78.19999694824219,78.66000366210938,77.93000030517578,78.13999938964844,72.2904052734375,2513600,O,0.9656141981719106,0.6573249586712664,0.8167954020834071,0.933912869908151,0.0317013282637596,-0.15862545972198194,-0.21229077843960253
2020-01-30,78.02999877929688,79.01000213623047,77.7699966430664,78.9800033569336,73.06755065917969,2671100,O,0.9503756352386054,0.6688375720859423,0.8156506503527682,0.9100288572281962,0.0403467780104092,-0.15421907093333542,-0.21436972134315313
2020-01-31,78.86000061035156,79.1500015258789,77.73999786376953,78.41000366210938,72.75485229492188,6703400,O,0.9998802448458096,0.6772614848548529,0.8157604179643637,0.9603917770627003,0.03948846778310933,-0.1564605790719793,-0.23613370893777097
2020-02-03,78.44999694824219,78.97000122070312,78.04000091552734,78.19999694824219,72.55999755859375,2080100,O,0.9958944687308372,0.7040540307514239,0.820832190746646,0.9205980590425482,0.07529640968828899,-0.13915153950305337,-0.21538030688697885
2020-02-04,78.08000183105469,78.94000244140625,78.0,78.31999969482422,72.67133331298828,1251700,O,0.9818157709825236,0.7087892959889355,0.8237587605983595,0.8875565666064313,0.09425920437609225,-0.1433028916165081,-0.19995721850823112
2020-02-05,77.87999725341797,78.75,77.4000015258789,78.5,72.8383560180664,1786700,O,0.9370081016487888,0.696336173960825,0.8013883632767292,0.8019131781579599,0.13509492349082886,-0.14640819684343753,-0.2161221065196638
2020-02-06,78.62000274658203,79.38999938964844,78.5999984741211,79.1500015258789,73.44148254394531,1015200,O,0.9707592527915188,0.6605739569891177,0.7893729167363556,0.8367853497309393,0.13397390306057944,-0.1625808696927883,-0.23053236217902284
2020-02-07,79.44000244140625,79.80000305175781,79.19000244140625,79.51000213623047,73.77552795410156,1166700,O,0.928133220736582,0.6391294289727325,0.7982923515492292,0.7935212395670934,0.13461198116948858,-0.16738956793146742,-0.2370744847331755
2020-02-10,80.0,80.1500015258789,79.63999938964844,80.08000183105469,74.30441284179688,1361100,O,0.8486168513561855,0.6366019976121311,0.7874948096502106,0.7080264948218032,0.14059035653438223,-0.1731708731351954,-0.23401408524819645
2020-02-11,80.01000213623047,80.3499984741211,78.5,78.68000030517578,73.00537109375,1675000,O,0.9170137611610876,0.6429138067250777,0.7815934019997994,0.7577791944221275,0.15923456673896008,-0.1681583485546646,-0.22940187575222182
2020-02-12,78.41000366210938,78.87999725341797,78.0,78.29000091552734,72.64350128173828,1942900,O,0.6918270689507956,0.6859252332267223,0.7980440956489236,0.6556544781362726,0.036172590814522954,-0.15737722825208722,-0.2030687847522692
2020-02-13,78.43000030517578,79.27999877929688,78.43000030517578,78.79000091552734,73.10743713378906,1339800,O,0.7018247529986941,0.6754078180085069,0.794409568938186,0.6877233932900451,0.014101359708649008,-0.1582490381423095,-0.20245224849207422
2020-02-14,78.88999938964844,80.25,78.80999755859375,80.25,74.46214294433594,1641600,O,0.5312932957728469,0.6486193713830324,0.7968012896031128,0.6328948362376976,-0.1016015404648507,-0.19864685314141695,-0.20653900405836134
2020-02-18,80.5,80.55000305175781,79.77999877929688,80.4000015258789,74.601318359375,1309200,O,0.5999278083857222,0.6513108213583273,0.7969706214185432,0.6494822674924952,-0.04955445910677292,-0.1935081124182606,-0.20715958490731445
2020-02-19,80.3499984741211,80.37000274658203,79.41000366210938,79.66999816894531,73.92398071289062,1254300,O,0.5971139591824602,0.6623590051937361,0.7928329970883538,0.6212259546448674,-0.024111995462407165,-0.17967078903736633,-0.20647710404816377
2020-02-20,84.29000091552734,84.91999816894531,80.37999725341797,81.91000366210938,76.0024185180664,3245900,O,0.5308140435417775,0.6855068401870387,0.7814032700351312,0.6024837075005126,-0.07166966395873509,-0.17676484076416143,-0.22025271449106332
2020-02-21,81.83000183105469,82.5,81.52999877929688,82.44000244140625,76.49418640136719,2222500,O,0.6165999218451252,0.6798723570117867,0.788056616604061,0.672994196719796,-0.05639427487467075,-0.20920999566639142,-0.2326394064593238
2020-02-24,82.12000274658203,83.4000015258789,82.0,82.16999816894531,76.24365997314453,2865100,O,0.6653861059824531,0.6859238924375055,0.7759292149455707,0.7128334632909551,-0.047447357308502025,-0.22312803256452507,-0.2700131800205984
2020-02-25,82.2699966430664,82.27999877929688,80.47000122070312,80.91999816894531,75.08380889892578,3899600,O,0.7235190981757141,0.6945481250860525,0.7932502386605137,0.7790606018039337,-0.055541503628219524,-0.24806597800789187,-0.2978961899856255
2020-02-26,81.0199966430664,81.73999786376953,79.44000244140625,79.76000213623047,74.00749969482422,5288700,O,0.7156776726024557,0.7207014806020137,0.81883354049164,0.7616966398962702,-0.046018967293814494,-0.2439810155822706,-0.29615010320922464
2020-02-27,74.30000305175781,75.77999877929688,72.88999938964844,72.88999938964844,67.63298034667969,11871600,O,0.7312438873340485,0.7974115010056639,0.9058809063722886,0.8080501435920159,-0.07680625625796733,-0.2119917570454406,-0.21092900495293065
2020-02-28,71.45999908447266,72.58999633789062,69.37999725341797,72.38999938964844,67.38441467285156,7016600,O,0.6918031274165809,0.8417698401645795,0.9110624634151588,0.8039945572893201,-0.11219142987273922,-0.19887337845741637,-0.20620041418919277
2020-03-02,72.98999786376953,75.05999755859375,71.66000366210938,74.98999786376953,69.80464172363281,4511600,O,0.622412271622485,0.8119091301166826,0.8744193903141987,0.7365135258588363,-0.11410125423635131,-0.19548416930463997,-0.18565564032563298
2020-03-03,75.0999984741211,76.56999969482422,73.95999908447266,74.5999984741211,69.44161987304688,3513000,O,0.6142217539902868,0.8446667227724642,0.8876431411980771,0.7619740946148655,-0.14775234062457876,-0.21457051317588793,-0.21731978876768998
2020-03-04,76.05999755859375,78.33000183105469,75.7699966430664,78.1500015258789,72.74613952636719,3610400,O,0.5603588449354178,0.8317007834938756,0.8359156839519991,0.7200387043581622,-0.15967985942274443,-0.21318265469079323,-0.21730206649368078
2020-03-05,77.05000305175781,78.0,76.44999694824219,77.62999725341797,72.26210021972656,2285800,O,0.6056445109548206,0.8200487080345347,0.8362356250906664,0.8035293557496315,-0.19788484479481083,-0.24009368540209142,-0.25355762524365355
2020-03-06,76.01000213623047,76.9000015258789,74.19999694824219,76.6500015258789,71.34986114501953,2857300,O,0.6464095422044277,0.8210189212560478,0.8755323611530365,0.8279168057463571,-0.18150726354192936,-0.24384446357570788,-0.26207985750143503
2020-03-09,71.30999755859375,74.94999694824219,71.0,73.31999969482422,68.25012969970703,3874300,O,0.7278235161750123,0.7995948547684631,0.9196287012693612,0.9535238275269462,-0.2257003113519339,-0.2993595736899931,-0.33920744896549493
2020-03-10,74.79000091552734,76.68000030517578,72.69999694824219,76.58999633789062,71.29399871826172,3725100,O,0.7433042682083123,0.7991800011279184,0.8750144869035716,0.9375149612826199,-0.1942106930743076,-0.27402597402678586,-0.3360290336102454
2020-03-11,75.0999984741211,75.31999969482422,72.26000213623047,73.55999755859375,68.47351837158203,3661500,O,0.7310473549690076,0.8615659165538436,0.8923930142983352,0.9759973030416064,-0.24494994807259873,-0.30111516460553456,-0.3914002303536257
2020-03-12,68.52999877929688,73.62000274658203,66.05999755859375,67.73999786376953,63.05597686767578,4919500,O,0.8349280140178803,0.9444104585757096,0.943049034147288,1.1183169023040096,-0.2833888882861293,-0.3842396616310739,-0.48552039699256444
2020-03-13,69.83000183105469,72.11000061035156,67.75,71.91999816894531,66.94692993164062,5208500,O,0.7192275712865425,0.8881130747493864,0.8560431336403009,1.0020290023992315,-0.2828014311126891,-0.334272093671498,-0.4480835981764393
2020-03-16,63.79999923706055,66.5,53.93999862670898,53.9900016784668,50.25674057006836,6160400,O,0.9266418626949344,1.1892451654533005,1.1505813160466092,1.154696163181374,-0.2280543004864395,-0.23218053633779023,-0.38061670486837795
2020-03-17,56.0,56.130001068115234,51.79999923706055,55.119998931884766,51.30860900878906,6053900,O,0.9542938403199228,1.1306849898039024,1.097252585157563,1.1570109519637126,-0.2027171116437898,-0.23140514828130798,-0.3415764970607893
2020-03-18,51.97999954223633,52.47999954223633,40.0,42.5,39.56123733520508,6410800,O,1.202213419465398,1.4642871709938567,1.4153578804060385,1.2579863744882274,-0.05577295502282942,-0.05273452809571211,-0.1794257963908168
2020-03-19,42.75,49.18000030517578,38.0,48.08000183105469,44.75540542602539,5643100,O,1.041380503037709,1.2907656012289428,1.2770939284940177,1.1695174739874898,-0.12813697094978083,-0.16175574696151007,-0.2709212515644406
2020-03-20,50.06999969482422,52.560001373291016,46.88999938964844,47.41999816894531,44.14104080200195,4918200,O,1.0628642792271816,1.2700690129353558,1.3324639416335695,1.2321109934680623,-0.16924671424088067,-0.17670332466220184,-0.29525181145488477
2020-03-23,46.540000915527344,46.540000915527344,40.38999938964844,43.34000015258789,40.3431510925293,5345400,O,1.1429914667708043,1.392203742252888,1.4444265943248282,1.2782648704797976,-0.13527340370899332,-0.1122281350801071,-0.2122690534076288
2020-03-24,46.02000045776367,50.84999847412109,45.18999862670898,50.66999816894531,47.16630935668945,4582800,O,0.9895378371634936,1.1676166143590874,1.2331188055351003,1.1633792784668344,-0.17384144130334078,-0.1478130651284819,-0.2538592718130974
2020-03-25,51.9900016784668,59.5,50.33000183105469,54.5,50.73147201538086,5399900,O,0.945614958653506,1.1110239446705232,1.1753349568699063,1.1630380067850696,-0.21742304813156366,-0.1852705579595193,-0.274738398581605
2020-03-26,56.58000183105469,58.630001068115234,54.22999954223633,58.36000061035156,54.32456970214844,4475800,O,0.9154263857660282,1.036729102034568,1.1254421432413493,1.1093241340992537,-0.19389774833322548,-0.20759673773178955,-0.2544786644337309
2020-03-27,55.720001220703125,60.130001068115234,55.150001525878906,56.900001525878906,52.96551513671875,7891300,O,0.9756320531420728,1.091745943993169,1.143293947708366,1.1952960913430661,-0.21966403820099334,-0.19911174711106971,-0.3196742984912382
2020-03-30,57.02999877929688,57.619998931884766,51.25,53.130001068115234,49.45620346069336,6064200,O,1.0426396491936878,1.1694053066003265,1.217837786096297,1.1443490799402438,-0.10170943074655603,-0.1055720077381701,-0.2089377617638486
2020-03-31,52.43000030517578,52.790000915527344,48.869998931884766,49.86000061035156,46.61674880981445,6161000,O,1.0431057303743991,1.223578371760237,1.2879096022266554,1.1201491571206488,-0.07704342674624964,-0.0851957123859941,-0.18915826444506667
2020-04-01,47.119998931884766,47.720001220703125,45.02999877929688,46.470001220703125,43.447265625,4586100,O,1.0937003048437852,1.276019716509328,1.4047799540627106,1.1936280309095093,-0.09992772606572409,-0.09405408145020888,-0.18575579986691237
2020-04-02,45.25,47.11000061035156,44.380001068115234,45.619998931884766,42.65255355834961,4207200,O,1.1457771951284623,1.298907326830044,1.4183840049526384,1.1939662404088118,-0.04818904528034951,-0.0739382137347746,-0.16987793676528362
2020-04-03,45.33000183105469,46.38999938964844,43.40999984741211,43.59999847412109,40.76394271850586,3801800,O,1.208765786860088,1.3263455450170754,1.487386467350856,1.2106828272376642,-0.001917040377576118,-0.05585830363899391,-0.14404727291271158
2020-04-06,47.02000045776367,48.709999084472656,46.0,46.810001373291016,43.76514434814453,4531200,O,1.1672795671838625,1.232579664719157,1.349074983635164,1.1388974241006424,0.02838214308322007,-0.05571257751976111,-0.14179469556996716
2020-04-07,49.720001220703125,52.08000183105469,49.29999923706055,49.33000183105469,46.12123107910156,5446200,O,1.1168102405841858,1.1663299257824635,1.2662501600442797,1.1578204984735645,-0.04101025788937873,-0.09018000860142594,-0.2001954830200161
2020-04-08,50.43999862670898,53.869998931884766,49.43999862670898,53.130001068115234,49.674049377441406,4194900,O,1.0210559191949102,1.096630684314878,1.1643131178795114,1.0946023996533671,-0.07354648045845691,-0.11876203547368913,-0.23653120974479847
2020-04-09,55.869998931884766,60.72999954223633,55.540000915527344,56.68000030517578,52.99313354492188,4974400,O,0.91546824061794,1.0472369662978935,1.0935574228078773,1.0349884425663953,-0.11952020194845536,-0.1649363925425411,-0.26345253900372056
2020-04-13,56.59999847412109,56.68999862670898,52.79999923706055,53.540000915527344,50.0573844909668,4368000,O,0.9419611418566172,1.090312913729764,1.1236479921915787,1.0242207536395156,-0.08225961178289842,-0.1454205778416786,-0.24604793809749403
2020-04-14,54.88999938964844,56.400001525878906,54.040000915527344,56.310001373291016,52.64720153808594,2837600,O,0.8984777208388751,1.053398891164706,1.074738275395641,1.0130380487332131,-0.11456032789433801,-0.1575151895848066,-0.26493086110521946
2020-04-15,53.59999847412109,54.61000061035156,50.869998931884766,51.5,48.15007781982422,3538600,O,0.974788892696978,1.1279977411324476,1.1866492307950705,1.0554691201654947,-0.08068022746851666,-0.12448144051276122,-0.1907149375163737
2020-04-16,52.0,52.310001373291016,49.630001068115234,49.810001373291016,46.56999969482422,2957900,O,1.0699594349497046,1.1624078906648942,1.235340119131268,1.1191469275195236,-0.049187492569819025,-0.10945469727616386,-0.1682083309509732
2020-04-17,52.27000045776367,53.45000076293945,50.81999969482422,52.369998931884766,48.9634895324707,3853200,O,1.008452115366112,1.1309102850418196,1.1878578020230637,1.059274009359354,-0.05082189399324211,-0.09575460385448809,-0.16358573033992863
2020-04-20,50.970001220703125,52.02999877929688,50.380001068115234,50.869998931884766,47.56105041503906,2308600,O,1.015486157831298,1.1413703925073173,1.2043649246814443,1.0996299435474195,-0.08414378571612158,-0.10122102521800658,-0.13824270747205292
2020-04-21,48.91999816894531,50.540000915527344,48.66999816894531,49.84999847412109,46.60740661621094,2393300,O,1.042509108802431,1.1661458986407758,1.206411978144767,1.1321504200906551,-0.08964131128822417,-0.10466754495742103,-0.16408641674761903
2020-04-22,51.060001373291016,51.29999923706055,49.68999862670898,50.18000030517578,46.91593551635742,2010800,O,1.0436584880179915,1.1830912473815387,1.179704231273942,1.1137589563145864,-0.07010046829659489,-0.0732187513411684,-0.12648686957013888
2020-04-23,50.5,50.90999984741211,49.119998931884766,49.31999969482422,46.11187744140625,2047800,O,1.129864595756171,1.2285587335224362,1.2150163236915568,1.1400400982322514,-0.010175502476080345,-0.008612004886633828,-0.09491094640300513
2020-04-24,49.59999847412109,50.45000076293945,49.09999847412109,49.91999816894531,46.672847747802734,2506000,O,1.1142727584871834,1.2294087776165554,1.1916392038026624,1.150698834444404,-0.03642607595722058,-0.013054272799595257,-0.08483980809021663
2020-04-27,50.2599983215332,52.04999923706055,49.970001220703125,51.310001373291016,47.97243881225586,2521300,O,1.0901540408885813,1.194722403634887,1.195023619783158,1.0982745432715075,-0.008120502382926276,0.0009213253002584576,-0.06028397613940273
2020-04-28,53.650001525878906,54.5,52.720001220703125,53.18999862670898,49.73014450073242,2698700,O,1.048646031871078,1.1474029872682454,1.145247110430831,1.0867168009353638,-0.03807076906428586,-0.03175567933289081,-0.12487471884670542
2020-04-29,54.880001068115234,56.63999938964844,54.790000915527344,55.27000045776367,51.67485427856445,3582200,O,1.0321715532701183,1.0924534629613074,1.0881961971328895,1.0621793642564419,-0.030007810986323546,-0.056966764012770676,-0.14336451666858108
2020-04-30,54.0099983215332,55.36000061035156,53.20000076293945,54.91999816894531,51.56499862670898,4559700,O,1.0458899992639148,1.139928485058763,1.0811939821512262,1.1015967726975993,-0.055706773433684464,-0.04525187398235597,-0.2169871032506938
2020-05-01,52.84999847412109,53.040000915527344,51.400001525878906,51.790000915527344,48.626197814941406,2830300,O,1.16649399948192,1.218396923652863,1.146339949914749,1.1717589994825794,-0.005265000000659548,-0.023823455137698346,-0.1965933047462034
2020-05-04,51.02000045776367,51.52000045776367,50.09000015258789,50.61000061035156,47.518287658691406,3278600,O,1.1926992476458729,1.2426051853173177,1.2460931259600303,1.1726715956239289,0.02002765202194401,0.006268913750681726,-0.12779879184675913
2020-05-05,52.11000061035156,53.90999984741211,51.9900016784668,52.04999923706055,48.87032318115234,3404700,O,1.2002176712594164,1.219504831059283,1.272003445147639,1.199456117160557,0.0007615540988594738,-0.013382000257326165,-0.09749198053996677
2020-05-06,52.220001220703125,53.38999938964844,51.95000076293945,52.47999954223633,49.2740592956543,3005400,O,1.2278879009582715,1.204498463601829,1.23758612651535,1.241846991780565,-0.013959090822293518,-0.04991666602839251,-0.14823171605183405
2020-05-07,53.29999923706055,54.470001220703125,52.77000045776367,54.40999984741211,51.086158752441406,2885500,O,1.1599705942310032,1.1658653383044864,1.1622645877031914,1.1857653446877672,-0.025794750456763937,-0.056483397961080595,-0.17338715135484994
2020-05-08,55.310001373291016,56.09000015258789,54.09000015258789,54.86000061035156,51.50866317749024,2467200,O,1.1372763806196498,1.1622054188177506,1.1766178094774764,1.1243771196277146,0.012899260991935169,-0.02989734673178579,-0.1461748994864136
2020-05-11,53.9900016784668,54.95000076293945,52.95000076293945,54.02000045776367,50.7199821472168,2394500,O,1.0759556733826772,1.150864184921426,1.2218255513958058,1.0573369744033387,0.018618698979338433,-0.0496010943347438,-0.1388383951393477
2020-05-12,54.470001220703125,54.72999954223633,51.290000915527344,51.66999816894531,48.51353073120117,3372200,O,1.174450449540874,1.1949803778736612,1.244702765025696,1.114546628139541,0.05990382140133299,-0.041105773635116805,-0.15646149721000913
2020-05-13,51.34999847412109,51.66999816894531,49.86000061035156,50.220001220703125,47.1521110534668,3036900,O,1.2511518211471686,1.2490308149826834,1.247412048062548,1.1712625506774148,0.0798892704697538,-0.03250321251623833,-0.19260588376510523
2020-05-14,49.34999847412109,50.459999084472656,47.68000030517578,50.380001068115234,47.302337646484375,3220500,O,1.2589382891516985,1.2370284928480786,1.241824612597524,1.1765211541107627,0.08241713504093573,-0.0187671968419425,-0.18571301915897354
2020-05-15,50.04999923706055,50.15999984741211,48.54999923706055,49.9900016784668,46.936161041259766,4836900,O,1.266751316417958,1.2157048018320498,1.2367675704380832,1.1588394452292876,0.1079118711886704,-0.028110158085815407,-0.18199528537061171
2020-05-18,52.41999816894531,53.720001220703125,52.290000915527344,53.06999969482422,49.82801055908203,3417000,O,1.1994776649476493,1.1634563899840409,1.174635284916362,1.0963411429637036,0.10313652198394574,-0.009923525982832304,-0.1896767518934337
2020-05-19,52.970001220703125,53.709999084472656,51.97999954223633,52.59000015258789,49.37733459472656,2348500,O,1.1749089846609682,1.1761924392296277,1.2038502555475243,1.1004426756785022,0.07446630898246598,-0.0071251783931483015,-0.19957835189468032
2020-05-20,53.0,53.040000915527344,50.81999969482422,51.43999862670898,48.29758834838867,3196300,O,1.1994183204494648,1.2284574355281996,1.2518601526918691,1.0815042987078813,0.1179140217415835,0.050987194607001296,-0.11546408852063483
2020-05-21,51.25,52.31999969482422,50.959999084472656,51.75,48.588645935058594,2381100,O,1.188934918461812,1.2236409948731364,1.2194344261252572,1.0852165557818936,0.10371836267991852,0.044281125099416396,-0.15535210256274
2020-05-22,51.81999969482422,52.33000183105469,51.459999084472656,52.150001525878906,48.96421432495117,1835000,O,1.144962068609559,1.1969837971123451,1.1817828824740422,1.0467790286512277,0.09818303995833122,0.020169794877224145,-0.17348400538200548
2020-05-26,54.84000015258789,55.72999954223633,54.15999984741211,55.4900016784668,52.10017776489258,2852200,O,1.078036358700105,1.1398912807666914,1.1180580343071176,1.0266648888101892,0.0513714698899157,-0.007674209153870848,-0.207970861063286
2020-05-27,57.02000045776367,57.4900016784668,54.22999954223633,55.38999938964844,52.00628280639648,4160800,O,1.0589521779106563,1.1591243686796913,1.1276836912419634,0.98170303926403,0.0772491386466263,0.028538585497005498,-0.1670030230243027
2020-05-28,56.060001373291016,56.119998931884766,54.4900016784668,55.70000076293945,52.29734802246094,4616500,O,1.0777579033885858,1.1312176518421326,1.1271270386323695,1.0119748096323817,0.06578309375620406,-0.00259321943831603,-0.19287982909899148
2020-05-29,55.09999847412109,56.7400016784668,54.650001525878906,55.310001373291016,52.14931869506836,10417200,O,1.079973119016964,1.1421098265325134,1.1334718931408507,1.026394901998446,0.05357821701851795,-0.0018637015026683468,-0.20764884518828963
2020-06-01,55.5,57.0,55.16999816894531,56.56999969482422,53.33731460571289,2495100,O,1.084135689047756,1.136161868028431,1.0989996679315497,1.0098711599508365,0.0742645290969195,-0.006373440046317569,-0.21873280384249227
2020-06-02,57.290000915527344,57.86000061035156,56.79999923706055,57.20000076293945,53.93131637573242,3076500,O,1.0723703899292187,1.1360268885385114,1.0806332200457909,1.004165475686864,0.06820491424235464,0.03877103886949462,-0.23042646641999687
2020-06-03,58.09999847412109,60.59000015258789,58.0099983215332,60.15999984741211,56.72216796875,2645700,O,1.005590012654196,1.0823177784999185,1.0323970555321218,0.9904777700587754,0.015112242595420544,0.017343898470854047,-0.2358028586902281
2020-06-04,60.04999923706055,60.619998931884766,58.84999847412109,60.11000061035156,56.675025939941406,2330500,O,0.9782010091123264,1.076991695103284,1.02031666112271,0.9737129878925915,0.004488021219734906,0.0362936943193064,-0.24995643211011598
2020-06-05,62.720001220703125,64.19999694824219,61.060001373291016,62.209999084472656,58.65502548217773,4942700,O,0.9445348266327994,1.0508797342986955,0.9945928291266758,0.9555197936840854,-0.010984967051285932,0.021622101790829795,-0.2362438583268328
2020-06-08,64.25,64.47000122070312,63.38999938964844,64.16999816894531,60.503021240234375,3247800,O,0.8936260159197968,1.0050678086900644,0.9667657471666726,0.9235807988149242,-0.02995478289512732,0.00976333210320024,-0.23101278401620862
2020-06-09,62.18999862670898,63.04999923706055,61.59999847412109,62.84999847412109,59.25844192504883,2487200,O,0.9103180103056184,1.0197389702557156,1.0054701081385031,0.9543505613494414,-0.044032551043822976,0.0034324384755002324,-0.2362403925410712
2020-06-10,63.060001373291016,63.119998931884766,60.90999984741211,62.130001068115234,58.579586029052734,3131700,O,0.918281873736796,1.066397300336989,1.0105333405138883,0.9608958633020045,-0.042613989565208454,0.00968482391297476,-0.2580948718282494
2020-06-11,57.79999923706055,60.5,57.540000915527344,57.880001068115234,54.572452545166016,4076600,O,0.9981975194607572,1.15011833278449,1.0790765813767955,1.0452604457269579,-0.04706292626620068,0.01494446049728948,-0.2982800921705193
2020-06-12,60.72999954223633,61.18000030517578,58.52000045776367,60.43000030517578,56.97673797607422,2369200,O,0.9740180006708574,1.0948903697147383,1.0079703483704927,1.0498126718293574,-0.07579467115850003,-0.022389347069595278,-0.33588196925331526
2020-06-15,58.5,62.95000076293945,58.5,62.56999969482422,58.99444961547852,3345500,O,0.9251414852375754,1.0357803125125888,0.9775849931468013,1.0316143405530773,-0.10647285531550188,-0.05859360196180696,-0.3374163873911564
2020-06-16,64.9800033569336,65.55999755859375,62.66999816894531,63.15999984741211,59.550724029541016,3773800,O,0.9312817707410832,0.9985584399070776,0.9872486245957544,1.0166643907242152,-0.08538261998313201,-0.06490748102926969,-0.3093816322587031
2020-06-17,63.77000045776367,63.91999816894531,62.9900016784668,63.060001373291016,59.45644378662109,3140600,O,0.9134952505910696,0.96388979959772,0.981186630437921,1.0230961122793614,-0.10960086168829175,-0.08587650237063338,-0.33305172344957745
2020-06-18,62.470001220703125,64.31999969482422,62.040000915527344,63.38999938964844,59.76758575439453,3322300,O,0.9057306637075452,0.9674887478798758,0.9862495575295795,1.0320780068346933,-0.12634734312714813,-0.09033629020985112,-0.32840996649716825
2020-06-19,63.810001373291016,64.19999694824219,60.88999938964844,61.52999877929688,58.01387405395508,14648400,O,0.9544839886457046,0.9704317250623996,1.027373112907959,1.0472002394231807,-0.09271625077747614,-0.07068007365796414,-0.29498475652415923
2020-06-22,61.4900016784668,62.15999984741211,60.459999084472656,61.43999862670898,57.929012298583984,3048100,O,0.9370913230916657,0.9665849079626858,1.0155528774588112,1.0416111253467466,-0.10451980225508095,-0.0707269720903767,-0.29253734675240306
2020-06-23,62.02000045776367,62.220001220703125,60.52000045776367,61.27000045776367,57.76873779296875,2510900,O,0.940838213681598,0.9894080902668088,1.0235482306602444,1.0305967789015436,-0.08975856521994552,-0.06171909418917343,-0.29091587574407596
2020-06-24,60.41999816894531,60.70000076293945,57.5,59.459999084472656,56.06216812133789,3171100,O,0.9900764549809304,1.0491271955009815,1.0741428439325895,1.0730616563589168,-0.08298520137798637,-0.059744502655437515,-0.2905527929347931
2020-06-25,59.09999847412109,60.5,58.709999084472656,59.56999969482422,56.16588592529297,2719600,O,1.0086398321057082,1.0375109263730553,1.0323219603967793,1.0527413251046664,-0.04410149299895827,-0.052968705097058644,-0.29482965098318425
2020-06-26,59.900001525878906,60.13999938964844,58.33000183105469,58.40999984741211,55.07216644287109,2635100,O,1.0419057829699274,1.0560990571481097,1.0581000493321322,1.09603731200819,-0.05413152903826268,-0.06472998152903053,-0.31743663319183857
2020-06-29,58.970001220703125,59.77999877929688,57.68999862670898,59.77999877929688,56.3638801574707,2496900,O,1.0168524105487662,1.0578844520029267,1.0250869465728056,1.0675591621777658,-0.050706751628999625,-0.05043085403019143,-0.3561971884384174
2020-06-30,60.25,60.25,58.93999862670898,59.5,56.319862365722656,2637800,O,1.013150848751896,1.085570127271129,1.0129891707578356,1.0503414786147147,-0.037190629862818625,-0.012944242479284718,-0.3701119954274943
2020-07-01,59.75,61.38999938964844,59.56999969482422,61.09000015258789,57.82488632202149,1479100,O,0.976264323119644,1.0472161165322542,1.000694530251021,1.0614698745417157,-0.08520555142207176,-0.07372609434932875,-0.3875612060339222
2020-07-02,62.2400016784668,62.560001373291016,60.5,61.09999847412109,57.83434677124024,1814700,O,1.0163581686001124,1.0414163329194843,0.99517140343727,1.0609433180919134,-0.044585149491801035,-0.0652231982940501,-0.3888106296128845
2020-07-06,62.290000915527344,62.43999862670898,60.16999816894531,60.2599983215332,57.03924560546875,1653000,O,1.0386885239761978,1.052576305654922,0.9817032554297288,1.060100399776527,-0.021411875800329216,-0.061994839519549316,-0.4002939780468079
2020-07-07,59.33000183105469,59.68000030517578,58.52000045776367,58.56999969482422,55.43956756591797,1767200,O,1.0650600867671494,1.100907717872588,1.009505647433626,1.0770138498901505,-0.011953763123001115,-0.046607137699129275,-0.3925419284534173
2020-07-08,58.720001220703125,58.84999847412109,57.84999847412109,58.52999877929688,55.40171432495117,1998400,O,1.0757355786010918,1.0919824499059334,1.0110695784070578,1.077606770930481,-0.0018711923293892596,-0.05015660047203596,-0.3879781305239651
2020-07-09,58.470001220703125,58.5,56.33000183105469,57.119998931884766,54.06707382202149,2283700,O,1.0977203780698703,1.1214170190707788,1.0507181113524322,1.1044879116126745,-0.006767533542804127,-0.045963606589772166,-0.35809443576093414
2020-07-10,57.130001068115234,58.11000061035156,56.58000183105469,56.9900016784668,53.94402694702149,1783300,O,1.104099658986997,1.0945134194977575,1.0439573207266786,1.085711270031918,0.018388388955078883,-0.047602847697094,-0.35298842230868765
2020-07-13,57.36000061035156,57.619998931884766,56.33000183105469,56.83000183105469,53.792572021484375,2016500,O,1.1128608506956756,1.085670642631228,1.062021926900875,1.102834219482497,0.010026631213178705,-0.06588163022398597,-0.3601360286555362
2020-07-14,57.0,57.790000915527344,56.54999923706055,57.54999923706055,54.47408676147461,1556200,O,1.0715518952833163,1.0617185297955785,1.0506913313709223,1.0836330203006346,-0.012081125017318284,-0.0778212912254872,-0.34288881241544544
2020-07-15,58.91999816894531,59.04999923706055,57.630001068115234,58.630001068115234,55.496368408203125,1944000,O,1.0446218184717666,1.0442311129196786,1.0444269468601957,1.0561175899815567,-0.011495771509790087,-0.06318939024069836,-0.3129130675364278
2020-07-16,58.119998931884766,58.470001220703125,57.459999084472656,57.65999984741211,54.57821273803711,1636800,O,1.0790833327567066,1.0305738637431905,1.0715806860403438,1.0603047606893516,0.018778572067355004,-0.06678808918236823,-0.2881067738303573
2020-07-17,58.0,58.9900016784668,57.54999923706055,58.59000015258789,55.45850372314453,1313700,O,1.0551013013104726,1.0202576482754229,1.0596364837970045,1.0508986066031938,0.004202694707278853,-0.07789621549235304,-0.3051566632609566
2020-07-20,58.38999938964844,58.650001525878906,57.209999084472656,57.380001068115234,54.31317901611328,1424600,O,1.050583254213375,1.0519961055983498,1.0764529872929065,1.0499296408975316,0.0006536133158434598,-0.04262417943942798,-0.31113801593165635
2020-07-21,57.630001068115234,58.09999847412109,57.0099983215332,57.18999862670898,54.13333511352539,2202700,O,1.0709245451731195,1.0627423721501554,1.0905861143567748,1.035121986103813,0.03580255906930652,-0.03523211523115166,-0.256967469700661
2020-07-22,56.900001525878906,58.81999969482422,56.72999954223633,58.5,55.373313903808594,1908800,O,1.0488309896084138,1.0503554682758394,1.037102651445165,1.0249122036135947,0.023918785994819114,-0.04544053991854091,-0.3088118276305003
2020-07-23,58.16999816894531,58.709999084472656,56.63999938964844,57.34999847412109,54.28477478027344,1716800,O,1.0929681805775624,1.0551920153069183,1.077602444564563,1.0429196811196053,0.050048499457957085,-0.01771659953427518,-0.26961458800012217
2020-07-24,57.31999969482422,57.900001525878906,57.0,57.41999816894531,54.351036071777344,1424500,O,1.093908476243136,1.0345291953184623,1.0791512484946797,1.0525520783774,0.04135639786573586,-0.0365940465080008,-0.26764610941306133
2020-07-27,57.41999816894531,58.7400016784668,56.720001220703125,58.63999938964844,55.50583267211914,1947300,O,1.0559137366971258,0.997137147185314,1.059151971259311,1.0455465710339573,0.010367165663168532,-0.03593410879276282,-0.28721280482513034
2020-07-28,58.33000183105469,60.16999816894531,57.9900016784668,59.84999847412109,56.65114974975586,2000700,O,1.0483200892291094,0.9889769943744964,1.046149560436608,1.0599717275601679,-0.011651638331058534,-0.06336241634262496,-0.3212750764601655
2020-07-29,60.22999954223633,60.619998931884766,59.290000915527344,60.619998931884766,57.380008697509766,1695000,O,1.050570592331715,0.9692782624448828,1.0367586379977165,1.0491737417135036,0.001396850618211376,-0.054783304523237764,-0.31834946464570324
2020-07-30,59.61000061035156,60.72999954223633,59.09999847412109,60.54999923706055,57.31374740600586,1530200,O,1.0322075576119067,1.00025212228996,1.0332068617463996,1.0469317050835845,-0.014724147471677718,-0.04938361350691545,-0.3487530474524845
2020-07-31,59.61000061035156,60.15999984741211,58.970001220703125,60.04999923706055,57.06051635742188,3427000,O,1.0438084533889125,0.9981210813800068,1.0521065816503623,1.0584584032817186,-0.014649949892806102,-0.07853756489865327,-0.33508695407085787
2020-08-03,59.4900016784668,59.75,58.880001068115234,59.40999984741211,56.45237350463867,1823900,O,1.07346811543836,0.9961030231742068,1.0765311649014495,1.0645312650354448,0.008936850402915253,-0.07610184472743453,-0.299455656043464
2020-08-04,60.900001525878906,62.61000061035156,60.790000915527344,61.86000061035156,58.78041076660156,3413700,O,1.0423102652409657,0.9484752739514978,1.0410076441378286,1.02982774469698,0.012482520543985798,-0.1447680235640948,-0.3315396039832781
2020-08-05,62.27000045776367,62.5,61.29999923706055,62.34999847412109,59.24600982666016,2474800,O,1.0362117382631082,0.9408591959325698,1.0251128292820555,1.0154342721529666,0.02077746611014164,-0.1373337292702057,-0.33961598961736605
2020-08-06,62.0,62.77999877929688,61.52000045776367,62.13999938964844,59.04647064208984,1941000,O,1.0337371834984874,1.0028069580619223,1.016061578385441,0.9945470827091798,0.039190100789307625,-0.11175225469586936,-0.34737728150442737
2020-08-07,61.84999847412109,62.84999847412109,61.75,62.720001220703125,59.59759521484375,1610200,O,1.034259475936738,1.0430491235059354,1.0076444881289,1.000982312548244,0.03327716338849407,-0.06867467666821092,-0.3397593910589263
2020-08-10,62.79999923706055,63.25,62.43999862670898,62.459999084472656,59.350528717041016,1667400,O,1.024584621090171,1.0274700748181766,0.9980770497709112,0.9799638681285405,0.04462075296163048,-0.07526040913480725,-0.32298606909103056
2020-08-11,63.290000915527344,63.880001068115234,62.61000061035156,62.68000030517578,59.5595817565918,2634400,O,1.0145830572579448,0.9969115210110532,0.9973492919799142,0.9825449744444564,0.03203808281348841,-0.09178213420741155,-0.34469887422818324
2020-08-12,63.11000061035156,63.470001220703125,62.43999862670898,63.0,59.8636474609375,1362600,O,1.0435233241843953,1.0124008978330068,1.0086887722954387,0.9960166142981389,0.04750670988625638,-0.09291280191865758,-0.32148047517952816
2020-08-13,62.58000183105469,63.20000076293945,61.29999923706055,61.43000030517578,58.37181091308594,1488100,O,1.075258367958844,1.061659201323764,1.0391326652646549,1.000064240707307,0.07519412725153707,-0.06719484656555252,-0.2945208905857837
2020-08-14,61.29999923706055,61.869998931884766,60.790000915527344,61.0099983215332,57.97271728515625,1464100,O,1.0760800015792382,1.04160937541126,1.0461184955123313,1.0053594607430039,0.07072054083623436,-0.086952936920212,-0.31603046438907434
2020-08-17,61.09000015258789,62.11000061035156,60.75,61.97999954223633,58.894439697265625,1519600,O,1.037539193399705,0.9987039815985984,1.016868253696007,0.9999107443895321,0.037628449010172815,-0.11774132312372376,-0.3131555786849718
2020-08-18,61.7599983215332,62.09000015258789,61.02999877929688,61.58000183105469,58.51433944702149,1370500,O,1.0162445418377235,1.0038771295707207,1.0051995598461794,0.9949555639278014,0.021288977909922124,-0.12831562307701216,-0.32784999028614314
2020-08-19,61.56999969482422,61.619998931884766,59.90999984741211,60.04999923706055,57.06051635742188,1999500,O,1.0043627948842604,1.0173255617435186,1.03508720910021,0.9768858377185573,0.027476957165703086,-0.11705642131544747,-0.34204710743820854
2020-08-20,60.0,61.59000015258789,59.79999923706055,61.0099983215332,57.97271728515625,1466000,O,0.9974427526123232,1.0096083489063774,1.0164428973758324,0.9875636487882484,0.009879103824074753,-0.14926494026836012,-0.3552415434942793
2020-08-21,61.18999862670898,61.45000076293945,60.36000061035156,61.119998931884766,58.077247619628906,1837400,O,0.9693727954267704,1.0235147033728698,1.02150420746631,0.9669804572148069,0.002392338211963496,-0.15908163929845043,-0.3400132519871204
2020-08-24,61.0,62.45000076293945,60.43999862670898,62.43999862670898,59.3315315246582,1801200,O,0.9437361143749552,1.0190504908732203,0.9780291839632544,0.9519424952921356,-0.0082063809171804,-0.1395676415440561,-0.3346003204094903
2020-08-25,62.58000183105469,62.93000030517578,61.84999847412109,62.56999969482422,59.45505905151367,2020400,O,0.9613455515592508,0.9965622525189136,0.9843697337837352,0.9667641278619097,-0.005418576302658851,-0.1659589459377443,-0.3547661980458885
2020-08-26,62.29999923706055,62.36000061035156,61.2599983215332,61.68000030517578,58.609371185302734,1585600,O,1.0035314152899992,0.9873006512912084,1.0065673897486314,0.9868389913626016,0.01669242392739767,-0.1644654755829631,-0.3516776679698146
2020-08-27,61.540000915527344,62.68000030517578,61.540000915527344,62.5,59.3885383605957,1677500,O,0.9812115594273998,0.9808462027669088,0.9977990601315528,0.9747761958206699,0.006435363606729916,-0.17239089895165527,-0.3708251073263297
2020-08-28,62.650001525878906,63.540000915527344,61.91999816894531,63.43999862670898,60.2817497253418,2053400,O,0.9648303727151004,0.9728754926673308,0.9945106783427105,0.9723584880428094,-0.0075281153277090285,-0.17219342125750858,-0.3772038140690681
2020-08-31,63.02999877929688,63.060001373291016,61.77999877929688,62.02999877929688,59.15968322753906,2870600,O,1.0078903269953308,0.9963838849198458,1.019972974569323,0.9888494144827736,0.01904091251255713,-0.1685503634242399,-0.37645825477270756
2020-09-01,61.310001373291016,62.79999923706055,61.060001373291016,62.45000076293945,59.56024932861328,2280900,O,1.0265094731038709,0.9924368627333434,1.0313040842837051,0.9864785207473181,0.04003095235655274,-0.18398080173392917,-0.3609700519802457
2020-09-02,62.33000183105469,63.650001525878906,61.880001068115234,63.540000915527344,60.59982299804688,2990100,O,0.9992628674017427,0.9672914563121464,1.0295581359043375,0.9904882601530863,0.008774607248656419,-0.18877779042989262,-0.35300623677603604
2020-09-03,63.970001220703125,64.9000015258789,63.34999847412109,64.23999786376953,61.267425537109375,2903600,O,0.9830612728262595,0.9512391220211484,1.0189767838490624,1.0106128675925516,-0.027551594766292098,-0.2423774526893986,-0.3786654346513443
2020-09-04,64.41999816894531,65.29000091552734,63.2400016784668,64.37000274658203,61.39141082763672,2318400,O,0.9779569748822342,0.953876094471084,1.0156470451533206,1.0338377445022602,-0.05588076962002597,-0.2382279168006738,-0.3935569978842186
2020-09-08,64.19999694824219,64.83999633789062,63.34000015258789,64.0,61.03853225708008,1997000,O,0.9999232542449996,0.9473765357353672,1.0108045273745796,1.0699737825781188,-0.0700505283331192,-0.277290127657853,-0.4043438609557477
2020-09-09,64.4800033569336,65.66999816894531,64.22000122070312,64.62999725341797,61.63937759399414,1963900,O,0.9814781086213216,0.9464382998977684,0.97783189206996,1.0585994508262604,-0.07712134220493883,-0.256121361736399,-0.4236927574865854
2020-09-10,64.37999725341797,64.9800033569336,63.72999954223633,63.7599983215332,60.80963897705078,1476100,O,0.997074440423058,0.9618910672571316,1.0025706858629275,1.0798213250395274,-0.0827468846164694,-0.24935417874042176,-0.41804150898526005
2020-09-11,63.90999984741211,63.91999816894531,62.5099983215332,63.36000061035156,60.42814254760742,1999100,O,0.9770689434769227,0.9860073386097674,1.0168151064887514,1.0715698880496745,-0.09450094457275171,-0.24534327704817427,-0.3690919664553396
2020-09-14,63.93000030517578,65.58999633789062,63.720001220703125,65.5,62.46911239624024,1931100,O,0.9348782781627368,0.9476143086582768,0.9879690298605212,1.0477727369997762,-0.11289445883703941,-0.25779877991703637,-0.34586580747890705
2020-09-15,65.7699966430664,66.80000305175781,65.51000213623047,65.80999755859375,62.76477813720703,2421800,O,0.9214745757870252,0.9382309199126504,0.9938900203665988,1.0501396738132378,-0.12866509802621262,-0.2777326778947693,-0.3661049215804375
2020-09-16,66.05999755859375,66.55999755859375,65.36000061035156,65.41000366210938,62.38328170776367,2077300,O,0.9289513626001878,0.920613036931824,1.004818385506674,1.041938601672908,-0.11298723907272012,-0.2839228800665481,-0.361469699106598
2020-09-17,64.87999725341797,65.37999725341797,63.65999984741211,64.06999969482422,61.10528945922852,2832800,O,0.9204911731113966,0.943814997579344,1.0256740613988238,1.034780591985331,-0.1142894188739344,-0.2634227673432876,-0.32790527716533924
2020-09-18,63.09000015258789,63.900001525878906,62.27000045776367,62.34999847412109,59.46487808227539,3938300,O,0.9515190211466106,0.9886738573734596,1.0524912144387726,1.04985344404155,-0.09833442289493932,-0.23659266774837484,-0.32671810223872355
2020-09-21,61.54999923706055,61.650001525878906,59.54999923706055,60.09000015258789,57.3094596862793,3221800,O,0.9969951404252492,1.017944821957261,1.0854942888497896,1.0669078702205033,-0.06991272979525409,-0.24216403306046796,-0.3317899074370665
2020-09-22,60.459999084472656,61.63999938964844,60.29999923706055,60.630001068115234,57.824466705322266,2008300,O,0.99490392646634,1.0193912432478576,1.1031031966105516,1.0737440264587381,-0.07884009999239816,-0.23289771536138182,-0.323393644408823
2020-09-23,60.650001525878906,60.83000183105469,58.93000030517578,59.02999877929688,56.29850387573242,2350000,O,1.0330942929460445,1.0586763461817963,1.1354389711833637,1.1048641288809902,-0.07176983593494568,-0.2206699038192541,-0.33520107541774213
2020-09-24,58.97999954223633,59.43999862670898,58.36000061035156,58.709999084472656,55.993309020996094,2825600,O,1.0229947453078727,1.050660804956429,1.1395281200628682,1.0795772912172472,-0.056582545909374504,-0.21863657047255458,-0.336967551342207
2020-09-25,58.720001220703125,60.040000915527344,58.5099983215332,59.93000030517578,57.156856536865234,2299800,O,0.9837443312823648,1.0345056208143892,1.123529507164864,1.0516507496657936,-0.06790641838342881,-0.22531441405124109,-0.3214239920714741
2020-09-28,61.470001220703125,62.02000045776367,60.86000061035156,61.66999816894531,58.81634521484375,2256400,O,0.941012697076834,1.0238442474267029,1.0894976324317929,1.0001758008813186,-0.05916310380448464,-0.21223581575577244,-0.32844342233912815
2020-09-29,61.66999816894531,61.7400016784668,60.36000061035156,61.09999847412109,58.27272033691406,1779600,O,0.9614564668243536,0.994998639682364,1.0959627500778353,1.0177523484754358,-0.056295881651082236,-0.22730364053465224,-0.3381374461411526
2020-09-30,61.34999847412109,61.95000076293945,60.02000045776367,60.75,58.16166305541992,3002600,O,0.9562518024355516,1.0018947012313657,1.1061405884317104,1.0045339769584258,-0.0482821745228742,-0.23168857237063278,-0.3213524815557931
2020-10-01,60.84000015258789,62.31999969482422,60.5,62.27999877929688,59.62647247314453,2119700,O,0.9614554593191535,0.968997081516772,1.0843885522370624,1.0149206669190165,-0.05346520759986295,-0.28594712496130115,-0.33070689372195416
2020-10-02,61.13999938964844,64.0999984741211,60.869998931884766,63.86000061035156,61.13916015625,2569200,O,0.9315356008361751,0.9331402415284356,1.0473040189517062,1.0320563943288295,-0.1005207934926543,-0.33261786837576945,-0.36539065014000793
2020-10-05,63.83000183105469,64.33000183105469,62.220001220703125,63.25,60.555152893066406,1819900,O,0.92861428345545,0.9555759450730338,1.0826421790871583,1.0169315507029277,-0.08831726724747768,-0.2870570666238491,-0.31107902587295877
2020-10-06,63.619998931884766,63.900001525878906,62.63999938964844,62.90999984741211,60.22963333129883,1961700,O,0.925653422098157,0.9555941960766332,1.0901200639413784,1.0491302463111982,-0.12347682421304118,-0.29810582678557895,-0.320543196024482
2020-10-07,63.25,63.38999938964844,62.459999084472656,62.709999084472656,60.03815841674805,1674700,O,0.928445419341426,0.9326670666587964,1.0988182399206845,1.0272682070512942,-0.09882278770986819,-0.31132187996145033,-0.27757294890806206
2020-10-08,63.06999969482422,63.790000915527344,62.95000076293945,63.75,61.03384780883789,1866500,O,0.9701536726693578,0.9169757201670012,1.1009564767544704,1.0483293009850092,-0.07817562831565139,-0.3034353396124858,-0.23261541914805073
2020-10-09,64.5999984741211,64.61000061035156,62.959999084472656,63.18999862670898,60.49769973754883,1832300,O,1.0275302982027552,0.9259027729741942,1.122858541422472,1.0518465726367494,-0.0243162744339942,-0.30054833203667397,-0.23136681348759236
2020-10-12,63.02999877929688,63.54999923706055,62.58000183105469,63.33000183105469,60.63173675537109,1380300,O,1.0057586248507793,0.9369557385735694,1.1161753756673958,1.0451976788667212,-0.03943905401594194,-0.26872150203944223,-0.2223772660629939
2020-10-13,62.93999862670898,62.95000076293945,61.08000183105469,61.66999816894531,59.04246139526367,2234600,O,1.005642919292473,0.9538095213174476,1.1515296240179451,1.0383629693531184,-0.03272005006064549,-0.2712790509688989,-0.2195910881242371
2020-10-14,61.619998931884766,61.81999969482422,60.70000076293945,61.0,58.40101623535156,1724400,O,1.037756093023693,0.97821741253587,1.162835357656918,1.0653468080457866,-0.027590715022093537,-0.2582879976451804,-0.22191232948780204
2020-10-15,60.65999984741211,61.59999847412109,60.33000183105469,60.40999984741211,57.83614730834961,2486500,O,1.0714920173263691,0.9896138212575238,1.1664008050972077,1.0811920070010825,-0.009699989674713416,-0.23277980928788655,-0.2128673542920152
2020-10-16,60.619998931884766,60.84999847412109,59.90999984741211,60.52999877929688,57.95103454589844,2622900,O,1.0419991000239872,1.0001875388868366,1.1596932129749262,1.0838882900645634,-0.04188919004057623,-0.22586808716460194,-0.223033822888147
2020-10-19,61.20000076293945,61.290000915527344,58.709999084472656,58.75,56.24687957763672,2727300,O,1.0457133242119143,1.0397902797070857,1.2071953318807969,1.0856799388500433,-0.039966614638129005,-0.19907536987175223,-0.1954268177651448
2020-10-20,59.150001525878906,59.68999862670898,58.959999084472656,59.09999847412109,56.58196258544922,1718500,O,1.0381613581199602,1.038596952042599,1.2013492961662475,1.0883390164590112,-0.05017765833905097,-0.19008296738716157,-0.1791198335975237
2020-10-21,59.0099983215332,59.86000061035156,58.470001220703125,59.68000030517578,57.13725280761719,1885600,O,1.0159592735783527,1.023248072463772,1.1815877861861528,1.0914123806642604,-0.07545310708590769,-0.19616910139388555,-0.2101430917360092
2020-10-22,59.54999923706055,60.25,59.52000045776367,60.09000015258789,57.52978897094727,1089800,O,1.0173814371097472,1.0261998984290854,1.1808732114769696,1.094738791139384,-0.07735735402963684,-0.17767510944526732,-0.18322153775290007
2020-10-23,60.66999816894531,61.18000030517578,60.130001068115234,60.75,58.16166305541992,1486400,O,1.0220291812061222,0.9873825412149004,1.1347484257445088,1.1082827557993673,-0.08625357459324512,-0.19781430689236035,-0.22182624564453812
2020-10-26,60.41999816894531,60.43999862670898,59.27999877929688,59.83000183105469,57.280860900878906,2115000,O,1.0555327795978564,1.021238247572529,1.1592335131035678,1.131753622338089,-0.07622084274023266,-0.20847895710931508,-0.23418685314964582
2020-10-27,59.9900016784668,60.29999923706055,58.72999954223633,58.72999954223633,56.22773361206055,1494000,O,1.0537623298285057,1.0431327152275107,1.1905610694011837,1.148785200454681,-0.09502287062617532,-0.20775786114797978,-0.23854841324652032
2020-10-28,58.0,58.4900016784668,57.59000015258789,57.810001373291016,55.346927642822266,2523300,O,1.0454974251948723,1.0621928731158503,1.1995619230036256,1.1717206663972943,-0.126223241202422,-0.23636895940577984,-0.2597061045809208
2020-10-29,58.04999923706055,59.02000045776367,57.09000015258789,58.52000045776367,56.02668380737305,2473700,O,1.0397014133326488,1.057809803855217,1.1613216778117388,1.1675292886158795,-0.1278278752832307,-0.241216592374482,-0.26733237154707146
2020-10-30,58.09000015258789,58.810001373291016,57.34999847412109,57.86000061035156,55.61719512939453,2415900,O,1.054469518400704,1.069619198291544,1.144244118917559,1.1783167979264217,-0.12384727952571772,-0.2512487421379206,-0.2544077320263327
2020-11-02,58.38999938964844,59.97999954223633,58.33000183105469,59.63999938964844,57.32819747924805,2525200,O,1.0282157401899876,1.0329464329263245,1.1095788775840263,1.166155805005939,-0.13794006481595145,-0.2814926571621543,-0.28021361316496884
2020-11-03,59.209999084472656,59.84999847412109,58.54999923706055,59.25,56.95330429077149,2039200,O,1.0378640488622646,1.0540871255777051,1.1277564109820202,1.1598423641651217,-0.12197831530285708,-0.23122682400170902,-0.2571654244984467
2020-11-04,59.0,59.41999816894531,58.470001220703125,58.5,56.23237991333008,2468500,O,1.042418818666139,1.0807427945263617,1.1432636674587668,1.152631411002053,-0.11021259233591407,-0.20183706497083742,-0.24394389195712485
2020-11-05,58.880001068115234,59.060001373291016,57.970001220703125,58.0,55.751766204833984,2464600,O,1.0453475475968477,1.0975590747883457,1.1545298933129688,1.1314046287997348,-0.08605708120288713,-0.15562523607212175,-0.18768817015787698
2020-11-06,58.369998931884766,59.68000030517578,57.68999862670898,57.9900016784668,55.74215316772461,3926800,O,1.050547850531235,1.0895496730156042,1.1579032731698835,1.1315347385080599,-0.08098688797682496,-0.17650894567953856,-0.17921482136407874
2020-11-09,61.5,64.30000305175781,61.209999084472656,61.59999847412109,59.21221160888672,6547400,O,0.9765970847034744,1.0132175193011577,1.1107973224801808,1.0952501884521426,-0.11865310374866822,-0.2058119739122939,-0.18160005478569086
2020-11-10,61.790000915527344,64.76000213623047,61.380001068115234,64.66999816894531,62.1632194519043,3676900,O,0.938462779939389,0.966056598314342,1.0528474510016896,1.0839984978705262,-0.14553571793113718,-0.24397130513043586,-0.23456605356128346
2020-11-11,64.31999969482422,64.33000183105469,62.43999862670898,63.43999862670898,60.98089218139648,2367300,O,0.9591897796634822,0.9713928164258536,1.098407552965058,1.0757014096148305,-0.11651162995134834,-0.22500411550670885,-0.1974842791022713
2020-11-12,62.900001525878906,62.900001525878906,61.13999938964844,61.77000045776367,59.375633239746094,2053100,O,1.003485584228067,1.000439127204004,1.1396925634145298,1.1099785439559162,-0.10649295972784922,-0.2300660165243924,-0.17195897992873888
2020-11-13,61.93000030517578,63.20000076293945,61.93000030517578,63.04999923706055,60.60601043701172,1623400,O,0.9767451170108428,0.9963333442853384,1.121096947776938,1.0836109391783006,-0.10686582216745788,-0.20170332579686767,-0.17390654032409092
2020-11-16,64.9000015258789,65.08999633789062,63.47999954223633,64.47000122070312,61.970970153808594,2541200,O,0.950249050218654,0.978781763459478,1.0819690941106848,1.0745618956570646,-0.12431284543841059,-0.19594824452755688,-0.1948863020889804
2020-11-17,63.7599983215332,63.810001373291016,62.36000061035156,62.81999969482422,60.38492584228516,2491100,O,0.951079456100636,1.0043289933899555,1.1173300864093003,1.0716898328073001,-0.12061037670666408,-0.19081163744820784,-0.15708594864550252
2020-11-18,62.900001525878906,63.59999847412109,61.13999938964844,61.18999862670898,58.81811141967773,2796400,O,0.9805158178498156,1.018187843877756,1.163025692960192,1.0797196178315844,-0.09920379998176887,-0.15549253017758957,-0.13406747027679544
2020-11-19,61.04999923706055,61.47999954223633,60.08000183105469,61.11000061035156,58.741207122802734,3256900,O,1.0008539706876998,1.0013173228441057,1.1857066737322188,1.0747387601086344,-0.07388478942093468,-0.15781675391388705,-0.10261219780529252
2020-11-20,60.91999816894531,61.2400016784668,60.220001220703125,60.38999938964844,58.04912185668945,3238900,O,1.0049741644815886,1.0174591576429586,1.1927065039239404,1.0823666585670508,-0.07739249408546223,-0.1753316588358158,-0.09103440401330332
2020-11-23,60.7599983215332,62.04999923706055,60.59999847412109,60.88999938964844,58.52973937988281,2811400,O,1.0071077648629168,1.0067695047063132,1.1867886923344644,1.0655008807234643,-0.05839311586054752,-0.15503554239783646,-0.07912752038767534
2020-11-24,61.81999969482422,62.97999954223633,61.7400016784668,61.84000015258789,59.44291687011719,3471700,O,1.0026744567210977,0.9980356941625418,1.1673952569159811,1.0462667827802716,-0.04359232605917396,-0.132885268865223,-0.08112212108356132
2020-11-25,62.0,63.11000061035156,61.470001220703125,62.900001525878906,60.46182632446289,3173200,O,0.9730102232186656,0.9597455599331344,1.1495169152990543,1.0403610731589388,-0.06735084994027318,-0.15229940477235893,-0.11012539386457076
2020-11-27,63.0,63.0,61.5,61.63999938964844,59.25066757202149,1331100,O,0.9979480700971856,0.9877654218746892,1.181338363569324,1.0432249427155542,-0.04527687261836866,-0.1431263175652202,-0.06598492659710153
2020-11-30,61.79999923706055,61.83000183105469,59.93000030517578,59.970001220703125,57.86507034301758,5520500,O,1.0406757711674897,1.019514560668248,1.2116715025221536,1.057318771652863,-0.01664300048537326,-0.13305160172790664,-0.04626525049447894
2020-12-01,60.52000045776367,61.02999877929688,60.18000030517578,60.369998931884766,58.25102233886719,2673600,O,0.9953692680022392,1.017283909869683,1.1917897891809357,1.0299227666019029,-0.03455349859966361,-0.13678057664027077,-0.06283199930317429
2020-12-02,60.47999954223633,61.040000915527344,60.02999877929688,60.77999877929688,58.64663696289063,2003600,O,0.9936096091392508,1.0222383910772204,1.1874505979758894,1.0415781929012056,-0.047968583761954786,-0.14124408430253865,-0.057114039073259626
2020-12-03,60.83000183105469,61.68999862670898,60.68000030517578,61.09000015258789,58.94575500488281,1789800,O,0.9801872552625904,1.0236747000894886,1.164858173643805,1.0581536374396452,-0.07796638217705476,-0.14727131675300842,-0.06758858430519066
2020-12-04,61.56999969482422,61.88999938964844,60.88999938964844,61.2599983215332,59.10978698730469,1886100,O,0.965177064287206,1.0391634198706754,1.1422680047777145,1.055411022203609,-0.0902339579164031,-0.11977556640898701,-0.06252149553791209
2020-12-07,61.2400016784668,61.34999847412109,60.61000061035156,60.75,58.61769104003906,2337000,O,0.9871601291034992,1.0643722005253582,1.1481553500666004,1.0603009546150792,-0.07314082551158008,-0.10994908677608506,-0.048067413750944255
2020-12-08,60.66999816894531,61.119998931884766,60.38999938964844,60.400001525878906,58.279972076416016,2668500,O,0.987562038769465,1.071209920050374,1.1312823980240538,1.0554288643752259,-0.06786682560576085,-0.08372350822955177,-0.04073684728296301
2020-12-09,60.45000076293945,61.290000915527344,60.18999862670898,60.68999862670898,58.55979919433594,4580200,O,0.9562125189725816,1.0647578349434244,1.1464269010038368,1.0711936781318203,-0.11498115915923868,-0.1025400781810566,-0.05366406467513696
2020-12-10,60.40999984741211,60.619998931884766,59.84000015258789,59.93000030517578,57.826473236083984,3454800,O,0.9678362420717174,1.0669511954821411,1.1510715546410044,1.062316503263218,-0.09448026119150066,-0.07599089065522735,-0.04805127251463448
2020-12-11,60.0,60.59999847412109,59.880001068115234,60.459999084472656,58.337867736816406,3059300,O,0.9601822987130908,1.0331702469940016,1.1399665806181447,1.073775639924845,-0.11359334121175424,-0.11705435145183829,-0.06513349878338004
2020-12-14,60.900001525878906,61.900001525878906,60.41999816894531,60.619998931884766,58.49224853515625,3341000,O,0.971227044870437,1.042291294711568,1.129875111782181,1.0697624410001334,-0.09853539612969642,-0.11369892671861859,-0.09158291014641962
2020-12-15,60.869998931884766,61.75,60.36000061035156,61.75,59.58259201049805,2408400,O,0.9451630071900522,1.0312449681382916,1.1279060752013272,1.0593177594136232,-0.11415475222357097,-0.07984618082873407,-0.08316331843088065
2020-12-16,61.77999877929688,62.09999847412109,61.27999877929688,61.34999847412109,59.196624755859375,2288800,O,0.9650700732824506,1.0425855971501556,1.130261295885305,1.0685424132795076,-0.10347233999705696,-0.05788222083343486,-0.07742170187639807
2020-12-17,61.66999816894531,61.77000045776367,60.91999816894531,61.02999877929688,58.88785552978516,2823100,O,0.9719398037118115,1.0593234557427826,1.1381976068299882,1.0520021356846316,-0.08006233197282009,-0.04912364266693303,-0.055168004364567036
2020-12-18,60.869998931884766,61.540000915527344,59.27000045776367,59.52000045776367,57.43086242675781,5574300,O,1.009246599636696,1.0914666045307002,1.1502774199085015,1.0541479277304717,-0.04490132809377578,-0.0371984670748986,-0.04625461279660814
2020-12-21,59.27999877929688,59.77999877929688,58.709999084472656,59.77000045776367,57.67208862304688,2878500,O,1.0140946867894416,1.08673210748868,1.150786803252621,1.057296658195766,-0.04320197140632431,-0.03365748830368598,-0.05734667562555695
2020-12-22,59.88999938964844,60.93000030517578,59.52000045776367,60.93000030517578,58.7913703918457,2284000,O,0.999565982050772,1.0645484419248752,1.1361174112960812,1.051384072668894,-0.05181809061812215,-0.060846445138578176,-0.06942135615388967
2020-12-23,60.970001220703125,61.43000030517578,60.400001525878906,60.459999084472656,58.337867736816406,2072100,O,1.0021892480717551,1.066358672332207,1.1580141453673798,1.0287074732832335,-0.026518225211478397,-0.051236406298015735,-0.02831553616202709
2020-12-24,60.65999984741211,61.119998931884766,60.290000915527344,61.09000015258789,58.94575500488281,772700,O,1.001549027470128,1.0821195531324963,1.1450644552297669,1.0314131762138377,-0.029864148743709684,-0.05119566948258081,-0.040271538976277554
2020-12-28,61.04999923706055,61.880001068115234,60.959999084472656,61.77000045776367,59.60189437866211,1900000,O,0.9635232448166088,1.072508113814404,1.1276426899442848,1.0230201952264786,-0.0594969504098698,-0.07005180777639475,-0.04728138270851878
2020-12-29,61.77000045776367,62.25,60.84000015258789,60.970001220703125,58.82997512817383,1574300,O,0.9943469443665433,1.0845823073319316,1.1587591043271186,1.0446043805401628,-0.05025743617361955,-0.07035654033111571,-0.04709872464472231
2020-12-30,61.02000045776367,61.9900016784668,60.90999984741211,61.27999877929688,59.12908935546875,1405900,O,0.9919481100280664,1.086054521656821,1.160095626314165,1.043669894425415,-0.05172178439734865,-0.053179790331502996,-0.03782483442498674
2020-12-31,60.93999862670898,62.20000076293945,60.45000076293945,62.16999816894531,60.21877670288086,2289700,O,0.9762588234086792,1.064124387249429,1.125295839836726,1.045383884821216,-0.06912506141253683,-0.0749072592020621,-0.053231335052909445
2021-01-04,62.18000030517578,62.2599983215332,59.81999969482422,59.86000061035156,57.98127746582031,3842300,O,1.0221502181264,1.1014716064613943,1.175549579313559,1.0757807590012936,-0.053630540874893606,-0.06215311682700819,-0.015710524039022955
2021-01-05,60.0,60.75,59.93999862670898,60.15999984741211,58.2718620300293,2714900,O,1.0208910028457767,1.1040487459133408,1.176821836156034,1.0714255300260027,-0.050534527180226,-0.04562662843555576,0.004043890031181885
2021-01-06,60.59999847412109,60.66999816894531,59.34999847412109,59.650001525878906,57.77787780761719,4142100,O,1.0249070983441044,1.1190834037803996,1.1916801948802216,1.0611421164765942,-0.03623501813248975,-0.002992311531177627,0.056343747769204144
2021-01-07,59.77000045776367,59.77999877929688,58.560001373291016,58.900001525878906,57.05141067504883,4169500,O,1.052274502973284,1.122343643905311,1.1919336359384407,1.0481129547606707,0.004161548212613386,0.011078879344726067,0.08827426951898665
2021-01-08,59.0,59.86000061035156,58.86000061035156,59.7400016784668,57.865047454833984,3198200,O,1.050249538943798,1.1329734540402367,1.20168805077469,1.0484575021625253,0.00179203678127271,0.014371573604670562,0.07236659808283363
2021-01-11,59.58000183105469,59.83000183105469,59.2599983215332,59.41999816894531,57.55508804321289,2540800,O,1.0631702428749843,1.1407771922611771,1.2069559080526475,1.0505801982022727,0.012590044672711631,0.019239832416078073,0.06688694219387847
2021-01-12,57.040000915527344,57.95000076293945,57.0,57.810001373291016,55.99561309814453,11817100,O,1.0846179083820506,1.1781462852088376,1.2357968716214291,1.0463067685815588,0.038311139800491834,0.07366181675297212,0.11256081579228039
2021-01-13,58.2400016784668,58.86000061035156,57.52000045776367,57.77999877929688,55.966556549072266,4278400,O,1.0719767993245588,1.2006386347437448,1.2465193772575118,1.0474268478686666,0.024549951455892227,0.10645359746778116,0.11269694436062672
2021-01-14,58.150001525878906,58.220001220703125,57.66999816894531,57.83000183105469,56.01498794555664,2916500,O,1.0720914263579395,1.2127175489664153,1.2486224966192778,1.0370807891473377,0.035010637210601825,0.11071873734036375,0.1207630573133911
2021-01-15,58.04999923706055,58.91999816894531,57.38999938964844,58.650001525878906,56.80925369262695,3256900,O,1.0427244991591238,1.191278658868851,1.2377862109741304,1.0379703062726533,0.0047541928864704985,0.08481349354361023,0.10485321510128243
2021-01-19,59.0,59.0,57.77999877929688,58.13999938964844,56.31526184082031,3300600,O,1.0548065436232974,1.2072951656295037,1.2361643947709322,1.0431767404393268,0.011629803183970555,0.09320750218555451,0.10676168027151234
2021-01-20,58.20000076293945,59.18000030517578,58.02000045776367,58.97999954223633,57.12889099121094,2543300,O,1.056974641285962,1.188728949981023,1.2166532362855866,1.0311275448261352,0.025847096459826746,0.07655558172551236,0.08810605209407418
2021-01-21,58.4900016784668,59.470001220703125,58.18000030517578,59.09000015258789,57.235450744628906,2550800,O,1.0597637418996222,1.1786423956923286,1.2196977725169338,1.0380301751047352,0.021733566794887027,0.057766211493273545,0.0884998881855461
2021-01-22,58.90999984741211,59.95000076293945,58.75,59.84000015258789,57.9619026184082,2814100,O,1.0463136827369883,1.159475766180423,1.198242506350216,1.0546006276654674,-0.008286944928479034,0.03877873530573561,0.0688606665751661
2021-01-25,60.0,61.290000915527344,59.630001068115234,60.380001068115234,58.48495864868164,3616200,O,1.0239878326170837,1.160998862406052,1.1956773125831746,1.0270231116838735,-0.0030352790667897978,0.03549387131187398,0.05841175504303897
2021-01-26,60.45000076293945,61.18000030517578,60.27999877929688,60.66999816894531,58.76585388183594,2442600,O,1.000897364226274,1.156704045591088,1.1855679632662293,1.0299643010441049,-0.029066936817830902,0.03486701196726427,0.05019168876287616
2021-01-27,60.25,61.16999816894531,60.11000061035156,60.36000061035156,58.46558380126953,3436600,O,1.010211594345496,1.154742254574818,1.202528682204734,1.0834518832758422,-0.07324028893034629,-0.00019835970748371956,0.027270970800811423
2021-01-28,60.25,61.75,60.15999984741211,60.95000076293945,59.03706359863281,3030400,O,0.9981180149250992,1.150724350377211,1.188028310803703,1.0617555757592423,-0.06363756083414307,0.014449121561070033,0.023749616000431795
2021-01-29,60.13999938964844,60.900001525878906,58.900001525878906,59.060001373291016,57.42781066894531,4716200,O,1.0330561466727637,1.149249027988975,1.2213194639478433,1.0699322973380807,-0.03687615066531702,-0.007255192482015227,0.03876581674440427
2021-02-01,59.45000076293945,60.22999954223633,58.84000015258789,60.15999984741211,58.497406005859375,2433700,O,0.991975086118164,1.1351254380249192,1.1899898687581612,1.0315574884075709,-0.039582402289406904,-0.0037166676353952433,0.0233142379973148
2021-02-02,60.15999984741211,60.790000915527344,59.79999923706055,60.31999969482422,58.65298843383789,2283300,O,0.997830838860894,1.1413323079810782,1.2007184923523606,1.0393553331681484,-0.04152449430725447,0.004447132015884758,0.041552936544801744
2021-02-03,60.060001373291016,60.61000061035156,59.650001525878906,60.459999084472656,58.78911209106445,2300100,O,1.0034899264580923,1.1293259005634404,1.1982759566038053,1.0396059646408131,-0.0361160381827208,0.0069599520964294115,0.0436806512612371
2021-02-04,60.58000183105469,61.43999862670898,60.459999084472656,60.95000076293945,59.26557540893555,1897200,O,0.9998692723373892,1.097854901305764,1.205735668151272,1.0350444874140108,-0.03517521507662158,-0.0007020357658380494,0.06597676816364695
2021-02-05,61.13999938964844,61.43000030517578,60.9900016784668,61.18000030517578,59.489219665527344,1577300,O,1.0077597949360113,1.069767746077492,1.2107188435691978,1.0366248108476028,-0.02886501591159152,0.00847455149140286,0.08346862959533508
2021-02-08,61.209999084472656,61.29999923706055,60.77999877929688,60.900001525878906,59.21695709228516,1911600,O,1.0189864700770517,1.074188207844044,1.2127633368269903,1.0368884708904245,-0.017902000813372787,0.01207945977049163,0.1092987415110076
2021-02-09,60.97999954223633,61.790000915527344,60.900001525878906,61.7400016784668,60.03374481201172,2135600,O,1.0231700285547514,1.069889180520955,1.1863370045253734,1.0434986931592627,-0.020328664604511326,-0.01103009652238729,0.09399219591212393
2021-02-10,62.119998931884766,63.4900016784668,61.95000076293945,62.5,60.77273941040039,3455900,O,1.026628738597303,1.0578499095705791,1.1691331147560742,1.0526013459758607,-0.025972607378557777,-0.02027652644389044,0.08606411527253544
2021-02-11,62.650001525878906,63.02999877929688,62.38999938964844,62.93000030517578,61.19085693359375,2122900,O,1.0202518375623784,1.0519068356622256,1.1671498507307858,1.0387619607072216,-0.018510123144843238,-0.01651479834057734,0.07650609255911811
2021-02-12,62.619998931884766,63.119998931884766,62.09999847412109,62.459999084472656,60.73384475708008,1808700,O,1.0266434679753105,1.062735643768396,1.1633405487452335,1.037978242018038,-0.011334774042727425,0.007785660814462858,0.06921289023003263
2021-02-16,62.650001525878906,62.810001373291016,61.27999877929688,61.70000076293945,59.994850158691406,2697800,O,1.02838867980434,1.09630686532772,1.1727038796893807,1.023482203476065,0.004906476328275122,0.03215136095080706,0.06766350296796508
2021-02-17,61.61000061035156,61.95000076293945,61.09000015258789,61.7599983215332,60.05318832397461,1871100,O,1.0036594375903878,1.0898403394157108,1.1730531133296231,1.0274034553097127,-0.023744017719324884,0.02028422048886469,0.058103825199178116
2021-02-18,61.619998931884766,61.7400016784668,60.84000015258789,60.91999816894531,59.23640060424805,3205800,O,1.029197602055631,1.1307552767443174,1.1900663471803108,1.0353108010217529,-0.0061131989661218356,0.04577924250593379,0.07438986683322057
2021-02-19,61.220001220703125,62.09999847412109,61.02999877929688,61.09000015258789,59.40170669555664,2769800,O,1.0343852326394358,1.1391923130792645,1.196284617302777,1.0023245570248156,0.032060675614620227,0.07209602787442293,0.07838469026888939
2021-02-22,61.2599983215332,62.38999938964844,61.09999847412109,62.09999847412109,60.3837890625,3552800,O,1.02208803602041,1.1252227522116025,1.1852165055471997,0.9953240943772406,0.02676394164316953,0.0477419822261802,0.06516282867597578
2021-02-23,62.540000915527344,62.81999969482422,61.5099983215332,62.380001068115234,60.65605545043945,3904700,O,1.0284428513829742,1.1054242472668203,1.1863935377115145,1.0085864922223067,0.019856359160667525,0.022436068829015277,0.06817896458224637
2021-02-24,62.33000183105469,62.63999938964844,61.93000030517578,62.369998931884766,60.646331787109375,3595000,O,1.0335970298788433,1.1125140205680286,1.189705519008846,1.0099883968047432,0.023608633074100105,0.046880298764971906,0.08618900291667742
2021-02-25,62.52999877929688,63.790000915527344,61.06999969482422,61.59000015258789,59.88788604736328,3234500,O,1.04652400592385,1.1422506170676945,1.2092647737949265,1.0266826115313998,0.01984139439245025,0.042158573129561505,0.06784757923627183
2021-02-26,61.36000061035156,61.93000030517578,60.20000076293945,60.2599983215332,58.81858825683594,3298900,O,1.064055830037603,1.184146770141138,1.2248113035007595,1.0374166001615297,0.026639229876073367,0.07868469295500091,0.0814411058274418
2021-03-01,61.16999816894531,61.75,60.45000076293945,60.5099983215332,59.0626106262207,2930500,O,1.0532736451528586,1.1722401778632168,1.2013617079322756,1.0135972394008281,0.039676405752030464,0.09807680456050538,0.09540122106522109
2021-03-02,60.5,60.720001220703125,59.709999084472656,60.369998931884766,58.92595672607422,3408800,O,1.0824831298278523,1.1788087410143246,1.2124335942714373,1.0361647740865512,0.046318355741301165,0.09040214778382216,0.09956489326218998
2021-03-03,60.369998931884766,61.5,60.29999923706055,60.77999877929688,59.32615280151367,3120500,O,1.077493016169308,1.16969289149077,1.170159584027644,1.054357280092723,0.023135736076584923,0.06922524664856566,0.0474529577172369
2021-03-04,60.59999847412109,60.93000030517578,58.70000076293945,59.45000076293945,58.02796936035156,4326900,O,1.09957234189193,1.1977309021144535,1.1662878350615224,1.0789141676317748,0.02065817426015526,0.06953206558169867,0.030531165594675835
2021-03-05,59.66999816894531,60.060001373291016,58.27000045776367,59.959999084472656,58.525760650634766,3786200,O,1.097250409769096,1.1959705588066152,1.1667534535678998,1.0513678997204563,0.045882510048639746,0.0963654072506801,0.04911627670492158
2021-03-08,60.09000015258789,61.15999984741211,59.68999862670898,60.43999862670898,58.99428176879883,3655100,O,1.086211526584842,1.1884788597113856,1.1520824737308388,1.053835017954231,0.03237650863061092,0.08994157421611293,0.04457817777275297
2021-03-09,60.47999954223633,61.61000061035156,60.0099983215332,60.709999084472656,59.25782775878906,3203000,O,1.0777433674235313,1.1715409804659225,1.1511624373860732,1.047243962582535,0.030499404840996336,0.07846133845310077,0.0459666882305525
2021-03-10,60.709999084472656,61.81999969482422,60.68000030517578,61.41999816894531,59.95084381103516,3334400,O,1.073128785294043,1.1616180808124126,1.13669188255301,1.039672854637922,0.03345593065612107,0.08287002204138916,0.041388643605590136
2021-03-11,61.68000030517578,62.5,60.650001525878906,61.81999969482422,60.34127807617188,3134600,O,1.0715428347164742,1.1379182991842762,1.1176127050372155,1.0256622421362138,0.04588059258026034,0.0771235036103648,0.045287210526511634
2021-03-12,61.84000015258789,62.97999954223633,61.43999862670898,62.93000030517578,61.42472839355469,2719700,O,1.042435022857854,1.0992188359746826,1.0967638803427424,1.0207674438038497,0.021667579054004404,0.05039418820843222,0.04674937598976081
2021-03-15,63.22999954223633,64.27999877929688,62.720001220703125,63.91999816894531,62.39104080200195,3166900,O,1.0507848857844642,1.078716025747279,1.074027798829221,1.017237660715961,0.03354722506850316,0.05146596723487451,0.03748560050764849
2021-03-16,64.0,64.45999908447266,63.290000915527344,63.959999084472656,62.430084228515625,2806700,O,1.0516969911165273,1.0560790904278174,1.08149607299963,1.0317473901389642,0.019949600977563042,0.03330877906271201,0.02254877337157013
2021-03-17,63.79999923706055,64.19999694824219,63.45000076293945,63.880001068115234,62.35200500488281,2788000,O,1.0580417350557387,1.0767020099596187,1.083169962271502,1.0204048792069982,0.03763685584874055,0.04036607382926172,0.015155098731689742
2021-03-18,63.52999877929688,63.880001068115234,62.91999816894531,63.209999084472656,61.69802474975586,2622900,O,1.0891047212439748,1.0788418059936191,1.0733331325967537,1.026141003020234,0.0629637182237408,0.022880847797951853,-0.009587876343619683
2021-03-19,63.130001068115234,63.380001068115234,61.52999877929688,61.75,60.27294921875,11033000,O,1.1270455447630003,1.1033676046468297,1.0858157926182164,1.039291194415156,0.0877543503478444,0.048954482402856714,0.0023277726156325507
2021-03-22,61.790000915527344,62.75,61.43000030517578,62.459999084472656,60.96596145629883,3472300,O,1.1100563319878705,1.0840300763471789,1.0623592584117707,1.0344112053404404,0.07564512664743006,0.022825116105683385,-0.0011729711315495717
2021-03-23,62.43999862670898,63.34000015258789,62.29999923706055,62.95000076293945,61.44424819946289,3264600,O,1.1065176214846475,1.0937324399628714,1.0711173937237295,1.0693935085724937,0.037124112912153784,0.0016070933233585105,-0.014184336563600963
2021-03-24,62.95000076293945,64.2300033569336,62.880001068115234,63.22999954223633,61.71754837036133,2926100,O,1.1003477680940312,1.0840944848795204,1.050916673182361,1.0856410250000772,0.014706743093954033,-0.012209257831204301,-0.030296493714909722
2021-03-25,63.04999923706055,64.04000091552734,62.40999984741211,63.90999984741211,62.38128662109375,2072700,O,1.0814161175279218,1.0744570986884268,1.0556050065798808,1.0730788964453475,0.008337221082574287,-0.006503433128858038,-0.024082517662599834
2021-03-26,64.08999633789062,64.58999633789062,63.40999984741211,64.22000122070312,62.683868408203125,1952400,O,1.0721326420077653,1.053882377283626,1.0608790058543591,1.054404908622988,0.017727733384777178,-0.008975650306805694,0.00945454161725423
2021-03-29,64.19999694824219,64.5999984741211,63.45000076293945,64.20999908447266,62.674110412597656,2206100,O,1.0833974349532387,1.058942489434645,1.057055290675232,1.0689163053254425,0.014481129627796241,-0.021597847201860754,-0.01384623642723315
2021-03-30,63.95000076293945,64.38999938964844,63.72999954223633,64.12000274658203,62.58626174926758,2273300,O,1.0860961979172667,1.067229415358307,1.082505938306706,1.0517320513246777,0.03436414659258902,-0.00784066650880999,0.01635363732643702
2021-03-31,63.810001373291016,64.2699966430664,63.41999816894531,63.5,62.20909118652344,2487800,O,1.0852542412375965,1.0859518241031558,1.0901943494316195,1.0518071453770457,0.033447095860550835,0.021833479587223925,0.015524551462945846
2021-04-01,63.93000030517578,65.1500015258789,63.63999938964844,65.11000061035156,63.786354064941406,2560400,O,1.065045771209141,1.0581681588832388,1.0535168208520795,1.0320601759921184,0.0329855952170226,0.009157525343802986,-0.0018602548561246213
2021-04-05,65.2300033569336,65.44999694824219,64.5199966430664,65.25,63.92351531982422,2467500,O,1.0324659909676852,1.05140714127914,1.0600168310082982,1.0244191200348804,0.008046870932804762,0.020207676403134478,0.017154673860074743
2021-04-06,65.13999938964844,65.44000244140625,64.62999725341797,65.12999725341797,63.80595016479492,3095300,O,1.040684974429862,1.0683920404138454,1.0751348157490694,1.0223156584391035,0.018369315990758528,0.02262624856712603,0.031118182382084747
2021-04-07,65.0999984741211,65.68000030517578,64.94999694824219,65.55000305175781,64.21741485595703,2161400,O,1.0424360869919052,1.0681743901258212,1.0707376229713186,1.0394801739198338,0.0029559130720713256,0.015475080093811933,0.015832345004215043
2021-04-08,65.54000091552734,65.80000305175781,65.31999969482422,65.41000366210938,64.08026885986328,1756000,O,1.036076597942477,1.0574852463868576,1.086449916413952,1.0265241325526298,0.009552465389847331,0.022031364259341712,0.01836720928165203
2021-04-09,65.5,65.66000366210938,64.97000122070312,65.19000244140625,63.86473083496094,2210500,O,1.0187939664154704,1.0672536381488298,1.0907429304309535,1.0133233400901354,0.005470626325335015,0.04246066079137578,0.025581451276777356
2021-04-12,65.37999725341797,65.73999786376953,64.70999908447266,65.66999816894531,64.33497619628906,2020400,O,0.989192072494632,1.0659147438118692,1.0934953680480104,0.984967369755618,0.004224702739013986,0.04615820919393032,0.027950175276013844
2021-04-13,65.30999755859375,66.04000091552734,65.22000122070312,66.0,64.65826416015625,2061800,O,0.9837900512667542,1.064871653761088,1.083233548337158,0.997144067833035,-0.013354016566280769,0.0540169900882832,0.013491180106452338
2021-04-14,65.9800033569336,66.05000305175781,65.2699966430664,65.36000061035156,64.03128814697266,1762600,O,1.003094829095111,1.0620041752907197,1.1144551777024558,1.014155644047748,-0.011060814952637,0.06838548998776117,0.03948020929298046
2021-04-15,65.91000366210938,66.94999694824219,65.70999908447266,66.91999816894531,65.55956268310547,2613800,O,0.9806111306812516,1.060649785296746,1.0855776831971706,1.005262083611982,-0.024650952930730496,0.052061027632692713,0.01662880798244637
2021-04-16,67.16999816894531,67.37999725341797,66.81999969482422,67.0199966430664,65.65753173828125,2437900,O,0.9803457270530884,1.0580119555689005,1.0927916127886752,0.9951551066507538,-0.014809379597665373,0.04214789134508923,0.026272531957588052
